project_name,month,actual_hours,actual_revenue,actual_cost
Project 0001,2024-09-01,77.61,6307.18,4249.49
Project 0001,2024-10-01,79.53,6842.82,4646.08
Project 0001,2024-11-01,77.01,5354.57,3243.73
Project 0001,2024-12-01,65.35,5599.52,3755.26
Project 0001,2025-01-01,70.79,6514.1,4196.32
Project 0001,2025-02-01,68.72,6441.36,4382.82
Project 0001,2025-03-01,89.8,7110.76,4767.72
Project 0001,2025-04-01,63.99,6486.36,3940.89
Project 0001,2025-05-01,95.89,5516.27,3182.98
Project 0001,2025-06-01,93.27,5651.93,4175.56
Project 0001,2025-07-01,62.02,7075.77,3893.58
Project 0001,2025-08-01,66.9,6176.72,3419.91
Project 0001,2025-09-01,95.15,6376.05,3919.77
Project 0001,2025-10-01,84.88,6833.02,4101.29
Project 0001,2025-11-01,69.34,6808.17,3910.62
Project 0001,2025-12-01,65.84,6926.33,5190.47
Project 0001,2026-01-01,82.83,5725.38,3620.01
Project 0001,2026-02-01,62.82,5593.06,3772.78
Project 0001,2026-03-01,91.58,7170.67,4636.14
Project 0001,2026-04-01,85.61,7102.72,4935.33
Project 0001,2026-05-01,84.21,6442.21,4581.09
Project 0001,2026-06-01,90.31,6222.59,4159.2
Project 0001,2026-07-01,62.71,5684.68,3539.0
Project 0001,2026-08-01,91.51,6567.65,3779.66
Project 0002,2024-09-01,402.93,31227.59,18116.29
Project 0002,2024-10-01,422.73,31747.6,22076.26
Project 0002,2024-11-01,423.19,31071.38,20851.89
Project 0002,2024-12-01,399.0,26245.62,17660.6
Project 0002,2025-01-01,308.96,29011.33,20344.69
Project 0002,2025-02-01,412.38,23956.42,14737.14
Project 0002,2025-03-01,338.06,24423.0,13640.1
Project 0002,2025-04-01,409.05,30057.99,21565.18
Project 0002,2025-05-01,289.32,24418.9,17403.03
Project 0002,2025-06-01,340.89,32482.88,21107.18
Project 0002,2025-07-01,407.75,26350.61,17891.55
Project 0002,2025-08-01,315.92,26046.93,18968.41
Project 0002,2025-09-01,319.61,23267.97,15377.13
Project 0002,2025-10-01,284.05,24629.87,17562.46
Project 0002,2025-11-01,396.85,32180.81,23484.19
Project 0002,2025-12-01,395.1,28727.15,18006.42
Project 0002,2026-01-01,422.33,29872.21,17778.32
Project 0002,2026-02-01,343.87,27075.54,15638.92
Project 0002,2026-03-01,397.79,23950.06,17851.39
Project 0002,2026-04-01,283.37,27225.56,15332.41
Project 0002,2026-05-01,341.37,32149.58,19740.02
Project 0002,2026-06-01,318.93,27951.49,18107.18
Project 0002,2026-07-01,361.18,31828.17,21927.41
Project 0002,2026-08-01,383.73,26820.24,18326.9
Project 0003,2024-09-01,75.02,6118.12,3679.12
Project 0003,2024-10-01,70.28,7859.32,5886.13
Project 0003,2024-11-01,81.73,6049.29,4142.19
Project 0003,2024-12-01,66.46,7766.23,5035.71
Project 0003,2025-01-01,64.04,7840.02,4666.43
Project 0003,2025-02-01,73.44,7215.67,4375.96
Project 0003,2025-03-01,65.5,6572.19,4628.81
Project 0003,2025-04-01,83.41,7472.19,5567.49
Project 0003,2025-05-01,58.68,7020.1,3928.58
Project 0003,2025-06-01,86.65,6566.06,4298.42
Project 0003,2025-07-01,69.42,6505.32,4356.74
Project 0003,2025-08-01,61.5,7474.86,5571.81
Project 0003,2025-09-01,60.91,7199.7,5246.61
Project 0003,2025-10-01,85.84,6003.85,4498.77
Project 0003,2025-11-01,81.41,7595.64,4690.01
Project 0003,2025-12-01,73.63,8209.02,5717.4
Project 0003,2026-01-01,88.02,8164.58,5851.07
Project 0003,2026-02-01,87.74,6584.76,4448.82
Project 0003,2026-03-01,78.36,8181.21,5002.38
Project 0003,2026-04-01,74.31,6755.2,4782.7
Project 0003,2026-05-01,75.25,6622.83,4100.36
Project 0003,2026-06-01,71.6,7889.01,4460.01
Project 0003,2026-07-01,58.5,6236.38,4052.77
Project 0003,2026-08-01,60.21,6084.48,4491.62
Project 0004,2024-09-01,263.15,112283.98,83894.22
Project 0004,2024-10-01,282.5,81266.63,54715.66
Project 0004,2024-11-01,256.56,97522.67,62519.51
Project 0004,2024-12-01,296.42,96012.36,55405.96
Project 0004,2025-01-01,230.7,88286.32,53191.99
Project 0004,2025-02-01,222.41,99933.59,72315.33
Project 0004,2025-03-01,228.55,91831.57,62916.04
Project 0004,2025-04-01,283.21,82614.02,56973.9
Project 0004,2025-05-01,214.14,88900.55,55360.96
Project 0004,2025-06-01,223.04,84765.15,50931.33
Project 0004,2025-07-01,272.46,91764.25,62920.76
Project 0004,2025-08-01,226.85,102333.75,59805.6
Project 0004,2025-09-01,275.85,112501.35,81449.58
Project 0004,2025-10-01,282.55,94468.94,61851.9
Project 0004,2025-11-01,265.28,92605.24,60239.54
Project 0004,2025-12-01,246.77,88397.66,62610.47
Project 0004,2026-01-01,252.12,113817.42,69587.34
Project 0004,2026-02-01,290.2,88199.5,54209.17
Project 0004,2026-03-01,248.04,116375.73,73180.23
Project 0004,2026-04-01,304.93,102709.28,66134.89
Project 0004,2026-05-01,328.1,96285.95,53159.35
Project 0004,2026-06-01,226.95,113080.69,79968.97
Project 0004,2026-07-01,249.98,103228.24,74817.25
Project 0004,2026-08-01,236.21,81718.87,54210.54
Project 0005,2024-09-01,217.0,36064.7,20009.49
Project 0005,2024-10-01,172.57,32849.92,19311.05
Project 0005,2024-11-01,230.03,37538.73,27444.86
Project 0005,2024-12-01,178.98,42681.12,27240.38
Project 0005,2025-01-01,185.2,33984.3,22113.91
Project 0005,2025-02-01,180.94,32188.73,23725.53
Project 0005,2025-03-01,201.83,37631.51,20806.97
Project 0005,2025-04-01,240.52,34640.55,20192.86
Project 0005,2025-05-01,162.2,36934.2,23847.2
Project 0005,2025-06-01,236.23,31544.8,22553.61
Project 0005,2025-07-01,186.93,42029.77,30154.15
Project 0005,2025-08-01,195.25,38682.88,26113.5
Project 0005,2025-09-01,174.03,31426.1,21949.83
Project 0005,2025-10-01,215.86,34596.26,21692.57
Project 0005,2025-11-01,248.44,42946.87,31210.05
Project 0005,2025-12-01,178.73,34958.08,22544.01
Project 0005,2026-01-01,163.26,31357.63,20716.67
Project 0005,2026-02-01,252.32,38374.52,22655.1
Project 0005,2026-03-01,171.32,34786.93,25516.51
Project 0005,2026-04-01,236.48,41893.97,30605.75
Project 0005,2026-05-01,202.36,38435.38,23679.21
Project 0005,2026-06-01,202.65,39314.89,25173.84
Project 0005,2026-07-01,251.35,44069.9,31258.64
Project 0005,2026-08-01,223.45,41606.06,24265.28
Project 0006,2024-09-01,238.7,68223.71,47467.14
Project 0006,2024-10-01,261.91,67870.7,38566.04
Project 0006,2024-11-01,236.91,74822.42,43694.39
Project 0006,2024-12-01,203.54,68116.35,47899.03
Project 0006,2025-01-01,235.01,78540.19,52301.78
Project 0006,2025-02-01,267.83,67150.46,37489.13
Project 0006,2025-03-01,224.93,94662.7,70299.54
Project 0006,2025-04-01,219.11,69842.81,40781.28
Project 0006,2025-05-01,231.54,67987.14,40218.25
Project 0006,2025-06-01,182.14,83603.34,51532.87
Project 0006,2025-07-01,213.89,89245.99,60290.05
Project 0006,2025-08-01,253.67,85342.11,52484.08
Project 0006,2025-09-01,265.2,86501.21,60209.05
Project 0006,2025-10-01,232.83,80757.03,56363.28
Project 0006,2025-11-01,172.78,84318.47,49659.76
Project 0006,2025-12-01,197.82,90084.98,62727.29
Project 0006,2026-01-01,222.19,77331.02,43583.35
Project 0006,2026-02-01,264.76,71776.85,52255.53
Project 0006,2026-03-01,216.1,85482.27,58568.37
Project 0006,2026-04-01,226.75,84502.78,47476.65
Project 0006,2026-05-01,246.35,84915.71,63586.27
Project 0006,2026-06-01,242.56,66826.34,44396.6
Project 0006,2026-07-01,183.63,79132.97,49997.55
Project 0006,2026-08-01,200.77,76814.78,53476.6
Project 0007,2024-09-01,318.89,37407.03,27596.4
Project 0007,2024-10-01,271.82,33012.14,22487.23
Project 0007,2024-11-01,281.53,31120.27,18514.09
Project 0007,2024-12-01,351.4,29496.19,17724.5
Project 0007,2025-01-01,244.49,34554.97,23838.36
Project 0007,2025-02-01,340.12,32770.48,20726.7
Project 0007,2025-03-01,308.55,31081.96,17906.35
Project 0007,2025-04-01,281.84,34148.03,25009.74
Project 0007,2025-05-01,333.2,29393.17,17240.57
Project 0007,2025-06-01,295.23,32626.24,23869.45
Project 0007,2025-07-01,251.03,31668.44,19436.13
Project 0007,2025-08-01,256.12,29941.13,19903.97
Project 0007,2025-09-01,242.8,29392.83,20365.79
Project 0007,2025-10-01,255.68,33159.86,19919.87
Project 0007,2025-11-01,276.15,36672.53,23796.96
Project 0007,2025-12-01,318.76,30154.31,18491.09
Project 0007,2026-01-01,348.79,36483.17,24528.7
Project 0007,2026-02-01,273.45,32334.42,19901.33
Project 0007,2026-03-01,263.28,30691.97,21734.16
Project 0007,2026-04-01,298.02,33449.02,22371.03
Project 0007,2026-05-01,247.77,36015.78,25798.4
Project 0007,2026-06-01,337.16,30851.13,21735.67
Project 0007,2026-07-01,317.52,37584.56,20781.32
Project 0007,2026-08-01,321.04,33143.93,20797.49
Project 0008,2024-09-01,30.26,6886.11,4191.62
Project 0008,2024-10-01,30.62,5579.64,3690.82
Project 0008,2024-11-01,35.46,6543.98,4656.32
Project 0008,2024-12-01,37.72,6935.16,3840.62
Project 0008,2025-01-01,28.79,6607.18,3809.6
Project 0008,2025-02-01,30.43,6394.14,3589.82
Project 0008,2025-03-01,25.74,5298.94,3871.65
Project 0008,2025-04-01,28.8,5051.83,3199.08
Project 0008,2025-05-01,39.13,5777.69,3224.28
Project 0008,2025-06-01,35.73,6118.02,4504.94
Project 0008,2025-07-01,37.54,6354.52,3601.39
Project 0008,2025-08-01,31.22,5841.9,4248.57
Project 0008,2025-09-01,27.96,5328.99,3281.12
Project 0008,2025-10-01,28.41,5117.1,3802.22
Project 0008,2025-11-01,35.02,5934.28,4125.64
Project 0008,2025-12-01,27.89,5800.41,3429.87
Project 0008,2026-01-01,35.08,5683.0,3578.33
Project 0008,2026-02-01,33.42,5012.9,3680.99
Project 0008,2026-03-01,37.86,6773.71,4802.64
Project 0008,2026-04-01,36.97,5705.88,3301.61
Project 0008,2026-05-01,35.16,6436.18,3572.81
Project 0008,2026-06-01,39.0,6721.0,4056.01
Project 0008,2026-07-01,26.94,6774.39,4538.8
Project 0008,2026-08-01,33.75,6059.93,4455.51
Project 0009,2024-09-01,232.89,53926.67,32611.6
Project 0009,2024-10-01,169.72,54618.53,39361.71
Project 0009,2024-11-01,165.71,44648.79,30534.03
Project 0009,2024-12-01,183.14,42993.93,26278.3
Project 0009,2025-01-01,177.04,40131.16,22113.39
Project 0009,2025-02-01,168.51,46651.58,32027.73
Project 0009,2025-03-01,247.45,43068.12,31192.1
Project 0009,2025-04-01,232.72,43987.41,31259.61
Project 0009,2025-05-01,215.69,55895.27,31658.7
Project 0009,2025-06-01,218.18,50092.26,33946.03
Project 0009,2025-07-01,239.74,44289.83,32858.38
Project 0009,2025-08-01,168.86,42762.18,25182.95
Project 0009,2025-09-01,222.93,53059.56,35932.44
Project 0009,2025-10-01,213.85,45906.55,28075.29
Project 0009,2025-11-01,233.62,47194.61,35218.9
Project 0009,2025-12-01,246.56,54971.6,34656.56
Project 0009,2026-01-01,225.59,47050.95,34556.02
Project 0009,2026-02-01,188.72,41468.8,23962.72
Project 0009,2026-03-01,188.91,49497.33,30451.83
Project 0009,2026-04-01,192.9,40254.68,29083.98
Project 0009,2026-05-01,224.63,43024.56,29081.4
Project 0009,2026-06-01,172.92,53792.91,40103.58
Project 0009,2026-07-01,252.22,48995.48,35879.53
Project 0009,2026-08-01,165.93,42827.17,25744.6
Project 0010,2024-09-01,209.65,91311.27,53279.39
Project 0010,2024-10-01,194.55,89202.51,51235.93
Project 0010,2024-11-01,197.81,87685.72,55185.09
Project 0010,2024-12-01,240.16,89572.94,64836.03
Project 0010,2025-01-01,241.98,91392.37,57772.94
Project 0010,2025-02-01,288.58,100725.81,72587.9
Project 0010,2025-03-01,205.91,96049.47,58145.85
Project 0010,2025-04-01,292.48,75683.08,51627.95
Project 0010,2025-05-01,224.92,98412.89,70771.73
Project 0010,2025-06-01,191.1,82614.01,51657.13
Project 0010,2025-07-01,243.15,92713.35,66977.53
Project 0010,2025-08-01,251.35,77609.17,50647.42
Project 0010,2025-09-01,280.63,83321.24,58372.34
Project 0010,2025-10-01,286.52,97974.59,68048.93
Project 0010,2025-11-01,267.9,81712.93,49970.77
Project 0010,2025-12-01,198.89,82048.32,57335.84
Project 0010,2026-01-01,216.51,97265.14,68073.52
Project 0010,2026-02-01,202.71,103978.59,62026.07
Project 0010,2026-03-01,220.87,98539.4,66507.47
Project 0010,2026-04-01,240.26,76822.37,53608.05
Project 0010,2026-05-01,279.85,96470.35,69988.32
Project 0010,2026-06-01,264.2,99283.41,55235.78
Project 0010,2026-07-01,195.04,91551.55,65149.32
Project 0010,2026-08-01,252.29,84597.84,51256.9
Project 0011,2024-09-01,31.73,1938.34,1220.63
Project 0011,2024-10-01,24.27,1989.15,1306.74
Project 0011,2024-11-01,24.98,1986.52,1471.63
Project 0011,2024-12-01,21.28,1521.0,1111.59
Project 0011,2025-01-01,32.99,1487.37,1101.07
Project 0011,2025-02-01,27.53,1530.56,898.42
Project 0011,2025-03-01,21.8,1714.49,1019.75
Project 0011,2025-04-01,26.34,1673.5,1247.59
Project 0011,2025-05-01,29.93,1954.37,1284.82
Project 0011,2025-06-01,25.14,1974.67,1366.04
Project 0011,2025-07-01,24.84,2071.82,1418.79
Project 0011,2025-08-01,32.08,1977.4,1371.5
Project 0011,2025-09-01,24.98,1623.17,899.48
Project 0011,2025-10-01,21.57,1924.69,1391.42
Project 0011,2025-11-01,23.13,1518.96,980.2
Project 0011,2025-12-01,22.73,1910.16,1218.71
Project 0011,2026-01-01,23.61,1749.04,1002.4
Project 0011,2026-02-01,27.1,1972.41,1090.5
Project 0011,2026-03-01,32.86,1951.28,1309.67
Project 0011,2026-04-01,31.63,1762.22,1304.93
Project 0011,2026-05-01,26.42,1920.68,1283.87
Project 0011,2026-06-01,23.4,1886.82,1206.51
Project 0011,2026-07-01,28.94,1968.24,1244.4
Project 0011,2026-08-01,22.48,1863.08,1174.3
Project 0012,2024-09-01,79.87,13103.56,7694.31
Project 0012,2024-10-01,79.44,13774.68,8294.89
Project 0012,2024-11-01,100.71,13854.69,9558.61
Project 0012,2024-12-01,75.63,13358.05,9232.97
Project 0012,2025-01-01,104.54,11871.7,7735.94
Project 0012,2025-02-01,90.3,12367.75,7985.01
Project 0012,2025-03-01,96.41,12996.48,8794.1
Project 0012,2025-04-01,92.46,11644.4,8141.11
Project 0012,2025-05-01,99.17,13243.2,9731.3
Project 0012,2025-06-01,93.71,13219.3,9045.72
Project 0012,2025-07-01,96.03,13670.37,9773.79
Project 0012,2025-08-01,93.31,12659.58,7575.08
Project 0012,2025-09-01,110.16,11541.05,7865.84
Project 0012,2025-10-01,108.75,12130.07,8094.42
Project 0012,2025-11-01,101.71,11967.01,8287.55
Project 0012,2025-12-01,90.04,10550.09,6799.56
Project 0012,2026-01-01,91.9,11337.72,7172.49
Project 0012,2026-02-01,87.65,10576.41,5969.91
Project 0012,2026-03-01,105.53,12178.54,8464.79
Project 0012,2026-04-01,74.46,11261.84,6649.33
Project 0012,2026-05-01,79.33,12049.61,7938.22
Project 0012,2026-06-01,105.34,10713.69,6743.78
Project 0012,2026-07-01,103.86,10773.06,6663.87
Project 0012,2026-08-01,94.05,10202.49,6798.05
Project 0013,2024-09-01,84.65,6699.92,4279.6
Project 0013,2024-10-01,77.88,5734.53,4159.38
Project 0013,2024-11-01,87.26,6731.57,4509.31
Project 0013,2024-12-01,112.3,5553.42,3182.01
Project 0013,2025-01-01,95.79,5112.57,3408.17
Project 0013,2025-02-01,76.75,6396.83,3920.03
Project 0013,2025-03-01,83.65,6218.71,4505.61
Project 0013,2025-04-01,95.16,5298.52,3646.88
Project 0013,2025-05-01,100.98,5688.49,4072.26
Project 0013,2025-06-01,113.45,5529.02,3653.09
Project 0013,2025-07-01,92.76,5772.19,3535.11
Project 0013,2025-08-01,108.3,6723.17,4817.74
Project 0013,2025-09-01,108.09,7305.22,4896.52
Project 0013,2025-10-01,97.6,5861.48,3271.96
Project 0013,2025-11-01,93.4,6767.19,3749.06
Project 0013,2025-12-01,90.91,5243.58,3495.81
Project 0013,2026-01-01,100.77,6140.57,3967.17
Project 0013,2026-02-01,83.75,6581.58,3768.41
Project 0013,2026-03-01,95.05,6435.84,3574.29
Project 0013,2026-04-01,78.95,5953.62,3907.19
Project 0013,2026-05-01,100.51,5987.77,4258.03
Project 0013,2026-06-01,115.35,5773.16,3793.7
Project 0013,2026-07-01,103.38,6484.64,4431.26
Project 0013,2026-08-01,92.67,6245.0,3501.92
Project 0014,2024-09-01,158.94,15987.0,9859.7
Project 0014,2024-10-01,142.38,18519.71,12919.97
Project 0014,2024-11-01,202.73,21770.51,14117.58
Project 0014,2024-12-01,196.46,20689.16,13109.86
Project 0014,2025-01-01,202.58,17977.42,11741.69
Project 0014,2025-02-01,145.4,19278.66,11020.28
Project 0014,2025-03-01,178.26,21667.59,13329.14
Project 0014,2025-04-01,173.83,17162.23,11443.5
Project 0014,2025-05-01,196.15,17267.92,9788.37
Project 0014,2025-06-01,183.25,18300.79,11068.76
Project 0014,2025-07-01,187.74,21567.62,15265.66
Project 0014,2025-08-01,142.55,16659.1,10116.98
Project 0014,2025-09-01,188.35,19422.91,13932.18
Project 0014,2025-10-01,201.97,20713.19,14452.6
Project 0014,2025-11-01,151.94,17955.63,12375.71
Project 0014,2025-12-01,138.94,17170.09,11271.21
Project 0014,2026-01-01,139.59,21525.82,15248.42
Project 0014,2026-02-01,168.31,21456.06,12046.77
Project 0014,2026-03-01,185.29,17043.45,11800.13
Project 0014,2026-04-01,175.88,22057.24,12678.98
Project 0014,2026-05-01,186.32,16675.09,9784.22
Project 0014,2026-06-01,168.69,18108.85,10049.56
Project 0014,2026-07-01,162.7,17557.66,10638.67
Project 0014,2026-08-01,186.84,16778.69,11956.99
Project 0015,2024-09-01,142.63,9429.68,5913.46
Project 0015,2024-10-01,147.24,10353.7,7247.49
Project 0015,2024-11-01,106.61,11460.22,6462.92
Project 0015,2024-12-01,120.79,11787.58,7161.85
Project 0015,2025-01-01,146.13,11162.04,8064.55
Project 0015,2025-02-01,147.03,9646.66,5384.64
Project 0015,2025-03-01,134.1,8659.14,4871.81
Project 0015,2025-04-01,136.89,9678.59,5976.08
Project 0015,2025-05-01,114.77,9140.92,5864.04
Project 0015,2025-06-01,143.11,10237.64,7166.66
Project 0015,2025-07-01,146.66,10168.79,5825.17
Project 0015,2025-08-01,145.66,9421.8,5894.27
Project 0015,2025-09-01,125.22,12113.04,8580.72
Project 0015,2025-10-01,122.88,9966.68,6244.89
Project 0015,2025-11-01,129.81,11141.2,8230.62
Project 0015,2025-12-01,104.56,9405.25,5912.63
Project 0015,2026-01-01,147.51,10761.66,6664.04
Project 0015,2026-02-01,118.66,10899.12,7339.95
Project 0015,2026-03-01,111.95,11755.7,7416.06
Project 0015,2026-04-01,147.95,12157.84,8059.77
Project 0015,2026-05-01,114.95,10390.56,6789.63
Project 0015,2026-06-01,137.59,11619.9,7065.0
Project 0015,2026-07-01,113.86,9221.99,5385.2
Project 0015,2026-08-01,122.56,8829.62,5056.37
Project 0016,2024-09-01,357.92,99673.2,58101.49
Project 0016,2024-10-01,322.1,95291.75,56609.38
Project 0016,2024-11-01,288.6,113600.07,79560.28
Project 0016,2024-12-01,388.48,129454.83,84995.56
Project 0016,2025-01-01,380.92,127606.84,70453.04
Project 0016,2025-02-01,405.23,108683.99,67294.06
Project 0016,2025-03-01,388.9,94129.21,66870.11
Project 0016,2025-04-01,356.37,99214.15,58376.72
Project 0016,2025-05-01,314.96,121870.77,74736.4
Project 0016,2025-06-01,346.86,126970.22,86841.39
Project 0016,2025-07-01,319.08,109019.92,73598.87
Project 0016,2025-08-01,330.76,98981.51,58577.99
Project 0016,2025-09-01,419.76,120920.14,90581.54
Project 0016,2025-10-01,311.99,110962.74,70857.02
Project 0016,2025-11-01,304.75,127063.44,94080.2
Project 0016,2025-12-01,426.24,106565.94,76484.7
Project 0016,2026-01-01,322.18,125493.94,69241.97
Project 0016,2026-02-01,319.67,108199.04,60318.74
Project 0016,2026-03-01,335.44,113196.94,76624.29
Project 0016,2026-04-01,291.46,117894.26,87877.57
Project 0016,2026-05-01,342.02,100282.32,64945.19
Project 0016,2026-06-01,288.11,125676.13,79895.94
Project 0016,2026-07-01,306.17,118190.97,79837.24
Project 0016,2026-08-01,428.06,130161.79,72433.76
Project 0017,2024-09-01,226.91,82609.64,52029.63
Project 0017,2024-10-01,215.14,82828.14,61368.26
Project 0017,2024-11-01,197.91,104985.72,64856.25
Project 0017,2024-12-01,219.06,88165.22,59579.82
Project 0017,2025-01-01,286.4,95872.53,66935.69
Project 0017,2025-02-01,264.72,92667.9,56045.34
Project 0017,2025-03-01,246.61,94321.96,54392.54
Project 0017,2025-04-01,224.86,82837.55,60874.16
Project 0017,2025-05-01,224.59,82439.21,51431.42
Project 0017,2025-06-01,205.76,96637.98,71588.35
Project 0017,2025-07-01,256.3,103250.82,70706.94
Project 0017,2025-08-01,230.06,75436.54,53494.47
Project 0017,2025-09-01,223.83,77429.37,51649.99
Project 0017,2025-10-01,295.6,83291.95,47993.8
Project 0017,2025-11-01,248.68,101017.03,70718.6
Project 0017,2025-12-01,249.4,85071.15,61367.53
Project 0017,2026-01-01,232.35,90187.77,59274.21
Project 0017,2026-02-01,241.58,98394.82,72593.28
Project 0017,2026-03-01,245.1,84554.47,59305.28
Project 0017,2026-04-01,287.85,97469.49,73039.92
Project 0017,2026-05-01,204.97,88876.54,49422.75
Project 0017,2026-06-01,288.99,98706.55,58645.76
Project 0017,2026-07-01,199.58,80082.16,57221.96
Project 0017,2026-08-01,236.97,85092.99,55357.25
Project 0018,2024-09-01,231.28,33586.76,22604.32
Project 0018,2024-10-01,218.02,26452.98,18333.93
Project 0018,2024-11-01,187.99,35024.82,19330.5
Project 0018,2024-12-01,204.79,25374.28,18120.0
Project 0018,2025-01-01,212.58,24641.76,15175.53
Project 0018,2025-02-01,211.96,25129.03,15101.28
Project 0018,2025-03-01,236.56,28346.77,18547.58
Project 0018,2025-04-01,261.2,25904.61,17542.14
Project 0018,2025-05-01,176.21,32795.93,18346.43
Project 0018,2025-06-01,186.77,24774.01,15679.02
Project 0018,2025-07-01,212.61,34622.5,21052.25
Project 0018,2025-08-01,179.37,30604.22,20563.01
Project 0018,2025-09-01,244.88,30674.04,22923.86
Project 0018,2025-10-01,217.68,27261.18,19949.0
Project 0018,2025-11-01,215.54,33003.58,24392.1
Project 0018,2025-12-01,258.27,25180.13,14103.43
Project 0018,2026-01-01,254.36,30446.99,18345.65
Project 0018,2026-02-01,199.83,29640.34,21946.56
Project 0018,2026-03-01,236.88,33416.87,22306.61
Project 0018,2026-04-01,206.37,33384.05,21349.45
Project 0018,2026-05-01,203.05,32410.47,18239.97
Project 0018,2026-06-01,179.7,25363.89,18361.84
Project 0018,2026-07-01,237.26,29640.11,18631.23
Project 0018,2026-08-01,202.03,27345.42,19383.43
Project 0019,2024-09-01,36.37,2068.22,1418.67
Project 0019,2024-10-01,31.94,2029.11,1498.45
Project 0019,2024-11-01,24.01,2184.02,1434.52
Project 0019,2024-12-01,33.82,2113.06,1252.26
Project 0019,2025-01-01,36.62,2240.13,1338.13
Project 0019,2025-02-01,25.0,2251.1,1263.18
Project 0019,2025-03-01,24.46,1715.81,1233.67
Project 0019,2025-04-01,27.36,1665.96,950.85
Project 0019,2025-05-01,24.91,1833.9,1253.65
Project 0019,2025-06-01,35.21,1718.73,1226.21
Project 0019,2025-07-01,35.81,1633.71,908.0
Project 0019,2025-08-01,24.12,1794.27,1107.37
Project 0019,2025-09-01,34.46,1989.1,1228.46
Project 0019,2025-10-01,26.22,2125.25,1487.93
Project 0019,2025-11-01,25.63,1791.68,1051.86
Project 0019,2025-12-01,30.62,1753.36,1260.59
Project 0019,2026-01-01,33.25,1680.56,1144.24
Project 0019,2026-02-01,26.99,2243.93,1436.16
Project 0019,2026-03-01,32.62,2281.8,1432.41
Project 0019,2026-04-01,27.24,1717.37,1144.18
Project 0019,2026-05-01,25.37,2134.26,1429.78
Project 0019,2026-06-01,30.64,2015.02,1386.39
Project 0019,2026-07-01,28.05,2219.01,1615.0
Project 0019,2026-08-01,26.02,1738.13,1048.71
Project 0020,2024-09-01,289.85,78550.65,44874.6
Project 0020,2024-10-01,276.48,101483.84,70983.84
Project 0020,2024-11-01,394.97,76211.77,52756.23
Project 0020,2024-12-01,367.94,74868.96,48875.69
Project 0020,2025-01-01,332.62,100099.56,67888.02
Project 0020,2025-02-01,315.44,100327.07,55234.23
Project 0020,2025-03-01,311.89,102404.61,66481.95
Project 0020,2025-04-01,328.17,74900.64,55973.06
Project 0020,2025-05-01,314.02,83734.68,57562.4
Project 0020,2025-06-01,317.23,101256.58,61962.32
Project 0020,2025-07-01,355.25,105274.57,60407.0
Project 0020,2025-08-01,326.92,76898.05,45678.83
Project 0020,2025-09-01,384.61,82941.65,47103.66
Project 0020,2025-10-01,295.83,98009.41,68809.04
Project 0020,2025-11-01,257.22,98239.56,64035.2
Project 0020,2025-12-01,382.93,79196.9,57363.68
Project 0020,2026-01-01,321.19,88309.36,53926.69
Project 0020,2026-02-01,308.64,98049.97,59178.89
Project 0020,2026-03-01,269.53,88762.83,62073.68
Project 0020,2026-04-01,350.47,75058.37,44027.21
Project 0020,2026-05-01,349.18,82236.87,61561.59
Project 0020,2026-06-01,289.2,100045.75,58547.27
Project 0020,2026-07-01,321.16,102936.49,59436.61
Project 0020,2026-08-01,375.59,102805.15,76772.96
Project 0021,2024-09-01,166.69,13434.9,7530.46
Project 0021,2024-10-01,148.57,10049.0,6595.12
Project 0021,2024-11-01,137.54,11535.45,7339.34
Project 0021,2024-12-01,112.25,12003.54,7227.83
Project 0021,2025-01-01,158.39,11789.04,6894.6
Project 0021,2025-02-01,157.89,11909.29,7609.15
Project 0021,2025-03-01,140.9,9723.86,5924.64
Project 0021,2025-04-01,120.1,13518.6,9199.34
Project 0021,2025-05-01,140.7,9831.65,6496.72
Project 0021,2025-06-01,141.27,10862.71,6329.82
Project 0021,2025-07-01,151.91,10888.65,6646.0
Project 0021,2025-08-01,152.38,13392.86,8541.02
Project 0021,2025-09-01,144.12,9772.95,6869.95
Project 0021,2025-10-01,163.8,10726.5,6439.78
Project 0021,2025-11-01,117.58,13073.34,9455.12
Project 0021,2025-12-01,131.11,11708.77,7060.65
Project 0021,2026-01-01,176.12,11426.33,6787.99
Project 0021,2026-02-01,149.6,10043.96,6505.56
Project 0021,2026-03-01,154.84,11813.92,7128.86
Project 0021,2026-04-01,140.03,13438.78,7738.28
Project 0021,2026-05-01,153.32,12730.9,7805.94
Project 0021,2026-06-01,126.2,12223.1,7810.17
Project 0021,2026-07-01,120.67,13391.47,8400.99
Project 0021,2026-08-01,174.23,13062.39,8370.19
Project 0022,2024-09-01,252.34,90283.79,66491.27
Project 0022,2024-10-01,208.71,101637.73,64778.97
Project 0022,2024-11-01,275.92,88893.69,59610.21
Project 0022,2024-12-01,298.64,95043.19,53698.64
Project 0022,2025-01-01,234.49,81102.87,50247.81
Project 0022,2025-02-01,200.14,74593.1,51185.09
Project 0022,2025-03-01,246.05,102320.43,67310.29
Project 0022,2025-04-01,273.61,82140.08,57527.54
Project 0022,2025-05-01,213.28,92914.22,52905.69
Project 0022,2025-06-01,254.57,75970.06,54319.13
Project 0022,2025-07-01,240.55,101641.73,71845.89
Project 0022,2025-08-01,220.07,104504.39,65795.14
Project 0022,2025-09-01,226.92,104006.5,76213.39
Project 0022,2025-10-01,262.08,105608.88,75339.06
Project 0022,2025-11-01,266.18,98124.89,59992.21
Project 0022,2025-12-01,227.44,75739.1,51759.13
Project 0022,2026-01-01,191.46,77207.93,44621.43
Project 0022,2026-02-01,295.88,97031.88,72445.26
Project 0022,2026-03-01,284.64,89862.86,62667.24
Project 0022,2026-04-01,252.41,90091.13,52022.71
Project 0022,2026-05-01,228.41,104206.37,66611.82
Project 0022,2026-06-01,226.45,95606.99,57445.63
Project 0022,2026-07-01,192.88,94294.11,65453.79
Project 0022,2026-08-01,255.99,90510.85,61219.37
Project 0023,2024-09-01,144.85,25982.56,17843.72
Project 0023,2024-10-01,153.85,28070.84,20321.14
Project 0023,2024-11-01,133.59,22863.96,16909.25
Project 0023,2024-12-01,116.43,24777.46,16231.44
Project 0023,2025-01-01,121.27,22125.41,16586.62
Project 0023,2025-02-01,126.32,26114.77,19558.79
Project 0023,2025-03-01,136.04,30042.47,18087.99
Project 0023,2025-04-01,153.12,28858.61,19837.07
Project 0023,2025-05-01,151.49,29364.03,17816.9
Project 0023,2025-06-01,127.67,27523.47,19317.29
Project 0023,2025-07-01,113.48,26838.84,17514.15
Project 0023,2025-08-01,129.08,24285.2,16282.04
Project 0023,2025-09-01,156.92,24091.44,13591.38
Project 0023,2025-10-01,158.93,27214.25,18629.96
Project 0023,2025-11-01,167.69,25707.09,15681.01
Project 0023,2025-12-01,135.5,21291.06,11850.66
Project 0023,2026-01-01,121.71,29925.87,21181.1
Project 0023,2026-02-01,122.2,28269.01,19060.25
Project 0023,2026-03-01,138.7,21558.12,11920.12
Project 0023,2026-04-01,169.29,29622.95,17609.56
Project 0023,2026-05-01,155.48,23036.35,13837.38
Project 0023,2026-06-01,144.32,29382.16,18221.51
Project 0023,2026-07-01,139.32,28805.9,21095.33
Project 0023,2026-08-01,118.95,29686.42,16341.32
Project 0024,2024-09-01,133.34,17234.3,9669.98
Project 0024,2024-10-01,110.83,16438.92,9892.82
Project 0024,2024-11-01,97.72,16679.87,12334.1
Project 0024,2024-12-01,118.66,13131.83,7808.41
Project 0024,2025-01-01,122.19,14924.22,8776.12
Project 0024,2025-02-01,111.4,14793.59,8346.65
Project 0024,2025-03-01,104.7,16361.3,10878.9
Project 0024,2025-04-01,113.62,14761.43,8435.34
Project 0024,2025-05-01,110.56,14280.17,9949.4
Project 0024,2025-06-01,115.21,16475.74,9347.62
Project 0024,2025-07-01,96.13,13296.43,7644.43
Project 0024,2025-08-01,99.37,13976.66,8297.39
Project 0024,2025-09-01,88.74,12336.29,7038.51
Project 0024,2025-10-01,109.49,12955.65,8448.43
Project 0024,2025-11-01,109.17,12789.06,7908.11
Project 0024,2025-12-01,88.19,13014.83,8373.79
Project 0024,2026-01-01,99.21,15662.07,9027.01
Project 0024,2026-02-01,101.66,16723.6,9945.9
Project 0024,2026-03-01,128.87,16565.76,10596.61
Project 0024,2026-04-01,98.78,14626.78,8273.79
Project 0024,2026-05-01,92.79,15070.56,9642.97
Project 0024,2026-06-01,135.68,17005.36,10166.93
Project 0024,2026-07-01,111.65,15337.7,11121.94
Project 0024,2026-08-01,88.04,13478.71,7851.51
Project 0025,2024-09-01,62.59,5240.0,3711.35
Project 0025,2024-10-01,62.1,5898.25,3784.02
Project 0025,2024-11-01,80.24,4735.01,3490.11
Project 0025,2024-12-01,79.34,6493.28,3797.22
Project 0025,2025-01-01,70.59,4636.86,3396.6
Project 0025,2025-02-01,53.24,4897.65,3482.72
Project 0025,2025-03-01,65.56,4697.7,3221.58
Project 0025,2025-04-01,55.57,5015.86,3531.18
Project 0025,2025-05-01,82.98,5798.06,3588.2
Project 0025,2025-06-01,75.28,4667.81,3054.37
Project 0025,2025-07-01,76.71,4968.94,2935.41
Project 0025,2025-08-01,55.83,5063.31,3189.31
Project 0025,2025-09-01,68.62,5378.01,3720.47
Project 0025,2025-10-01,57.2,6346.73,3559.69
Project 0025,2025-11-01,57.38,4581.85,3122.94
Project 0025,2025-12-01,76.86,5991.54,3587.39
Project 0025,2026-01-01,67.66,5153.25,2899.41
Project 0025,2026-02-01,82.83,5760.22,3583.78
Project 0025,2026-03-01,68.18,6041.99,3477.54
Project 0025,2026-04-01,62.11,5702.74,3175.75
Project 0025,2026-05-01,79.05,5807.52,3594.59
Project 0025,2026-06-01,80.02,5321.08,3792.45
Project 0025,2026-07-01,60.56,5966.64,4367.84
Project 0025,2026-08-01,72.02,4852.05,2696.57
Project 0026,2024-09-01,58.31,5530.22,3538.98
Project 0026,2024-10-01,55.31,4966.79,3349.59
Project 0026,2024-11-01,77.93,5980.0,3519.05
Project 0026,2024-12-01,69.45,5669.27,3507.44
Project 0026,2025-01-01,70.18,4351.06,3215.86
Project 0026,2025-02-01,62.86,5508.32,3608.12
Project 0026,2025-03-01,71.93,4691.86,3280.94
Project 0026,2025-04-01,75.6,4589.71,2771.44
Project 0026,2025-05-01,61.36,6169.32,3612.61
Project 0026,2025-06-01,63.0,4978.98,2807.46
Project 0026,2025-07-01,67.53,5406.57,3772.63
Project 0026,2025-08-01,65.91,4370.07,2449.78
Project 0026,2025-09-01,51.94,5638.63,4129.42
Project 0026,2025-10-01,64.94,5640.4,3600.27
Project 0026,2025-11-01,58.71,4561.69,3301.71
Project 0026,2025-12-01,50.36,6022.44,4027.97
Project 0026,2026-01-01,68.14,5672.9,3212.77
Project 0026,2026-02-01,57.54,4726.02,3385.46
Project 0026,2026-03-01,64.35,5189.43,3824.5
Project 0026,2026-04-01,76.19,5517.7,3538.51
Project 0026,2026-05-01,77.09,4597.11,2950.15
Project 0026,2026-06-01,59.04,4657.89,2609.16
Project 0026,2026-07-01,74.88,5199.06,3830.23
Project 0026,2026-08-01,53.94,6075.58,3805.81
Project 0027,2024-09-01,178.28,6235.06,3876.66
Project 0027,2024-10-01,168.68,7859.58,4998.45
Project 0027,2024-11-01,185.61,6984.73,5188.94
Project 0027,2024-12-01,152.58,6938.9,5166.49
Project 0027,2025-01-01,148.0,6172.12,3518.67
Project 0027,2025-02-01,121.45,7530.96,4754.89
Project 0027,2025-03-01,156.25,6753.69,5059.85
Project 0027,2025-04-01,177.63,8316.09,5630.44
Project 0027,2025-05-01,133.91,6270.99,4609.26
Project 0027,2025-06-01,126.85,7145.51,4933.84
Project 0027,2025-07-01,138.16,6965.91,5221.61
Project 0027,2025-08-01,147.67,8471.31,6320.04
Project 0027,2025-09-01,170.54,7910.77,4400.78
Project 0027,2025-10-01,163.08,6486.67,4734.01
Project 0027,2025-11-01,128.93,7839.72,4493.35
Project 0027,2025-12-01,129.29,8433.71,5516.04
Project 0027,2026-01-01,125.28,6259.0,4284.1
Project 0027,2026-02-01,143.13,8016.04,4754.49
Project 0027,2026-03-01,134.62,8351.59,5498.73
Project 0027,2026-04-01,129.88,8767.9,6472.25
Project 0027,2026-05-01,158.59,6651.82,4160.06
Project 0027,2026-06-01,138.48,8759.06,5517.61
Project 0027,2026-07-01,156.47,8807.38,5729.43
Project 0027,2026-08-01,167.75,6853.6,3789.18
Project 0028,2024-09-01,143.78,15944.05,9858.77
Project 0028,2024-10-01,162.38,22114.89,15319.89
Project 0028,2024-11-01,147.94,21191.99,12187.86
Project 0028,2024-12-01,119.96,20832.84,12805.71
Project 0028,2025-01-01,139.94,21199.42,15305.73
Project 0028,2025-02-01,144.3,17060.53,9669.19
Project 0028,2025-03-01,153.77,19996.58,13337.44
Project 0028,2025-04-01,109.02,17423.73,9999.3
Project 0028,2025-05-01,164.29,19854.85,11740.31
Project 0028,2025-06-01,160.13,20624.48,13492.05
Project 0028,2025-07-01,156.98,20175.5,12148.37
Project 0028,2025-08-01,107.14,17633.09,13094.67
Project 0028,2025-09-01,153.89,21870.65,12374.75
Project 0028,2025-10-01,113.34,18661.38,10323.18
Project 0028,2025-11-01,165.9,19813.07,14474.9
Project 0028,2025-12-01,113.01,20363.18,12316.32
Project 0028,2026-01-01,153.8,17791.23,12639.77
Project 0028,2026-02-01,132.67,18235.36,10191.78
Project 0028,2026-03-01,134.72,17580.12,10080.38
Project 0028,2026-04-01,159.31,18700.74,12459.63
Project 0028,2026-05-01,118.83,16144.9,10411.99
Project 0028,2026-06-01,129.05,18074.1,11853.96
Project 0028,2026-07-01,155.87,19596.04,12114.14
Project 0028,2026-08-01,127.82,21105.42,11841.97
Project 0029,2024-09-01,82.14,9166.85,6755.12
Project 0029,2024-10-01,93.73,9721.64,7113.02
Project 0029,2024-11-01,80.03,9329.49,6171.35
Project 0029,2024-12-01,88.65,10535.93,6018.68
Project 0029,2025-01-01,67.47,9890.67,6324.79
Project 0029,2025-02-01,85.71,8057.34,5845.29
Project 0029,2025-03-01,64.36,8315.25,5069.8
Project 0029,2025-04-01,73.03,9548.3,5782.66
Project 0029,2025-05-01,78.96,7973.33,4825.38
Project 0029,2025-06-01,64.18,9737.61,6648.9
Project 0029,2025-07-01,78.67,8144.81,4945.68
Project 0029,2025-08-01,94.7,9711.01,7122.2
Project 0029,2025-09-01,77.74,9261.23,6609.37
Project 0029,2025-10-01,67.93,9583.69,6844.52
Project 0029,2025-11-01,68.12,8762.39,5313.16
Project 0029,2025-12-01,79.72,8241.54,4919.16
Project 0029,2026-01-01,65.83,7776.86,5184.48
Project 0029,2026-02-01,72.78,9749.71,5429.91
Project 0029,2026-03-01,93.62,7788.67,5052.58
Project 0029,2026-04-01,62.82,8842.08,6151.67
Project 0029,2026-05-01,68.58,9082.54,5195.35
Project 0029,2026-06-01,90.9,8615.53,6229.53
Project 0029,2026-07-01,87.04,9323.91,5342.89
Project 0029,2026-08-01,84.92,9276.4,5474.4
Project 0030,2024-09-01,125.32,45514.71,27886.66
Project 0030,2024-10-01,153.89,41782.55,28824.82
Project 0030,2024-11-01,167.49,34471.36,22632.84
Project 0030,2024-12-01,175.97,39637.05,27669.66
Project 0030,2025-01-01,161.5,34557.54,19664.96
Project 0030,2025-02-01,138.77,33255.94,24899.24
Project 0030,2025-03-01,156.1,35375.25,20683.17
Project 0030,2025-04-01,145.32,43281.04,29690.55
Project 0030,2025-05-01,160.8,35777.64,26801.89
Project 0030,2025-06-01,144.55,42430.85,31171.18
Project 0030,2025-07-01,159.79,33088.9,24080.42
Project 0030,2025-08-01,141.76,33747.68,19942.98
Project 0030,2025-09-01,154.61,41005.65,25034.96
Project 0030,2025-10-01,130.76,39474.01,24626.98
Project 0030,2025-11-01,169.82,35154.66,19405.44
Project 0030,2025-12-01,149.59,45547.12,28072.13
Project 0030,2026-01-01,145.47,43256.17,28108.8
Project 0030,2026-02-01,137.86,34444.48,20605.13
Project 0030,2026-03-01,135.96,33086.66,18792.04
Project 0030,2026-04-01,118.72,36553.37,20842.3
Project 0030,2026-05-01,177.18,35722.12,19662.77
Project 0030,2026-06-01,121.86,42043.0,30864.84
Project 0030,2026-07-01,174.3,34207.13,22993.53
Project 0030,2026-08-01,170.36,32879.23,21514.27
Project 0031,2024-09-01,385.06,35814.51,26335.6
Project 0031,2024-10-01,315.96,38920.7,27547.64
Project 0031,2024-11-01,403.64,41704.69,28713.79
Project 0031,2024-12-01,410.2,35545.5,20295.31
Project 0031,2025-01-01,347.26,35888.62,23799.48
Project 0031,2025-02-01,387.09,32338.17,20124.74
Project 0031,2025-03-01,391.5,37834.73,23679.12
Project 0031,2025-04-01,294.68,32786.69,24300.86
Project 0031,2025-05-01,321.98,33112.46,21544.16
Project 0031,2025-06-01,268.3,39055.48,25395.14
Project 0031,2025-07-01,416.39,37516.47,21828.27
Project 0031,2025-08-01,331.86,37100.22,23304.08
Project 0031,2025-09-01,300.66,41480.46,24648.28
Project 0031,2025-10-01,344.22,42371.19,26822.29
Project 0031,2025-11-01,296.38,34500.95,19048.33
Project 0031,2025-12-01,352.87,33407.89,24333.46
Project 0031,2026-01-01,317.83,36158.76,20723.35
Project 0031,2026-02-01,273.39,37584.75,27569.17
Project 0031,2026-03-01,419.24,41582.78,30212.58
Project 0031,2026-04-01,347.19,38770.32,22801.42
Project 0031,2026-05-01,405.82,38616.41,21631.78
Project 0031,2026-06-01,319.85,44259.27,32304.95
Project 0031,2026-07-01,370.31,45345.95,30966.06
Project 0031,2026-08-01,395.5,38485.92,28568.97
Project 0032,2024-09-01,63.88,9196.93,6174.44
Project 0032,2024-10-01,61.71,9420.44,6695.79
Project 0032,2024-11-01,48.82,8397.07,5263.2
Project 0032,2024-12-01,50.95,8203.43,4680.05
Project 0032,2025-01-01,49.43,8476.94,5175.93
Project 0032,2025-02-01,73.11,9105.33,6315.22
Project 0032,2025-03-01,65.94,9850.59,5996.64
Project 0032,2025-04-01,66.04,8887.35,5548.78
Project 0032,2025-05-01,66.07,6921.23,3836.71
Project 0032,2025-06-01,51.54,8764.56,5811.96
Project 0032,2025-07-01,47.5,8382.13,5218.49
Project 0032,2025-08-01,69.99,8674.13,6312.41
Project 0032,2025-09-01,66.75,8321.85,5103.71
Project 0032,2025-10-01,52.37,7896.18,5230.35
Project 0032,2025-11-01,49.41,7813.19,5367.67
Project 0032,2025-12-01,56.83,8994.62,5085.06
Project 0032,2026-01-01,59.05,8148.92,5571.69
Project 0032,2026-02-01,65.52,7815.75,5660.93
Project 0032,2026-03-01,73.5,7581.59,4755.73
Project 0032,2026-04-01,58.49,7671.05,4363.9
Project 0032,2026-05-01,58.3,7245.71,5090.03
Project 0032,2026-06-01,65.04,9573.21,5466.73
Project 0032,2026-07-01,64.25,8887.25,6320.19
Project 0032,2026-08-01,70.52,9347.67,5915.45
Project 0033,2024-09-01,202.57,55679.33,41752.1
Project 0033,2024-10-01,176.66,45927.91,26627.24
Project 0033,2024-11-01,220.48,57135.11,36537.9
Project 0033,2024-12-01,267.94,60478.4,37027.23
Project 0033,2025-01-01,260.8,46557.26,34042.85
Project 0033,2025-02-01,238.81,52763.08,31730.81
Project 0033,2025-03-01,239.09,57600.35,37480.71
Project 0033,2025-04-01,267.57,43777.57,29466.26
Project 0033,2025-05-01,236.5,46251.82,31705.28
Project 0033,2025-06-01,247.72,52467.72,34958.76
Project 0033,2025-07-01,181.03,60343.04,34470.91
Project 0033,2025-08-01,244.91,45896.88,31169.45
Project 0033,2025-09-01,249.2,59303.37,38646.29
Project 0033,2025-10-01,202.35,61165.33,43833.42
Project 0033,2025-11-01,240.75,50620.56,35204.26
Project 0033,2025-12-01,189.74,54482.91,34792.25
Project 0033,2026-01-01,260.86,53133.36,33937.82
Project 0033,2026-02-01,219.84,59801.43,39454.35
Project 0033,2026-03-01,234.16,57516.06,42679.42
Project 0033,2026-04-01,228.1,54978.97,30497.85
Project 0033,2026-05-01,205.68,50376.89,35244.73
Project 0033,2026-06-01,196.24,46542.7,27362.63
Project 0033,2026-07-01,206.86,45000.06,32723.34
Project 0033,2026-08-01,249.44,57117.49,40523.0
Project 0034,2024-09-01,279.22,14201.42,8200.76
Project 0034,2024-10-01,247.38,14573.41,8315.31
Project 0034,2024-11-01,226.26,16762.06,11848.79
Project 0034,2024-12-01,204.42,15443.52,10763.4
Project 0034,2025-01-01,237.23,14105.42,7971.06
Project 0034,2025-02-01,255.76,16138.1,10098.17
Project 0034,2025-03-01,277.81,18008.68,12454.59
Project 0034,2025-04-01,211.99,16670.48,11358.65
Project 0034,2025-05-01,200.51,13805.63,10352.75
Project 0034,2025-06-01,230.89,16163.17,9821.27
Project 0034,2025-07-01,190.52,16060.59,9137.45
Project 0034,2025-08-01,238.11,12886.62,8635.6
Project 0034,2025-09-01,261.62,13051.26,7779.58
Project 0034,2025-10-01,289.22,16512.35,11364.15
Project 0034,2025-11-01,285.65,17612.79,11401.64
Project 0034,2025-12-01,275.46,16607.52,10318.62
Project 0034,2026-01-01,285.48,14156.85,9842.7
Project 0034,2026-02-01,232.81,13924.99,9876.86
Project 0034,2026-03-01,254.07,15744.58,11033.07
Project 0034,2026-04-01,242.44,16161.13,11311.54
Project 0034,2026-05-01,251.95,16747.8,10416.42
Project 0034,2026-06-01,288.0,14959.5,8563.97
Project 0034,2026-07-01,237.4,14196.35,10183.69
Project 0034,2026-08-01,214.59,13613.71,7666.69
Project 0035,2024-09-01,282.39,22308.36,14003.73
Project 0035,2024-10-01,375.15,20352.57,12868.24
Project 0035,2024-11-01,323.03,18126.91,13460.89
Project 0035,2024-12-01,388.23,21575.36,15495.89
Project 0035,2025-01-01,342.07,17312.19,10514.62
Project 0035,2025-02-01,288.23,21216.92,13149.7
Project 0035,2025-03-01,277.91,23927.84,17343.42
Project 0035,2025-04-01,261.47,17271.12,12451.35
Project 0035,2025-05-01,354.69,21745.9,12871.04
Project 0035,2025-06-01,353.27,21048.9,14217.75
Project 0035,2025-07-01,384.88,20561.34,14089.28
Project 0035,2025-08-01,352.21,23812.87,16599.78
Project 0035,2025-09-01,299.61,17640.68,12730.82
Project 0035,2025-10-01,264.96,18778.47,11552.91
Project 0035,2025-11-01,379.98,18687.75,13522.33
Project 0035,2025-12-01,257.27,20770.01,14391.8
Project 0035,2026-01-01,386.41,21692.63,14355.98
Project 0035,2026-02-01,322.28,19552.4,14583.21
Project 0035,2026-03-01,344.0,22236.6,13300.52
Project 0035,2026-04-01,355.12,22588.86,13857.31
Project 0035,2026-05-01,290.4,20650.93,12426.51
Project 0035,2026-06-01,289.07,17237.1,11390.17
Project 0035,2026-07-01,288.78,17055.94,12387.42
Project 0035,2026-08-01,334.9,21470.69,13540.98
Project 0036,2024-09-01,248.51,42333.07,30215.2
Project 0036,2024-10-01,308.21,34333.12,21225.76
Project 0036,2024-11-01,294.6,43348.32,27763.33
Project 0036,2024-12-01,305.75,35086.74,26138.01
Project 0036,2025-01-01,231.86,44464.33,27801.14
Project 0036,2025-02-01,288.61,45893.15,31318.51
Project 0036,2025-03-01,336.11,45707.6,29726.58
Project 0036,2025-04-01,267.69,38919.97,27002.83
Project 0036,2025-05-01,256.19,36766.87,22841.42
Project 0036,2025-06-01,313.22,35198.11,23697.06
Project 0036,2025-07-01,274.18,39566.39,28955.18
Project 0036,2025-08-01,322.7,33081.71,24162.28
Project 0036,2025-09-01,294.72,39044.42,28849.64
Project 0036,2025-10-01,290.8,35699.19,23023.99
Project 0036,2025-11-01,329.04,36358.23,26538.6
Project 0036,2025-12-01,249.2,43840.22,24872.74
Project 0036,2026-01-01,231.49,41318.0,28284.87
Project 0036,2026-02-01,309.08,40245.88,26885.62
Project 0036,2026-03-01,249.91,38706.41,23655.05
Project 0036,2026-04-01,307.68,40161.22,28349.67
Project 0036,2026-05-01,348.78,43629.26,26490.3
Project 0036,2026-06-01,268.45,33681.75,23532.06
Project 0036,2026-07-01,328.93,38926.62,25686.33
Project 0036,2026-08-01,345.6,45953.3,25911.27
Project 0037,2024-09-01,337.44,43746.36,26299.2
Project 0037,2024-10-01,347.16,42959.27,25575.67
Project 0037,2024-11-01,349.99,46068.67,26171.58
Project 0037,2024-12-01,287.87,44402.3,30854.15
Project 0037,2025-01-01,377.84,39489.06,25122.48
Project 0037,2025-02-01,312.89,39623.83,25032.3
Project 0037,2025-03-01,333.99,43307.73,28333.42
Project 0037,2025-04-01,259.63,38854.46,27038.16
Project 0037,2025-05-01,301.59,45394.42,32305.92
Project 0037,2025-06-01,364.07,42655.87,26069.19
Project 0037,2025-07-01,383.62,37627.13,23664.09
Project 0037,2025-08-01,290.17,49111.17,33359.89
Project 0037,2025-09-01,256.21,50397.31,36090.88
Project 0037,2025-10-01,337.12,45579.73,29837.93
Project 0037,2025-11-01,256.46,50415.88,30360.73
Project 0037,2025-12-01,357.84,50436.42,27918.02
Project 0037,2026-01-01,325.98,44713.03,28177.1
Project 0037,2026-02-01,347.74,41209.45,24377.78
Project 0037,2026-03-01,365.08,49210.98,31153.12
Project 0037,2026-04-01,290.84,40988.57,26497.4
Project 0037,2026-05-01,301.57,47944.76,32219.3
Project 0037,2026-06-01,293.8,42566.94,23623.46
Project 0037,2026-07-01,282.74,36527.44,23059.09
Project 0037,2026-08-01,364.43,50045.54,30199.13
Project 0038,2024-09-01,223.5,31907.22,19713.8
Project 0038,2024-10-01,247.39,35105.93,20840.8
Project 0038,2024-11-01,199.23,30468.53,17695.9
Project 0038,2024-12-01,225.35,37718.24,24280.0
Project 0038,2025-01-01,298.05,36279.97,26403.51
Project 0038,2025-02-01,201.78,38227.41,25421.77
Project 0038,2025-03-01,199.76,38742.54,25567.63
Project 0038,2025-04-01,251.4,39640.15,21834.64
Project 0038,2025-05-01,244.9,28962.38,16827.19
Project 0038,2025-06-01,277.93,37202.41,21784.84
Project 0038,2025-07-01,247.76,40028.15,23159.06
Project 0038,2025-08-01,287.1,38460.93,26071.09
Project 0038,2025-09-01,281.16,39585.94,28756.86
Project 0038,2025-10-01,282.31,34294.95,25719.51
Project 0038,2025-11-01,210.71,37965.09,24816.4
Project 0038,2025-12-01,217.5,36230.12,26903.7
Project 0038,2026-01-01,217.88,31037.61,22751.61
Project 0038,2026-02-01,204.95,34689.87,23229.64
Project 0038,2026-03-01,205.1,36412.7,27109.42
Project 0038,2026-04-01,261.08,35683.87,23338.08
Project 0038,2026-05-01,227.68,36525.0,22187.05
Project 0038,2026-06-01,288.99,35271.63,19751.16
Project 0038,2026-07-01,289.0,36432.6,21181.31
Project 0038,2026-08-01,233.16,29012.94,19369.87
Project 0039,2024-09-01,32.86,6805.75,4494.96
Project 0039,2024-10-01,30.57,8098.96,5102.39
Project 0039,2024-11-01,40.64,8602.81,6214.46
Project 0039,2024-12-01,32.62,8001.81,4933.85
Project 0039,2025-01-01,28.03,6768.34,4654.39
Project 0039,2025-02-01,30.27,7146.91,5357.61
Project 0039,2025-03-01,28.66,6945.13,3956.9
Project 0039,2025-04-01,35.91,8045.39,5012.65
Project 0039,2025-05-01,38.33,7920.76,5652.42
Project 0039,2025-06-01,38.87,9106.99,6037.64
Project 0039,2025-07-01,27.93,6921.92,3882.52
Project 0039,2025-08-01,38.62,8288.88,5402.17
Project 0039,2025-09-01,34.51,6571.12,4843.9
Project 0039,2025-10-01,38.65,8095.39,5747.98
Project 0039,2025-11-01,38.06,9034.6,6320.06
Project 0039,2025-12-01,27.33,7074.78,4623.51
Project 0039,2026-01-01,40.95,6766.87,4114.15
Project 0039,2026-02-01,32.28,8812.27,5416.37
Project 0039,2026-03-01,31.91,9043.1,5679.59
Project 0039,2026-04-01,36.55,6715.37,4081.39
Project 0039,2026-05-01,35.35,8061.68,5593.51
Project 0039,2026-06-01,34.19,8509.88,5243.78
Project 0039,2026-07-01,31.1,8768.77,5712.87
Project 0039,2026-08-01,39.34,7544.08,4800.93
Project 0040,2024-09-01,376.79,21662.4,14524.38
Project 0040,2024-10-01,348.74,19401.53,13524.72
Project 0040,2024-11-01,367.42,26575.49,16584.67
Project 0040,2024-12-01,405.05,20365.58,14518.89
Project 0040,2025-01-01,301.24,20428.59,14157.57
Project 0040,2025-02-01,317.58,21085.55,12239.28
Project 0040,2025-03-01,336.28,20672.25,14399.62
Project 0040,2025-04-01,321.01,21258.7,12903.66
Project 0040,2025-05-01,298.15,22409.8,14501.97
Project 0040,2025-06-01,274.86,24241.28,13380.12
Project 0040,2025-07-01,352.98,19141.08,13798.63
Project 0040,2025-08-01,414.91,18571.6,10609.13
Project 0040,2025-09-01,344.83,25358.59,17291.3
Project 0040,2025-10-01,343.93,22672.49,16255.72
Project 0040,2025-11-01,344.91,24660.54,14113.9
Project 0040,2025-12-01,394.04,19467.66,12768.41
Project 0040,2026-01-01,375.36,22436.6,16194.03
Project 0040,2026-02-01,388.07,23630.75,16613.69
Project 0040,2026-03-01,312.59,21420.48,15213.53
Project 0040,2026-04-01,409.76,21590.07,12175.46
Project 0040,2026-05-01,413.42,19004.01,12916.86
Project 0040,2026-06-01,386.86,21609.7,14791.09
Project 0040,2026-07-01,285.53,22838.85,16271.21
Project 0040,2026-08-01,296.85,25553.5,18401.13
Project 0041,2024-09-01,359.71,45467.7,30974.22
Project 0041,2024-10-01,317.84,38344.63,26626.38
Project 0041,2024-11-01,376.08,45238.14,29509.66
Project 0041,2024-12-01,282.12,35135.12,22456.2
Project 0041,2025-01-01,362.82,33560.27,21027.05
Project 0041,2025-02-01,321.57,43733.56,29240.11
Project 0041,2025-03-01,274.5,40578.76,22905.81
Project 0041,2025-04-01,411.77,37024.26,21451.97
Project 0041,2025-05-01,426.03,43068.2,30497.17
Project 0041,2025-06-01,415.86,36342.69,20665.23
Project 0041,2025-07-01,412.6,39579.28,26844.77
Project 0041,2025-08-01,319.56,38796.03,24248.29
Project 0041,2025-09-01,323.67,40165.67,29874.97
Project 0041,2025-10-01,409.96,46261.48,29346.71
Project 0041,2025-11-01,414.99,42786.61,30810.03
Project 0041,2025-12-01,291.34,38805.84,21930.19
Project 0041,2026-01-01,374.29,41144.74,29622.92
Project 0041,2026-02-01,299.96,37055.12,23189.14
Project 0041,2026-03-01,294.48,37932.69,25963.28
Project 0041,2026-04-01,386.57,40162.08,24922.11
Project 0041,2026-05-01,347.68,37532.09,27228.84
Project 0041,2026-06-01,399.66,33429.94,20853.51
Project 0041,2026-07-01,399.25,45133.85,27971.81
Project 0041,2026-08-01,298.73,42823.61,31229.39
Project 0042,2024-09-01,215.78,20726.35,14325.05
Project 0042,2024-10-01,194.33,23934.06,16329.49
Project 0042,2024-11-01,207.28,20630.1,14193.62
Project 0042,2024-12-01,205.07,20593.01,14768.84
Project 0042,2025-01-01,237.33,18390.27,11029.47
Project 0042,2025-02-01,187.52,17729.4,11902.32
Project 0042,2025-03-01,173.27,23073.38,12858.45
Project 0042,2025-04-01,178.38,24563.52,17902.79
Project 0042,2025-05-01,243.61,19367.88,11852.11
Project 0042,2025-06-01,239.74,24226.15,15271.26
Project 0042,2025-07-01,242.89,18197.86,12254.02
Project 0042,2025-08-01,172.13,17632.43,12550.04
Project 0042,2025-09-01,233.44,19608.51,12565.98
Project 0042,2025-10-01,260.92,24262.19,18181.15
Project 0042,2025-11-01,255.63,18794.04,11336.65
Project 0042,2025-12-01,220.69,22161.87,12268.76
Project 0042,2026-01-01,178.87,24796.42,17051.1
Project 0042,2026-02-01,249.01,23657.99,13653.0
Project 0042,2026-03-01,252.35,21058.25,12856.81
Project 0042,2026-04-01,197.9,21213.71,13634.27
Project 0042,2026-05-01,215.73,24450.24,16166.07
Project 0042,2026-06-01,216.22,20722.38,11460.2
Project 0042,2026-07-01,213.92,19796.08,13397.18
Project 0042,2026-08-01,204.26,21077.37,13228.57
Project 0043,2024-09-01,67.93,19102.89,12499.95
Project 0043,2024-10-01,44.94,17373.33,12936.05
Project 0043,2024-11-01,64.91,18945.39,10640.78
Project 0043,2024-12-01,66.66,24232.77,16095.85
Project 0043,2025-01-01,51.0,17340.0,10947.86
Project 0043,2025-02-01,52.01,20748.47,11548.38
Project 0043,2025-03-01,57.76,21731.3,13182.21
Project 0043,2025-04-01,69.71,17558.97,11350.07
Project 0043,2025-05-01,55.94,22984.75,12840.06
Project 0043,2025-06-01,52.58,19611.5,14074.6
Project 0043,2025-07-01,51.45,22215.69,16518.43
Project 0043,2025-08-01,69.81,19701.73,14761.18
Project 0043,2025-09-01,52.39,18716.88,12113.73
Project 0043,2025-10-01,57.86,22290.28,16581.48
Project 0043,2025-11-01,49.84,22742.82,12986.6
Project 0043,2025-12-01,48.47,22473.9,15901.08
Project 0043,2026-01-01,52.75,19622.35,10834.67
Project 0043,2026-02-01,47.33,22569.19,15901.71
Project 0043,2026-03-01,64.37,20988.8,13995.02
Project 0043,2026-04-01,63.9,17894.91,10092.01
Project 0043,2026-05-01,48.83,20889.31,14632.27
Project 0043,2026-06-01,58.52,24160.44,15835.46
Project 0043,2026-07-01,44.58,23044.89,16904.62
Project 0043,2026-08-01,69.45,18764.02,13083.23
Project 0044,2024-09-01,92.96,13188.55,8497.81
Project 0044,2024-10-01,69.4,12315.23,8310.22
Project 0044,2024-11-01,102.04,12550.0,8171.7
Project 0044,2024-12-01,79.44,10183.99,6936.58
Project 0044,2025-01-01,78.45,10882.71,7771.28
Project 0044,2025-02-01,87.25,12369.94,7591.31
Project 0044,2025-03-01,78.72,13001.82,9067.64
Project 0044,2025-04-01,101.01,10153.64,6598.99
Project 0044,2025-05-01,91.21,11741.48,7923.6
Project 0044,2025-06-01,96.82,10420.58,6306.38
Project 0044,2025-07-01,99.2,13751.91,8515.92
Project 0044,2025-08-01,81.38,13332.88,7602.27
Project 0044,2025-09-01,92.82,13997.27,8975.33
Project 0044,2025-10-01,80.15,11565.92,8631.52
Project 0044,2025-11-01,79.77,10432.26,6750.71
Project 0044,2025-12-01,85.82,11911.69,6970.21
Project 0044,2026-01-01,77.45,10476.16,7678.04
Project 0044,2026-02-01,96.87,10338.76,7252.74
Project 0044,2026-03-01,101.86,13341.64,8039.77
Project 0044,2026-04-01,85.59,10819.36,6524.27
Project 0044,2026-05-01,92.18,13016.4,9436.86
Project 0044,2026-06-01,102.96,10208.1,6213.36
Project 0044,2026-07-01,84.55,11966.41,8401.16
Project 0044,2026-08-01,104.06,11663.15,8520.01
Project 0045,2024-09-01,13.11,5073.13,3656.97
Project 0045,2024-10-01,13.35,4927.7,2816.09
Project 0045,2024-11-01,12.68,3834.52,2529.74
Project 0045,2024-12-01,15.76,5235.76,3445.92
Project 0045,2025-01-01,14.44,5227.04,3772.33
Project 0045,2025-02-01,16.7,4549.78,2814.65
Project 0045,2025-03-01,13.13,4574.19,3215.33
Project 0045,2025-04-01,18.99,4129.35,2574.94
Project 0045,2025-05-01,17.61,3901.45,2274.21
Project 0045,2025-06-01,19.57,4882.79,3446.81
Project 0045,2025-07-01,16.92,3708.06,2555.16
Project 0045,2025-08-01,13.0,4998.1,3228.88
Project 0045,2025-09-01,13.82,4532.07,2784.91
Project 0045,2025-10-01,18.6,4379.22,3222.58
Project 0045,2025-11-01,15.44,4681.56,2812.71
Project 0045,2025-12-01,19.68,5249.8,3858.58
Project 0045,2026-01-01,14.95,4934.18,3520.04
Project 0045,2026-02-01,14.95,4328.73,3025.66
Project 0045,2026-03-01,12.95,3799.96,2430.42
Project 0045,2026-04-01,19.05,4387.92,2524.07
Project 0045,2026-05-01,13.66,3870.06,2151.55
Project 0045,2026-06-01,17.35,3787.24,2409.88
Project 0045,2026-07-01,19.75,4898.73,3339.99
Project 0045,2026-08-01,13.35,3753.06,2725.47
Project 0046,2024-09-01,108.14,30757.18,22185.84
Project 0046,2024-10-01,113.39,35132.38,23221.28
Project 0046,2024-11-01,113.9,28718.42,18939.26
Project 0046,2024-12-01,100.5,25692.48,17150.68
Project 0046,2025-01-01,100.93,34783.82,21559.37
Project 0046,2025-02-01,107.17,35553.87,24037.38
Project 0046,2025-03-01,89.19,28192.59,19283.56
Project 0046,2025-04-01,84.28,25776.98,17857.78
Project 0046,2025-05-01,90.4,30238.1,17546.91
Project 0046,2025-06-01,105.87,29820.79,17976.05
Project 0046,2025-07-01,101.58,25049.02,18649.63
Project 0046,2025-08-01,78.54,31624.51,19422.09
Project 0046,2025-09-01,83.27,34476.03,23152.01
Project 0046,2025-10-01,82.23,29392.45,20947.46
Project 0046,2025-11-01,101.29,33111.47,19776.4
Project 0046,2025-12-01,97.7,26059.88,17218.69
Project 0046,2026-01-01,75.86,27049.64,15313.93
Project 0046,2026-02-01,106.41,35844.09,26323.81
Project 0046,2026-03-01,113.84,27122.56,15691.24
Project 0046,2026-04-01,108.35,30555.86,18943.43
Project 0046,2026-05-01,78.88,29634.7,17027.64
Project 0046,2026-06-01,101.87,31763.82,22408.31
Project 0046,2026-07-01,100.62,31076.27,17175.96
Project 0046,2026-08-01,114.87,26763.03,15126.43
Project 0047,2024-09-01,85.97,34443.41,23881.12
Project 0047,2024-10-01,88.56,34759.46,20992.17
Project 0047,2024-11-01,95.52,34164.36,20119.72
Project 0047,2024-12-01,84.99,35057.94,25281.29
Project 0047,2025-01-01,82.83,32536.58,22411.67
Project 0047,2025-02-01,91.41,32588.79,20677.84
Project 0047,2025-03-01,89.85,30023.1,17495.11
Project 0047,2025-04-01,89.31,30771.68,21130.51
Project 0047,2025-05-01,100.51,34502.53,24344.6
Project 0047,2025-06-01,103.99,36332.04,24480.05
Project 0047,2025-07-01,118.05,29843.58,16558.45
Project 0047,2025-08-01,110.32,30607.11,17324.17
Project 0047,2025-09-01,104.41,28685.01,18989.44
Project 0047,2025-10-01,114.38,35142.16,20231.9
Project 0047,2025-11-01,108.89,26770.39,16337.39
Project 0047,2025-12-01,84.83,33829.9,21779.96
Project 0047,2026-01-01,104.22,32417.55,21156.8
Project 0047,2026-02-01,92.96,32316.07,18233.89
Project 0047,2026-03-01,97.47,27596.93,17142.07
Project 0047,2026-04-01,91.71,32553.6,22383.27
Project 0047,2026-05-01,91.45,36594.79,21539.58
Project 0047,2026-06-01,105.61,27906.69,17825.99
Project 0047,2026-07-01,107.26,28741.32,16661.24
Project 0047,2026-08-01,101.64,32997.04,22993.84
Project 0048,2024-09-01,67.62,11156.83,7704.89
Project 0048,2024-10-01,49.56,11924.27,7587.79
Project 0048,2024-11-01,66.47,14790.84,9674.56
Project 0048,2024-12-01,45.0,14996.96,8353.83
Project 0048,2025-01-01,64.73,15240.09,9755.81
Project 0048,2025-02-01,69.35,14486.02,10204.21
Project 0048,2025-03-01,64.36,14909.08,8701.57
Project 0048,2025-04-01,49.86,14867.15,10831.05
Project 0048,2025-05-01,62.21,13080.18,8494.9
Project 0048,2025-06-01,52.31,11342.15,8469.71
Project 0048,2025-07-01,53.07,15473.12,11593.38
Project 0048,2025-08-01,60.52,14924.23,8328.09
Project 0048,2025-09-01,59.15,15190.64,10993.39
Project 0048,2025-10-01,66.21,14871.22,10255.71
Project 0048,2025-11-01,53.48,12283.11,7513.5
Project 0048,2025-12-01,59.79,10989.71,7580.34
Project 0048,2026-01-01,48.45,14963.86,9858.74
Project 0048,2026-02-01,47.3,10932.34,6131.32
Project 0048,2026-03-01,46.94,14351.94,9950.06
Project 0048,2026-04-01,67.36,12083.93,8611.37
Project 0048,2026-05-01,67.51,15459.38,11388.39
Project 0048,2026-06-01,62.63,14987.1,8753.24
Project 0048,2026-07-01,50.31,12189.18,8175.49
Project 0048,2026-08-01,67.08,13294.52,9845.05
Project 0049,2024-09-01,241.35,53513.14,39830.0
Project 0049,2024-10-01,271.95,50954.98,30320.66
Project 0049,2024-11-01,214.32,59014.47,42888.57
Project 0049,2024-12-01,207.08,56628.13,33686.59
Project 0049,2025-01-01,290.05,55283.06,38915.32
Project 0049,2025-02-01,223.32,55172.88,36406.03
Project 0049,2025-03-01,271.05,60345.07,37107.5
Project 0049,2025-04-01,257.55,59804.05,44363.99
Project 0049,2025-05-01,271.63,63979.39,44445.14
Project 0049,2025-06-01,277.68,50911.28,32354.18
Project 0049,2025-07-01,228.28,50875.46,36487.22
Project 0049,2025-08-01,235.99,48417.02,31397.06
Project 0049,2025-09-01,208.13,46189.37,33041.49
Project 0049,2025-10-01,218.47,61984.06,44937.17
Project 0049,2025-11-01,231.89,60810.91,42548.26
Project 0049,2025-12-01,236.29,64580.93,38599.08
Project 0049,2026-01-01,251.77,64192.73,36657.45
Project 0049,2026-02-01,240.74,56850.99,40996.26
Project 0049,2026-03-01,214.49,56015.89,38378.1
Project 0049,2026-04-01,212.12,56252.18,37392.26
Project 0049,2026-05-01,190.25,61800.45,41787.62
Project 0049,2026-06-01,218.5,52413.77,32942.98
Project 0049,2026-07-01,276.21,52263.36,31617.22
Project 0049,2026-08-01,197.25,60042.6,44448.29
Project 0050,2024-09-01,246.16,43343.47,26422.52
Project 0050,2024-10-01,197.77,40210.2,29615.1
Project 0050,2024-11-01,238.52,41343.07,28810.1
Project 0050,2024-12-01,247.5,39599.24,27133.34
Project 0050,2025-01-01,224.37,44585.68,27936.83
Project 0050,2025-02-01,257.98,37378.08,25105.74
Project 0050,2025-03-01,269.94,40690.96,22769.35
Project 0050,2025-04-01,275.31,46739.6,33997.84
Project 0050,2025-05-01,212.86,46147.35,27515.95
Project 0050,2025-06-01,205.87,45020.76,26346.51
Project 0050,2025-07-01,206.67,45790.97,33559.67
Project 0050,2025-08-01,260.28,46597.42,32819.21
Project 0050,2025-09-01,256.09,47197.32,31645.91
Project 0050,2025-10-01,264.35,38477.16,27631.25
Project 0050,2025-11-01,179.27,41116.15,27864.77
Project 0050,2025-12-01,268.16,34822.13,25849.38
Project 0050,2026-01-01,243.12,36892.3,20971.57
Project 0050,2026-02-01,210.15,44941.27,30839.15
Project 0050,2026-03-01,189.94,39625.63,25012.57
Project 0050,2026-04-01,233.15,35747.37,19953.84
Project 0050,2026-05-01,264.16,41927.57,30086.16
Project 0050,2026-06-01,267.74,47225.64,26961.38
Project 0050,2026-07-01,231.16,35986.94,26227.09
Project 0050,2026-08-01,179.99,48590.44,30182.18
Project 0051,2024-09-01,361.78,33140.76,22470.72
Project 0051,2024-10-01,322.45,31907.16,21923.03
Project 0051,2024-11-01,255.54,40649.48,29596.64
Project 0051,2024-12-01,369.85,37867.77,26946.24
Project 0051,2025-01-01,268.55,32835.15,22796.05
Project 0051,2025-02-01,375.34,32391.8,22520.01
Project 0051,2025-03-01,295.81,41482.71,25442.16
Project 0051,2025-04-01,257.18,39219.87,27269.55
Project 0051,2025-05-01,312.58,41402.57,29105.0
Project 0051,2025-06-01,299.17,32632.98,24307.04
Project 0051,2025-07-01,326.64,43399.35,31978.98
Project 0051,2025-08-01,294.74,37250.34,22476.1
Project 0051,2025-09-01,277.54,42645.67,28398.88
Project 0051,2025-10-01,359.42,37685.31,24489.75
Project 0051,2025-11-01,277.1,33928.51,22873.37
Project 0051,2025-12-01,334.86,39853.47,27804.58
Project 0051,2026-01-01,380.04,32194.09,21456.69
Project 0051,2026-02-01,319.33,31999.42,23006.25
Project 0051,2026-03-01,290.85,42221.98,29228.3
Project 0051,2026-04-01,257.48,31643.17,20950.31
Project 0051,2026-05-01,367.53,39532.98,24433.09
Project 0051,2026-06-01,321.87,30403.55,16818.35
Project 0051,2026-07-01,299.8,31537.05,20102.8
Project 0051,2026-08-01,336.64,34023.8,19089.73
Project 0052,2024-09-01,111.34,24690.88,14281.9
Project 0052,2024-10-01,82.17,29721.88,18768.67
Project 0052,2024-11-01,84.68,25024.41,16601.36
Project 0052,2024-12-01,82.18,32653.54,20712.5
Project 0052,2025-01-01,100.75,30410.29,21630.82
Project 0052,2025-02-01,123.38,25047.13,15705.36
Project 0052,2025-03-01,119.51,26692.22,17690.89
Project 0052,2025-04-01,112.79,28468.88,18959.33
Project 0052,2025-05-01,110.38,24873.1,14344.16
Project 0052,2025-06-01,124.75,31409.21,19645.76
Project 0052,2025-07-01,81.8,27740.55,15333.5
Project 0052,2025-08-01,85.54,32583.27,20825.79
Project 0052,2025-09-01,120.18,31505.7,20600.93
Project 0052,2025-10-01,110.18,28962.52,21498.2
Project 0052,2025-11-01,105.16,29344.9,16225.0
Project 0052,2025-12-01,105.96,24044.42,17726.7
Project 0052,2026-01-01,124.42,32027.26,20996.01
Project 0052,2026-02-01,117.95,31227.08,21222.12
Project 0052,2026-03-01,101.08,26663.57,19239.99
Project 0052,2026-04-01,121.74,26255.13,15647.04
Project 0052,2026-05-01,108.39,30836.81,21583.29
Project 0052,2026-06-01,122.15,27665.29,18715.41
Project 0052,2026-07-01,108.75,26150.98,15883.14
Project 0052,2026-08-01,97.88,26205.19,18880.48
Project 0053,2024-09-01,318.67,19190.05,12058.9
Project 0053,2024-10-01,354.85,17559.71,11777.59
Project 0053,2024-11-01,256.29,22177.06,12848.92
Project 0053,2024-12-01,318.94,21638.91,12708.87
Project 0053,2025-01-01,334.65,17599.35,11277.2
Project 0053,2025-02-01,271.37,20362.68,12752.05
Project 0053,2025-03-01,262.09,22568.03,14698.36
Project 0053,2025-04-01,260.99,21560.24,13648.56
Project 0053,2025-05-01,292.73,19980.75,12825.65
Project 0053,2025-06-01,306.57,18240.97,12310.36
Project 0053,2025-07-01,238.83,20243.86,13689.04
Project 0053,2025-08-01,300.58,22309.9,15461.95
Project 0053,2025-09-01,341.74,19578.77,14408.34
Project 0053,2025-10-01,286.92,17012.91,10692.21
Project 0053,2025-11-01,246.07,18535.12,13210.41
Project 0053,2025-12-01,298.9,15990.36,10911.43
Project 0053,2026-01-01,348.45,17173.05,12325.27
Project 0053,2026-02-01,283.54,18988.82,11342.28
Project 0053,2026-03-01,246.88,20772.19,14250.71
Project 0053,2026-04-01,259.58,21546.84,15584.52
Project 0053,2026-05-01,349.36,15973.53,9163.57
Project 0053,2026-06-01,262.41,20191.99,14483.93
Project 0053,2026-07-01,247.34,19272.72,12800.91
Project 0053,2026-08-01,316.38,18553.5,13476.9
Project 0054,2024-09-01,130.21,25590.57,14149.1
Project 0054,2024-10-01,137.39,27161.55,16974.06
Project 0054,2024-11-01,139.16,23440.34,17507.32
Project 0054,2024-12-01,149.99,24530.57,17301.35
Project 0054,2025-01-01,132.7,28816.74,19369.81
Project 0054,2025-02-01,112.69,29976.17,19099.22
Project 0054,2025-03-01,136.52,23832.86,15090.91
Project 0054,2025-04-01,117.7,28793.13,18788.0
Project 0054,2025-05-01,143.25,27060.48,18844.23
Project 0054,2025-06-01,172.03,25347.51,16383.63
Project 0054,2025-07-01,164.4,27127.13,16413.19
Project 0054,2025-08-01,156.89,22417.39,14495.14
Project 0054,2025-09-01,174.44,30215.83,19030.59
Project 0054,2025-10-01,137.75,25648.01,15771.24
Project 0054,2025-11-01,160.16,29125.62,18807.25
Project 0054,2025-12-01,131.47,22127.4,13463.65
Project 0054,2026-01-01,117.3,29404.78,20910.77
Project 0054,2026-02-01,158.46,28057.37,17856.91
Project 0054,2026-03-01,150.58,28157.47,19817.12
Project 0054,2026-04-01,141.89,25945.51,17609.61
Project 0054,2026-05-01,139.56,22729.55,16919.65
Project 0054,2026-06-01,131.88,22059.9,13518.79
Project 0054,2026-07-01,118.46,27718.21,18729.44
Project 0054,2026-08-01,117.77,22605.76,15725.4
Project 0055,2024-09-01,18.55,1397.57,779.11
Project 0055,2024-10-01,12.67,1462.35,907.06
Project 0055,2024-11-01,17.94,1758.55,984.2
Project 0055,2024-12-01,16.31,1525.62,903.03
Project 0055,2025-01-01,18.05,1301.7,968.16
Project 0055,2025-02-01,17.27,1755.16,1198.25
Project 0055,2025-03-01,13.07,1409.14,797.29
Project 0055,2025-04-01,17.24,1595.26,1141.08
Project 0055,2025-05-01,17.88,1713.32,1284.9
Project 0055,2025-06-01,17.09,1354.7,903.98
Project 0055,2025-07-01,18.58,1363.9,995.07
Project 0055,2025-08-01,12.08,1292.82,889.03
Project 0055,2025-09-01,18.26,1547.51,923.56
Project 0055,2025-10-01,13.66,1269.19,702.86
Project 0055,2025-11-01,18.12,1243.22,771.3
Project 0055,2025-12-01,12.02,1443.99,872.32
Project 0055,2026-01-01,16.09,1654.93,1159.7
Project 0055,2026-02-01,14.01,1463.48,946.23
Project 0055,2026-03-01,17.61,1397.0,851.52
Project 0055,2026-04-01,12.83,1577.3,1084.2
Project 0055,2026-05-01,16.04,1713.07,1134.0
Project 0055,2026-06-01,16.17,1738.68,1046.53
Project 0055,2026-07-01,16.7,1380.58,962.38
Project 0055,2026-08-01,14.25,1386.52,1037.41
Project 0056,2024-09-01,327.79,19070.3,10726.84
Project 0056,2024-10-01,280.28,24813.95,16992.63
Project 0056,2024-11-01,368.6,18707.13,13443.08
Project 0056,2024-12-01,345.67,21441.39,13514.69
Project 0056,2025-01-01,388.44,20656.0,12484.5
Project 0056,2025-02-01,297.6,24030.15,14417.39
Project 0056,2025-03-01,355.86,20943.32,13422.25
Project 0056,2025-04-01,298.72,24207.47,13365.78
Project 0056,2025-05-01,391.23,24458.36,13743.06
Project 0056,2025-06-01,323.77,23135.32,16397.83
Project 0056,2025-07-01,395.7,25239.95,17805.29
Project 0056,2025-08-01,389.75,20404.92,13399.82
Project 0056,2025-09-01,335.75,18677.37,13791.96
Project 0056,2025-10-01,281.79,25347.33,17713.36
Project 0056,2025-11-01,307.52,24691.87,15909.51
Project 0056,2025-12-01,333.03,23934.66,13704.01
Project 0056,2026-01-01,404.92,23893.88,16259.71
Project 0056,2026-02-01,320.75,24436.35,14335.33
Project 0056,2026-03-01,316.1,23389.83,16887.8
Project 0056,2026-04-01,332.18,19235.43,12105.73
Project 0056,2026-05-01,289.53,25748.24,14212.24
Project 0056,2026-06-01,391.02,20157.59,11930.56
Project 0056,2026-07-01,286.0,20179.89,13986.43
Project 0056,2026-08-01,316.62,18808.49,11407.35
Project 0057,2024-09-01,85.16,18135.73,11907.47
Project 0057,2024-10-01,92.75,20535.2,12778.91
Project 0057,2024-11-01,85.45,19556.26,14248.56
Project 0057,2024-12-01,78.3,17451.27,11049.36
Project 0057,2025-01-01,67.97,20020.35,11971.0
Project 0057,2025-02-01,67.99,16970.32,11237.77
Project 0057,2025-03-01,71.08,15450.23,11320.21
Project 0057,2025-04-01,85.77,17204.1,9852.66
Project 0057,2025-05-01,87.8,16172.08,11362.48
Project 0057,2025-06-01,92.85,17056.83,12487.79
Project 0057,2025-07-01,74.78,20734.85,12223.09
Project 0057,2025-08-01,83.59,18592.16,10692.14
Project 0057,2025-09-01,60.7,19612.46,12680.35
Project 0057,2025-10-01,85.5,16704.83,10232.58
Project 0057,2025-11-01,80.51,19869.88,14083.35
Project 0057,2025-12-01,83.4,20907.47,15617.67
Project 0057,2026-01-01,71.69,14775.75,8445.39
Project 0057,2026-02-01,88.89,16266.18,9051.56
Project 0057,2026-03-01,79.55,17912.44,11862.16
Project 0057,2026-04-01,87.23,17625.89,10165.0
Project 0057,2026-05-01,81.22,16574.35,11406.3
Project 0057,2026-06-01,90.14,17171.69,10871.38
Project 0057,2026-07-01,61.33,17162.93,11331.45
Project 0057,2026-08-01,64.01,19115.78,11681.4
Project 0058,2024-09-01,22.29,3392.07,2029.55
Project 0058,2024-10-01,20.51,3271.45,2385.32
Project 0058,2024-11-01,25.88,2644.79,1718.88
Project 0058,2024-12-01,19.76,3490.14,2392.77
Project 0058,2025-01-01,23.49,3160.69,2049.02
Project 0058,2025-02-01,28.31,3326.51,1890.29
Project 0058,2025-03-01,26.92,2549.57,1457.42
Project 0058,2025-04-01,24.96,3619.29,2461.74
Project 0058,2025-05-01,20.96,2747.97,1873.76
Project 0058,2025-06-01,28.78,3534.16,2083.76
Project 0058,2025-07-01,19.03,2676.34,1936.76
Project 0058,2025-08-01,18.45,2853.95,1697.43
Project 0058,2025-09-01,28.87,2904.53,1901.62
Project 0058,2025-10-01,21.96,2754.41,1696.89
Project 0058,2025-11-01,19.86,2549.82,1756.92
Project 0058,2025-12-01,20.86,2661.0,1650.21
Project 0058,2026-01-01,24.57,3366.05,2315.17
Project 0058,2026-02-01,25.63,3155.12,1737.11
Project 0058,2026-03-01,19.6,3557.57,2245.72
Project 0058,2026-04-01,23.02,3380.77,2499.63
Project 0058,2026-05-01,27.65,3045.15,2168.65
Project 0058,2026-06-01,28.19,3612.97,2636.11
Project 0058,2026-07-01,22.3,3337.15,1906.27
Project 0058,2026-08-01,28.74,3289.64,2287.36
Project 0059,2024-09-01,259.6,34302.94,19985.68
Project 0059,2024-10-01,212.6,27051.38,15788.59
Project 0059,2024-11-01,277.0,30599.09,21489.49
Project 0059,2024-12-01,178.32,28910.17,17711.97
Project 0059,2025-01-01,210.81,30013.31,17173.83
Project 0059,2025-02-01,203.6,29116.97,21309.15
Project 0059,2025-03-01,182.85,25477.87,14039.91
Project 0059,2025-04-01,244.98,27893.0,19415.83
Project 0059,2025-05-01,247.41,29228.98,18179.92
Project 0059,2025-06-01,181.98,31518.49,19798.36
Project 0059,2025-07-01,259.47,32831.55,22759.81
Project 0059,2025-08-01,202.98,26571.53,19907.86
Project 0059,2025-09-01,196.22,25495.2,14685.37
Project 0059,2025-10-01,199.22,27888.57,18114.67
Project 0059,2025-11-01,269.48,29471.85,16414.29
Project 0059,2025-12-01,238.5,27805.59,18656.45
Project 0059,2026-01-01,260.76,29515.67,16603.87
Project 0059,2026-02-01,228.14,33094.48,19087.31
Project 0059,2026-03-01,243.84,33843.77,19721.07
Project 0059,2026-04-01,192.2,24751.09,16626.78
Project 0059,2026-05-01,200.8,26305.36,14600.21
Project 0059,2026-06-01,260.22,32106.75,22775.56
Project 0059,2026-07-01,269.66,25753.34,17627.02
Project 0059,2026-08-01,223.3,33969.98,21652.16
Project 0060,2024-09-01,217.69,33313.56,21792.89
Project 0060,2024-10-01,304.72,33876.13,25109.89
Project 0060,2024-11-01,231.21,32377.56,17938.99
Project 0060,2024-12-01,267.34,30002.87,17943.29
Project 0060,2025-01-01,275.91,26154.02,18382.38
Project 0060,2025-02-01,296.23,35577.16,25214.47
Project 0060,2025-03-01,323.11,31489.87,21349.86
Project 0060,2025-04-01,318.37,34135.12,25122.49
Project 0060,2025-05-01,215.96,28939.52,16911.53
Project 0060,2025-06-01,219.12,25443.6,14933.62
Project 0060,2025-07-01,270.87,28502.02,19732.99
Project 0060,2025-08-01,286.1,27089.65,18714.94
Project 0060,2025-09-01,313.39,30862.3,17659.37
Project 0060,2025-10-01,257.3,26722.85,15374.79
Project 0060,2025-11-01,253.73,30945.56,18781.45
Project 0060,2025-12-01,246.28,26645.46,17894.88
Project 0060,2026-01-01,226.0,31048.52,17852.4
Project 0060,2026-02-01,208.14,25090.45,18214.72
Project 0060,2026-03-01,293.03,25290.23,18320.17
Project 0060,2026-04-01,258.2,25864.97,19203.72
Project 0060,2026-05-01,264.51,33851.77,23781.35
Project 0060,2026-06-01,247.78,33843.51,24652.65
Project 0060,2026-07-01,269.01,29905.84,22427.63
Project 0060,2026-08-01,249.4,33951.21,18743.41
Project 0061,2024-09-01,273.77,17055.66,11600.59
Project 0061,2024-10-01,291.52,19057.01,12192.03
Project 0061,2024-11-01,248.35,13756.17,9462.17
Project 0061,2024-12-01,255.28,16947.51,10910.19
Project 0061,2025-01-01,226.18,15108.64,9821.31
Project 0061,2025-02-01,233.25,14328.69,8809.22
Project 0061,2025-03-01,202.68,16826.98,12047.01
Project 0061,2025-04-01,270.08,16681.99,11520.9
Project 0061,2025-05-01,247.72,15095.3,11189.38
Project 0061,2025-06-01,303.41,17878.78,12501.76
Project 0061,2025-07-01,202.44,14416.53,9594.67
Project 0061,2025-08-01,225.97,15483.8,11015.83
Project 0061,2025-09-01,230.61,15537.57,11187.01
Project 0061,2025-10-01,235.0,18344.92,13144.13
Project 0061,2025-11-01,242.54,18371.22,10348.41
Project 0061,2025-12-01,253.62,13397.28,8290.44
Project 0061,2026-01-01,281.42,19228.45,13503.28
Project 0061,2026-02-01,294.28,18983.1,11648.74
Project 0061,2026-03-01,278.46,14360.23,8984.55
Project 0061,2026-04-01,265.57,16159.49,11821.87
Project 0061,2026-05-01,282.63,15842.7,9563.73
Project 0061,2026-06-01,195.42,17476.2,12658.03
Project 0061,2026-07-01,274.76,13565.94,7586.77
Project 0061,2026-08-01,250.71,14947.47,9476.51
Project 0062,2024-09-01,230.47,10789.42,7504.49
Project 0062,2024-10-01,201.49,12868.53,9001.06
Project 0062,2024-11-01,253.6,10185.01,6131.5
Project 0062,2024-12-01,222.45,12513.32,9347.34
Project 0062,2025-01-01,220.31,11302.83,6846.04
Project 0062,2025-02-01,263.92,13858.03,9647.08
Project 0062,2025-03-01,294.4,13951.82,9735.43
Project 0062,2025-04-01,286.83,10815.5,6389.31
Project 0062,2025-05-01,269.38,13189.23,9255.91
Project 0062,2025-06-01,264.19,12273.78,9090.75
Project 0062,2025-07-01,227.71,10394.23,6987.74
Project 0062,2025-08-01,204.12,14152.34,7847.61
Project 0062,2025-09-01,199.35,10196.78,7459.59
Project 0062,2025-10-01,268.44,13094.99,8570.86
Project 0062,2025-11-01,210.76,13359.31,8394.83
Project 0062,2025-12-01,205.76,12087.91,7662.56
Project 0062,2026-01-01,197.49,11332.33,6542.69
Project 0062,2026-02-01,195.54,13281.28,9786.32
Project 0062,2026-03-01,281.95,10330.37,7538.31
Project 0062,2026-04-01,289.49,14052.53,8537.05
Project 0062,2026-05-01,240.73,11404.55,6590.23
Project 0062,2026-06-01,289.67,10050.99,6641.96
Project 0062,2026-07-01,296.07,12604.91,8609.46
Project 0062,2026-08-01,280.59,12962.58,7431.05
Project 0063,2024-09-01,223.35,32338.67,23755.54
Project 0063,2024-10-01,180.94,38742.09,27950.04
Project 0063,2024-11-01,155.99,28528.18,18052.44
Project 0063,2024-12-01,165.44,33844.83,21027.63
Project 0063,2025-01-01,183.98,29926.16,21210.73
Project 0063,2025-02-01,152.65,36020.01,23323.54
Project 0063,2025-03-01,187.33,36463.5,22911.3
Project 0063,2025-04-01,223.38,35537.89,20220.4
Project 0063,2025-05-01,177.2,32703.56,21760.73
Project 0063,2025-06-01,158.31,29796.59,18088.68
Project 0063,2025-07-01,204.11,39619.59,27033.98
Project 0063,2025-08-01,154.27,37921.76,27374.45
Project 0063,2025-09-01,171.34,35206.89,25108.53
Project 0063,2025-10-01,213.28,37745.84,21632.28
Project 0063,2025-11-01,222.64,39784.48,24725.81
Project 0063,2025-12-01,157.52,28742.04,21515.32
Project 0063,2026-01-01,173.09,34817.98,21156.81
Project 0063,2026-02-01,198.36,31077.69,19699.45
Project 0063,2026-03-01,199.98,39736.2,28149.48
Project 0063,2026-04-01,150.3,31514.64,20407.76
Project 0063,2026-05-01,160.4,31781.57,23535.16
Project 0063,2026-06-01,158.15,33363.22,19675.3
Project 0063,2026-07-01,225.9,31367.58,18933.55
Project 0063,2026-08-01,197.97,31955.38,19454.19
Project 0064,2024-09-01,295.97,57700.44,35343.63
Project 0064,2024-10-01,274.26,55165.74,39218.88
Project 0064,2024-11-01,391.69,55903.37,39663.92
Project 0064,2024-12-01,319.39,65130.41,37710.93
Project 0064,2025-01-01,364.62,69717.94,47484.24
Project 0064,2025-02-01,415.19,52922.63,29809.1
Project 0064,2025-03-01,333.81,61183.47,33667.5
Project 0064,2025-04-01,388.1,64188.61,45872.63
Project 0064,2025-05-01,347.0,73006.98,49362.01
Project 0064,2025-06-01,347.05,54556.88,31695.54
Project 0064,2025-07-01,322.43,61248.92,38875.18
Project 0064,2025-08-01,411.37,65908.13,41449.42
Project 0064,2025-09-01,389.07,75353.6,49152.87
Project 0064,2025-10-01,287.22,67577.89,48582.03
Project 0064,2025-11-01,424.27,66155.42,44806.12
Project 0064,2025-12-01,395.38,71962.42,44551.38
Project 0064,2026-01-01,338.12,58710.89,37777.42
Project 0064,2026-02-01,410.09,58260.5,38365.1
Project 0064,2026-03-01,396.97,75291.63,49778.38
Project 0064,2026-04-01,349.66,74567.26,54241.81
Project 0064,2026-05-01,330.08,60983.69,38640.86
Project 0064,2026-06-01,357.19,65331.22,42418.24
Project 0064,2026-07-01,415.15,59780.94,39916.76
Project 0064,2026-08-01,372.34,62127.65,43712.6
Project 0065,2024-09-01,294.69,22327.41,12780.65
Project 0065,2024-10-01,292.0,18751.37,13677.22
Project 0065,2024-11-01,354.14,18435.24,11928.09
Project 0065,2024-12-01,230.32,22417.18,16359.23
Project 0065,2025-01-01,355.14,22123.78,12225.94
Project 0065,2025-02-01,314.89,16900.87,9381.58
Project 0065,2025-03-01,258.21,16157.47,10542.56
Project 0065,2025-04-01,233.74,19474.44,11374.51
Project 0065,2025-05-01,307.06,19156.73,11104.78
Project 0065,2025-06-01,347.73,18463.03,13843.21
Project 0065,2025-07-01,344.75,22509.57,14156.99
Project 0065,2025-08-01,283.82,20441.91,13894.48
Project 0065,2025-09-01,308.66,17848.12,11686.09
Project 0065,2025-10-01,332.83,15888.36,8776.41
Project 0065,2025-11-01,230.03,17736.18,11089.37
Project 0065,2025-12-01,348.92,16154.39,10227.92
Project 0065,2026-01-01,275.08,18880.18,12753.59
Project 0065,2026-02-01,314.16,21114.77,14772.77
Project 0065,2026-03-01,342.37,21950.83,15032.19
Project 0065,2026-04-01,312.79,17196.17,11198.43
Project 0065,2026-05-01,338.36,20652.68,14426.81
Project 0065,2026-06-01,237.62,21542.22,11984.46
Project 0065,2026-07-01,347.24,17497.84,12506.26
Project 0065,2026-08-01,321.05,20415.46,14195.56
Project 0066,2024-09-01,261.58,17169.0,11583.55
Project 0066,2024-10-01,198.93,15696.44,10696.56
Project 0066,2024-11-01,192.77,14414.55,10252.79
Project 0066,2024-12-01,276.29,14869.62,9015.98
Project 0066,2025-01-01,222.66,14712.32,8447.17
Project 0066,2025-02-01,206.4,14422.19,8394.64
Project 0066,2025-03-01,200.9,13656.57,9516.1
Project 0066,2025-04-01,239.82,12319.67,8650.04
Project 0066,2025-05-01,271.64,14712.61,10174.89
Project 0066,2025-06-01,197.22,16133.64,11381.63
Project 0066,2025-07-01,213.87,16581.29,9827.28
Project 0066,2025-08-01,252.2,14203.8,8998.5
Project 0066,2025-09-01,188.78,16073.7,11431.65
Project 0066,2025-10-01,202.49,13502.62,9020.78
Project 0066,2025-11-01,179.94,12528.91,7544.98
Project 0066,2025-12-01,269.22,15017.58,10801.95
Project 0066,2026-01-01,181.03,14764.32,9700.9
Project 0066,2026-02-01,211.63,15904.28,9100.63
Project 0066,2026-03-01,255.44,13637.49,8458.64
Project 0066,2026-04-01,209.64,16474.32,9599.77
Project 0066,2026-05-01,223.09,14473.95,8007.3
Project 0066,2026-06-01,196.01,12778.47,7318.46
Project 0066,2026-07-01,274.99,13972.32,9107.78
Project 0066,2026-08-01,213.38,15493.5,9523.82
Project 0067,2024-09-01,132.62,15180.18,9817.36
Project 0067,2024-10-01,148.18,16065.7,10419.17
Project 0067,2024-11-01,111.79,17256.8,11396.95
Project 0067,2024-12-01,119.75,19977.58,11861.87
Project 0067,2025-01-01,112.29,18459.59,12613.86
Project 0067,2025-02-01,108.27,19007.98,10593.23
Project 0067,2025-03-01,120.48,19106.24,10838.76
Project 0067,2025-04-01,121.64,20021.05,12851.91
Project 0067,2025-05-01,140.1,16584.99,10121.78
Project 0067,2025-06-01,144.56,21392.5,12350.84
Project 0067,2025-07-01,125.85,17767.66,11670.68
Project 0067,2025-08-01,137.52,20563.48,11563.08
Project 0067,2025-09-01,103.62,19337.19,13651.91
Project 0067,2025-10-01,121.33,19410.97,11811.35
Project 0067,2025-11-01,149.3,20276.45,12580.73
Project 0067,2025-12-01,136.13,16993.51,9374.86
Project 0067,2026-01-01,110.57,15571.52,9141.76
Project 0067,2026-02-01,161.61,18394.39,12517.8
Project 0067,2026-03-01,134.11,15431.02,10019.81
Project 0067,2026-04-01,157.37,15975.87,10195.05
Project 0067,2026-05-01,127.89,21566.98,14484.2
Project 0067,2026-06-01,129.9,15716.79,9394.76
Project 0067,2026-07-01,149.33,20521.63,14669.6
Project 0067,2026-08-01,152.21,19785.55,11676.75
Project 0068,2024-09-01,334.78,69791.01,47281.91
Project 0068,2024-10-01,270.67,76528.83,43597.48
Project 0068,2024-11-01,316.72,81638.76,47412.95
Project 0068,2024-12-01,365.36,78493.81,45833.53
Project 0068,2025-01-01,367.87,79105.0,58353.57
Project 0068,2025-02-01,314.84,81571.21,50675.48
Project 0068,2025-03-01,248.28,58452.9,37162.47
Project 0068,2025-04-01,265.25,68447.13,43059.82
Project 0068,2025-05-01,356.29,62719.68,38236.36
Project 0068,2025-06-01,308.86,73526.12,41202.3
Project 0068,2025-07-01,312.21,82286.95,50607.42
Project 0068,2025-08-01,286.34,62298.47,34519.73
Project 0068,2025-09-01,312.79,67535.34,48920.79
Project 0068,2025-10-01,255.22,75790.07,43924.08
Project 0068,2025-11-01,266.76,69181.23,38435.02
Project 0068,2025-12-01,242.6,78788.96,56423.77
Project 0068,2026-01-01,373.55,61941.0,41548.46
Project 0068,2026-02-01,255.07,77003.71,55629.08
Project 0068,2026-03-01,329.45,79660.22,51815.38
Project 0068,2026-04-01,240.74,76659.72,51246.12
Project 0068,2026-05-01,288.86,79869.6,45658.09
Project 0068,2026-06-01,339.61,68996.52,39428.77
Project 0068,2026-07-01,260.15,63520.1,45060.49
Project 0068,2026-08-01,334.06,59870.76,37316.93
Project 0069,2024-09-01,248.46,14615.95,8373.61
Project 0069,2024-10-01,234.34,12494.78,7537.25
Project 0069,2024-11-01,235.73,12017.76,8982.27
Project 0069,2024-12-01,185.63,13660.09,8601.94
Project 0069,2025-01-01,229.92,11801.56,8316.5
Project 0069,2025-02-01,162.62,15189.39,10061.4
Project 0069,2025-03-01,191.39,12013.6,8493.51
Project 0069,2025-04-01,218.61,11906.82,8107.51
Project 0069,2025-05-01,231.14,15568.9,11065.24
Project 0069,2025-06-01,177.28,13538.61,8598.54
Project 0069,2025-07-01,222.28,13624.57,9149.47
Project 0069,2025-08-01,184.47,12877.26,7515.76
Project 0069,2025-09-01,219.26,14318.27,9843.45
Project 0069,2025-10-01,184.2,12774.18,8966.76
Project 0069,2025-11-01,201.89,14701.76,9885.18
Project 0069,2025-12-01,224.43,12778.95,9164.35
Project 0069,2026-01-01,207.1,14291.31,9171.18
Project 0069,2026-02-01,222.41,14070.67,9311.21
Project 0069,2026-03-01,169.02,13987.16,10355.44
Project 0069,2026-04-01,194.41,14784.06,9795.36
Project 0069,2026-05-01,163.96,11211.42,6728.64
Project 0069,2026-06-01,238.18,14298.36,9463.19
Project 0069,2026-07-01,197.01,13541.16,7885.29
Project 0069,2026-08-01,229.81,11552.75,8497.06
Project 0070,2024-09-01,146.57,17527.28,12845.6
Project 0070,2024-10-01,153.33,15175.6,10218.69
Project 0070,2024-11-01,124.25,18423.79,12653.07
Project 0070,2024-12-01,113.32,19676.77,12921.82
Project 0070,2025-01-01,159.54,15246.83,9933.73
Project 0070,2025-02-01,128.85,19760.88,11362.82
Project 0070,2025-03-01,123.58,14865.08,8901.9
Project 0070,2025-04-01,107.78,18179.25,11891.3
Project 0070,2025-05-01,141.57,17102.44,11808.95
Project 0070,2025-06-01,166.36,18650.26,10773.38
Project 0070,2025-07-01,132.3,17344.95,10986.47
Project 0070,2025-08-01,136.26,18840.01,12311.69
Project 0070,2025-09-01,166.79,17361.67,12769.72
Project 0070,2025-10-01,113.25,16565.59,11893.31
Project 0070,2025-11-01,124.26,20969.42,13033.69
Project 0070,2025-12-01,149.72,20614.68,12556.97
Project 0070,2026-01-01,163.9,18311.43,13044.38
Project 0070,2026-02-01,151.29,19338.46,11324.68
Project 0070,2026-03-01,123.26,19867.65,14624.05
Project 0070,2026-04-01,158.63,16929.14,10212.45
Project 0070,2026-05-01,112.96,17886.54,12199.05
Project 0070,2026-06-01,150.16,19940.46,13054.05
Project 0070,2026-07-01,163.24,14888.18,10289.19
Project 0070,2026-08-01,154.8,19364.21,13546.21
Project 0071,2024-09-01,142.06,29001.55,19576.2
Project 0071,2024-10-01,146.0,33393.0,18642.47
Project 0071,2024-11-01,102.09,28339.7,16165.39
Project 0071,2024-12-01,150.08,30706.38,17624.39
Project 0071,2025-01-01,152.2,29107.62,20749.66
Project 0071,2025-02-01,144.23,29836.99,19529.47
Project 0071,2025-03-01,107.23,25991.41,15274.47
Project 0071,2025-04-01,153.33,28042.28,19908.21
Project 0071,2025-05-01,128.3,28913.12,17438.13
Project 0071,2025-06-01,146.02,31801.23,19010.17
Project 0071,2025-07-01,135.79,24754.8,16400.11
Project 0071,2025-08-01,136.93,28586.92,18870.87
Project 0071,2025-09-01,122.85,26975.09,17145.98
Project 0071,2025-10-01,155.06,33671.99,24533.42
Project 0071,2025-11-01,133.56,31958.91,21983.01
Project 0071,2025-12-01,114.4,34298.01,22534.62
Project 0071,2026-01-01,138.95,31644.41,19001.07
Project 0071,2026-02-01,145.63,30550.26,19705.4
Project 0071,2026-03-01,120.69,32747.22,24159.33
Project 0071,2026-04-01,134.19,29988.66,16681.86
Project 0071,2026-05-01,136.3,26120.92,16559.99
Project 0071,2026-06-01,103.7,29714.64,21300.26
Project 0071,2026-07-01,110.7,32653.71,22102.18
Project 0071,2026-08-01,136.76,33013.29,20206.76
Project 0072,2024-09-01,239.5,33019.23,20262.29
Project 0072,2024-10-01,281.83,28349.56,16205.89
Project 0072,2024-11-01,254.54,36130.53,21454.1
Project 0072,2024-12-01,247.63,31228.31,20516.4
Project 0072,2025-01-01,229.93,29566.69,17834.01
Project 0072,2025-02-01,217.49,30576.08,21529.49
Project 0072,2025-03-01,287.26,32634.4,21512.92
Project 0072,2025-04-01,327.97,32280.71,17809.72
Project 0072,2025-05-01,237.19,26191.51,15281.7
Project 0072,2025-06-01,295.88,27688.74,17773.31
Project 0072,2025-07-01,241.51,36786.79,22519.62
Project 0072,2025-08-01,315.4,36702.18,23634.73
Project 0072,2025-09-01,316.8,31879.83,20600.62
Project 0072,2025-10-01,315.0,27967.42,18390.1
Project 0072,2025-11-01,275.56,27372.76,17317.12
Project 0072,2025-12-01,229.19,35496.74,25736.62
Project 0072,2026-01-01,263.19,31404.09,18289.54
Project 0072,2026-02-01,327.02,33521.02,20953.17
Project 0072,2026-03-01,281.58,28366.57,20118.62
Project 0072,2026-04-01,290.92,25697.29,17199.28
Project 0072,2026-05-01,268.94,29225.96,17517.83
Project 0072,2026-06-01,291.31,34520.73,22664.32
Project 0072,2026-07-01,249.39,30060.74,21479.82
Project 0072,2026-08-01,275.05,30721.63,20097.04
Project 0073,2024-09-01,118.43,24008.54,13782.53
Project 0073,2024-10-01,148.02,20936.61,12451.12
Project 0073,2024-11-01,150.39,20560.21,11941.62
Project 0073,2024-12-01,123.3,25560.87,14705.07
Project 0073,2025-01-01,104.18,23710.98,17029.44
Project 0073,2025-02-01,111.52,24580.47,14684.27
Project 0073,2025-03-01,114.46,24005.1,14492.35
Project 0073,2025-04-01,152.46,24763.88,15610.36
Project 0073,2025-05-01,155.06,26367.24,15642.64
Project 0073,2025-06-01,148.02,27159.45,16876.54
Project 0073,2025-07-01,118.81,28760.51,17283.94
Project 0073,2025-08-01,128.97,26852.7,16545.53
Project 0073,2025-09-01,148.49,21640.21,15305.35
Project 0073,2025-10-01,159.82,25046.45,15369.32
Project 0073,2025-11-01,143.3,21999.85,15436.9
Project 0073,2025-12-01,107.83,22046.28,15699.23
Project 0073,2026-01-01,141.37,28646.2,17347.38
Project 0073,2026-02-01,156.04,28823.32,18812.29
Project 0073,2026-03-01,151.47,27318.65,20132.75
Project 0073,2026-04-01,141.31,27455.66,18446.38
Project 0073,2026-05-01,140.29,24175.3,17141.33
Project 0073,2026-06-01,130.89,28580.65,18998.44
Project 0073,2026-07-01,142.77,23977.26,16208.25
Project 0073,2026-08-01,135.25,20227.94,11483.35
Project 0074,2024-09-01,343.15,34830.96,20958.83
Project 0074,2024-10-01,244.96,39565.35,23181.34
Project 0074,2024-11-01,302.95,45967.07,33378.24
Project 0074,2024-12-01,272.59,40417.82,25039.64
Project 0074,2025-01-01,311.25,45171.16,33012.81
Project 0074,2025-02-01,302.88,43504.97,30764.56
Project 0074,2025-03-01,284.36,48707.77,29223.46
Project 0074,2025-04-01,303.67,43716.6,32692.9
Project 0074,2025-05-01,246.35,41398.82,30861.74
Project 0074,2025-06-01,260.38,47141.85,34456.97
Project 0074,2025-07-01,287.23,39565.53,28933.41
Project 0074,2025-08-01,254.91,42419.51,26461.77
Project 0074,2025-09-01,259.83,45311.65,30270.28
Project 0074,2025-10-01,282.74,44907.57,30931.26
Project 0074,2025-11-01,300.06,47753.78,29921.65
Project 0074,2025-12-01,317.9,38217.11,27744.49
Project 0074,2026-01-01,289.81,39324.41,24826.49
Project 0074,2026-02-01,267.15,42881.95,30636.67
Project 0074,2026-03-01,331.56,38886.65,25379.1
Project 0074,2026-04-01,260.56,43259.85,30152.31
Project 0074,2026-05-01,251.63,37275.0,24576.75
Project 0074,2026-06-01,243.06,45118.82,25441.56
Project 0074,2026-07-01,345.55,46525.59,27871.66
Project 0074,2026-08-01,296.15,43701.7,29565.91
Project 0075,2024-09-01,253.25,45755.36,32284.84
Project 0075,2024-10-01,320.28,40380.7,27490.63
Project 0075,2024-11-01,250.05,46623.56,25917.82
Project 0075,2024-12-01,378.72,35806.5,24814.45
Project 0075,2025-01-01,248.71,42147.96,30591.92
Project 0075,2025-02-01,334.21,45026.98,27818.85
Project 0075,2025-03-01,322.48,34240.58,23760.87
Project 0075,2025-04-01,329.91,34585.5,21002.85
Project 0075,2025-05-01,316.88,44322.0,25520.93
Project 0075,2025-06-01,296.97,40867.38,23951.19
Project 0075,2025-07-01,243.73,45444.91,27831.63
Project 0075,2025-08-01,255.49,33399.03,20354.01
Project 0075,2025-09-01,324.77,34004.67,19293.32
Project 0075,2025-10-01,249.49,43413.3,24392.28
Project 0075,2025-11-01,366.29,37653.0,25539.22
Project 0075,2025-12-01,261.79,44407.55,31832.44
Project 0075,2026-01-01,271.69,33334.38,22441.32
Project 0075,2026-02-01,378.41,38669.08,21502.63
Project 0075,2026-03-01,328.51,47727.63,31583.35
Project 0075,2026-04-01,280.03,34080.83,25047.11
Project 0075,2026-05-01,333.77,38363.9,28769.06
Project 0075,2026-06-01,321.93,37038.93,25530.47
Project 0075,2026-07-01,262.78,35608.36,22834.28
Project 0075,2026-08-01,341.05,38822.63,21892.15
Project 0076,2024-09-01,34.99,16820.0,11273.83
Project 0076,2024-10-01,37.38,14705.63,8531.96
Project 0076,2024-11-01,52.31,15893.32,9640.94
Project 0076,2024-12-01,41.75,14061.98,7938.12
Project 0076,2025-01-01,51.07,15276.5,9333.57
Project 0076,2025-02-01,36.21,16912.98,11540.71
Project 0076,2025-03-01,43.57,14114.97,9055.17
Project 0076,2025-04-01,48.9,13136.37,9120.78
Project 0076,2025-05-01,51.28,13258.81,8132.54
Project 0076,2025-06-01,37.11,15544.39,9073.89
Project 0076,2025-07-01,46.49,13431.24,9121.19
Project 0076,2025-08-01,36.25,13847.17,8650.7
Project 0076,2025-09-01,48.02,15356.85,8938.29
Project 0076,2025-10-01,49.64,11841.02,6764.46
Project 0076,2025-11-01,34.76,12225.99,7782.09
Project 0076,2025-12-01,47.36,14399.12,8772.13
Project 0076,2026-01-01,38.07,15468.66,11081.72
Project 0076,2026-02-01,46.29,14753.21,8733.24
Project 0076,2026-03-01,43.93,12183.45,8200.95
Project 0076,2026-04-01,53.56,12291.55,9170.51
Project 0076,2026-05-01,53.55,14616.95,8563.91
Project 0076,2026-06-01,35.49,11932.08,7964.69
Project 0076,2026-07-01,53.72,12119.08,7009.52
Project 0076,2026-08-01,51.02,13374.08,7940.83
Project 0077,2024-09-01,237.8,56082.71,33942.22
Project 0077,2024-10-01,199.22,55516.69,35982.0
Project 0077,2024-11-01,256.67,72120.77,43771.68
Project 0077,2024-12-01,220.12,58753.12,43817.25
Project 0077,2025-01-01,209.48,54517.38,37937.84
Project 0077,2025-02-01,189.42,72072.95,42917.71
Project 0077,2025-03-01,176.03,55699.6,37364.58
Project 0077,2025-04-01,233.84,65569.27,36998.42
Project 0077,2025-05-01,194.86,52229.43,31758.57
Project 0077,2025-06-01,189.79,68138.46,38077.03
Project 0077,2025-07-01,215.34,59432.1,38047.33
Project 0077,2025-08-01,183.69,69033.58,47687.6
Project 0077,2025-09-01,204.76,58189.17,42856.82
Project 0077,2025-10-01,237.82,56204.69,34005.27
Project 0077,2025-11-01,252.11,61941.75,44991.05
Project 0077,2025-12-01,231.82,69295.15,41560.69
Project 0077,2026-01-01,244.51,65359.25,36087.35
Project 0077,2026-02-01,257.77,60435.09,39156.95
Project 0077,2026-03-01,260.61,57599.88,33475.68
Project 0077,2026-04-01,242.27,55272.67,34295.98
Project 0077,2026-05-01,189.63,66507.73,39934.82
Project 0077,2026-06-01,268.67,54168.22,34184.53
Project 0077,2026-07-01,175.36,58173.07,33780.15
Project 0077,2026-08-01,180.76,60034.21,39151.18
Project 0078,2024-09-01,263.3,74626.47,50892.31
Project 0078,2024-10-01,206.55,74379.56,51721.52
Project 0078,2024-11-01,199.08,81511.16,59743.63
Project 0078,2024-12-01,188.81,63990.67,37592.6
Project 0078,2025-01-01,237.44,87000.42,61560.47
Project 0078,2025-02-01,234.33,68440.87,42546.81
Project 0078,2025-03-01,185.41,84777.69,50762.21
Project 0078,2025-04-01,272.92,66391.4,42723.45
Project 0078,2025-05-01,230.07,73243.38,54521.27
Project 0078,2025-06-01,256.94,85388.67,51924.49
Project 0078,2025-07-01,279.43,66734.44,42350.69
Project 0078,2025-08-01,232.31,69827.15,51223.07
Project 0078,2025-09-01,241.9,72776.33,51714.37
Project 0078,2025-10-01,207.48,73867.26,55319.57
Project 0078,2025-11-01,271.28,88283.17,60710.11
Project 0078,2025-12-01,278.59,70265.8,42518.63
Project 0078,2026-01-01,279.1,84041.99,56358.62
Project 0078,2026-02-01,265.86,84103.17,49505.78
Project 0078,2026-03-01,192.83,80423.71,52401.68
Project 0078,2026-04-01,226.6,66654.46,47764.35
Project 0078,2026-05-01,216.31,89116.28,58495.14
Project 0078,2026-06-01,282.88,76158.97,49177.12
Project 0078,2026-07-01,279.47,81272.74,50769.11
Project 0078,2026-08-01,279.02,86800.6,63896.75
Project 0079,2024-09-01,228.08,28467.96,20613.06
Project 0079,2024-10-01,249.28,29455.99,16896.27
Project 0079,2024-11-01,229.32,26082.73,17365.45
Project 0079,2024-12-01,246.9,29829.49,19479.16
Project 0079,2025-01-01,254.51,33092.72,21008.89
Project 0079,2025-02-01,200.55,30189.17,19702.89
Project 0079,2025-03-01,236.16,31995.41,19681.71
Project 0079,2025-04-01,193.54,33493.0,24546.62
Project 0079,2025-05-01,287.69,25685.91,16502.45
Project 0079,2025-06-01,212.82,30051.91,16589.08
Project 0079,2025-07-01,197.22,28516.34,19447.12
Project 0079,2025-08-01,266.99,29009.54,17155.75
Project 0079,2025-09-01,241.09,35481.92,20327.63
Project 0079,2025-10-01,207.55,29920.21,17651.04
Project 0079,2025-11-01,256.88,31095.44,22771.93
Project 0079,2025-12-01,288.06,31048.58,22924.0
Project 0079,2026-01-01,238.65,35090.2,20288.48
Project 0079,2026-02-01,254.31,27882.8,17687.48
Project 0079,2026-03-01,236.42,27090.93,14994.45
Project 0079,2026-04-01,193.42,33629.39,22727.51
Project 0079,2026-05-01,199.69,34287.76,22414.86
Project 0079,2026-06-01,213.26,34132.47,19885.01
Project 0079,2026-07-01,244.45,29207.15,19424.39
Project 0079,2026-08-01,234.15,26913.57,16246.55
Project 0080,2024-09-01,311.6,87816.15,63029.24
Project 0080,2024-10-01,373.96,76207.62,49688.29
Project 0080,2024-11-01,323.95,81637.57,57443.57
Project 0080,2024-12-01,333.33,76112.86,49742.47
Project 0080,2025-01-01,363.82,87529.76,54253.75
Project 0080,2025-02-01,361.26,82995.27,61101.44
Project 0080,2025-03-01,362.01,87799.08,54286.3
Project 0080,2025-04-01,351.11,86062.83,64293.58
Project 0080,2025-05-01,276.28,71124.12,40112.47
Project 0080,2025-06-01,406.08,82144.85,45211.41
Project 0080,2025-07-01,363.47,84552.16,58887.27
Project 0080,2025-08-01,388.14,74153.56,41447.49
Project 0080,2025-09-01,304.58,85384.91,55104.65
Project 0080,2025-10-01,305.23,87271.8,51232.17
Project 0080,2025-11-01,344.79,83303.93,54387.54
Project 0080,2025-12-01,269.52,71384.21,45118.66
Project 0080,2026-01-01,401.05,67166.82,37495.88
Project 0080,2026-02-01,272.14,76294.27,43419.74
Project 0080,2026-03-01,361.96,82673.71,46017.05
Project 0080,2026-04-01,276.15,64206.77,45111.66
Project 0080,2026-05-01,270.01,80587.9,52190.29
Project 0080,2026-06-01,395.46,84166.34,62014.37
Project 0080,2026-07-01,284.76,73368.41,43829.2
Project 0080,2026-08-01,410.94,85967.23,55300.89
Project 0081,2024-09-01,198.96,26391.72,16124.36
Project 0081,2024-10-01,213.98,25893.99,14323.19
Project 0081,2024-11-01,220.16,25925.21,14425.11
Project 0081,2024-12-01,186.56,24128.97,17507.04
Project 0081,2025-01-01,161.8,31072.37,20207.68
Project 0081,2025-02-01,219.0,26079.37,18107.19
Project 0081,2025-03-01,203.18,32070.32,24017.14
Project 0081,2025-04-01,240.32,33263.3,22119.23
Project 0081,2025-05-01,193.04,27335.46,15100.79
Project 0081,2025-06-01,225.4,25819.51,17317.82
Project 0081,2025-07-01,164.34,32615.86,18951.62
Project 0081,2025-08-01,192.51,31320.47,17967.58
Project 0081,2025-09-01,231.65,33431.0,21119.98
Project 0081,2025-10-01,221.91,31667.83,22420.67
Project 0081,2025-11-01,167.51,31584.91,21307.01
Project 0081,2025-12-01,163.74,23350.62,17064.54
Project 0081,2026-01-01,226.96,28655.08,20565.76
Project 0081,2026-02-01,239.15,32953.66,21309.89
Project 0081,2026-03-01,173.88,26703.58,16824.97
Project 0081,2026-04-01,210.86,27014.48,18453.64
Project 0081,2026-05-01,226.28,33246.39,22565.98
Project 0081,2026-06-01,162.93,26694.64,16220.33
Project 0081,2026-07-01,178.52,31108.65,21540.8
Project 0081,2026-08-01,175.47,29186.94,17580.02
Project 0082,2024-09-01,230.79,55055.99,38853.71
Project 0082,2024-10-01,247.41,59768.0,42701.54
Project 0082,2024-11-01,288.9,56369.37,33452.11
Project 0082,2024-12-01,225.63,59366.8,35964.01
Project 0082,2025-01-01,245.06,48804.03,28945.37
Project 0082,2025-02-01,291.68,49199.1,34948.55
Project 0082,2025-03-01,270.77,60042.53,44658.7
Project 0082,2025-04-01,209.7,56579.28,40875.25
Project 0082,2025-05-01,230.35,59932.77,38639.49
Project 0082,2025-06-01,285.24,53372.83,33022.11
Project 0082,2025-07-01,283.14,64301.47,43474.5
Project 0082,2025-08-01,225.65,56708.81,31397.83
Project 0082,2025-09-01,266.53,47759.82,30772.04
Project 0082,2025-10-01,214.35,48199.46,35646.75
Project 0082,2025-11-01,282.87,52499.71,32073.5
Project 0082,2025-12-01,188.44,55984.46,36634.83
Project 0082,2026-01-01,211.2,57839.22,38508.62
Project 0082,2026-02-01,259.37,58041.58,40935.61
Project 0082,2026-03-01,246.69,51395.55,38357.31
Project 0082,2026-04-01,287.65,63008.39,39520.58
Project 0082,2026-05-01,252.24,60807.43,34450.27
Project 0082,2026-06-01,258.32,61540.7,36295.69
Project 0082,2026-07-01,275.35,46812.19,26485.42
Project 0082,2026-08-01,231.75,47042.05,27141.36
Project 0083,2024-09-01,191.39,25337.92,16820.08
Project 0083,2024-10-01,196.56,25452.25,15798.68
Project 0083,2024-11-01,189.02,24415.17,14983.44
Project 0083,2024-12-01,219.95,23829.71,16879.61
Project 0083,2025-01-01,218.66,25844.81,18194.41
Project 0083,2025-02-01,150.87,24892.96,15495.53
Project 0083,2025-03-01,202.55,23943.54,14019.29
Project 0083,2025-04-01,179.88,20507.45,13608.04
Project 0083,2025-05-01,231.23,24687.95,17282.02
Project 0083,2025-06-01,191.37,24777.85,15559.38
Project 0083,2025-07-01,203.95,21212.1,12193.72
Project 0083,2025-08-01,208.18,22691.38,14472.15
Project 0083,2025-09-01,203.28,25650.73,15236.53
Project 0083,2025-10-01,209.07,21897.21,13460.78
Project 0083,2025-11-01,201.14,18732.73,13854.24
Project 0083,2025-12-01,228.96,21943.59,15733.66
Project 0083,2026-01-01,211.89,19269.45,12276.44
Project 0083,2026-02-01,210.06,20083.86,14029.22
Project 0083,2026-03-01,229.68,19526.71,13673.18
Project 0083,2026-04-01,178.18,25493.98,18811.17
Project 0083,2026-05-01,155.5,21020.52,14768.89
Project 0083,2026-06-01,202.39,23673.52,15339.94
Project 0083,2026-07-01,204.69,18356.74,11626.55
Project 0083,2026-08-01,187.86,22538.65,16750.98
Project 0084,2024-09-01,168.87,58088.58,42826.93
Project 0084,2024-10-01,119.06,57837.12,32207.08
Project 0084,2024-11-01,137.1,60063.1,39994.57
Project 0084,2024-12-01,136.5,50011.32,32553.78
Project 0084,2025-01-01,159.88,65555.34,48329.34
Project 0084,2025-02-01,132.3,65229.91,39936.28
Project 0084,2025-03-01,176.81,61423.01,40161.15
Project 0084,2025-04-01,119.02,65910.25,40199.88
Project 0084,2025-05-01,149.95,58471.56,33522.95
Project 0084,2025-06-01,119.96,53338.25,36192.63
Project 0084,2025-07-01,178.03,63890.43,44078.57
Project 0084,2025-08-01,152.84,55307.82,31933.84
Project 0084,2025-09-01,130.93,52800.15,37711.98
Project 0084,2025-10-01,154.52,64332.88,44746.91
Project 0084,2025-11-01,159.36,48386.91,33413.98
Project 0084,2025-12-01,134.68,55046.46,39934.83
Project 0084,2026-01-01,179.04,60878.6,43447.87
Project 0084,2026-02-01,131.23,65852.93,37361.63
Project 0084,2026-03-01,126.96,52719.45,34511.53
Project 0084,2026-04-01,157.31,58669.9,35310.36
Project 0084,2026-05-01,119.67,64213.68,39786.97
Project 0084,2026-06-01,170.06,60397.86,38245.36
Project 0084,2026-07-01,160.0,46285.24,26040.95
Project 0084,2026-08-01,162.18,48113.35,29469.32
Project 0085,2024-09-01,68.07,11922.85,8891.06
Project 0085,2024-10-01,65.93,14717.85,8876.33
Project 0085,2024-11-01,61.44,11717.16,7691.72
Project 0085,2024-12-01,68.13,13094.56,8270.51
Project 0085,2025-01-01,67.94,11303.81,6988.25
Project 0085,2025-02-01,73.81,12799.11,8660.68
Project 0085,2025-03-01,70.18,12441.01,7551.33
Project 0085,2025-04-01,72.28,10457.07,6279.61
Project 0085,2025-05-01,75.99,13375.66,9806.84
Project 0085,2025-06-01,53.58,14684.72,10985.27
Project 0085,2025-07-01,72.84,13439.33,7432.52
Project 0085,2025-08-01,57.69,14246.1,10221.09
Project 0085,2025-09-01,72.92,10417.78,6635.72
Project 0085,2025-10-01,56.53,11256.2,7181.74
Project 0085,2025-11-01,68.06,10905.53,7361.71
Project 0085,2025-12-01,73.91,14092.87,7934.85
Project 0085,2026-01-01,62.02,11739.07,8604.81
Project 0085,2026-02-01,64.52,14275.75,8054.82
Project 0085,2026-03-01,80.29,14394.92,10378.01
Project 0085,2026-04-01,67.87,14172.98,8298.09
Project 0085,2026-05-01,68.31,12508.9,8105.6
Project 0085,2026-06-01,61.1,12786.33,7969.06
Project 0085,2026-07-01,57.25,12312.88,7893.45
Project 0085,2026-08-01,78.46,14016.3,8862.68
Project 0086,2024-09-01,85.79,14164.24,9700.9
Project 0086,2024-10-01,105.6,13587.46,9847.3
Project 0086,2024-11-01,85.19,13876.49,8263.43
Project 0086,2024-12-01,104.59,13946.12,10070.13
Project 0086,2025-01-01,117.35,14282.07,9195.72
Project 0086,2025-02-01,105.64,13764.48,8701.69
Project 0086,2025-03-01,96.22,14264.12,10387.29
Project 0086,2025-04-01,91.27,13226.25,7529.84
Project 0086,2025-05-01,104.51,11611.79,6822.19
Project 0086,2025-06-01,109.19,11653.33,7994.14
Project 0086,2025-07-01,106.35,11977.09,8368.7
Project 0086,2025-08-01,116.27,16522.82,9896.64
Project 0086,2025-09-01,112.94,15162.95,8981.93
Project 0086,2025-10-01,104.73,15842.54,11761.43
Project 0086,2025-11-01,115.18,15195.01,10570.72
Project 0086,2025-12-01,108.48,13958.63,10053.58
Project 0086,2026-01-01,127.33,14983.03,10910.12
Project 0086,2026-02-01,117.86,16475.76,10716.83
Project 0086,2026-03-01,118.1,12383.96,7533.35
Project 0086,2026-04-01,95.64,12973.03,9405.76
Project 0086,2026-05-01,114.52,15927.65,10266.91
Project 0086,2026-06-01,113.38,14938.51,9458.27
Project 0086,2026-07-01,102.59,13461.33,8989.83
Project 0086,2026-08-01,105.9,14815.05,11018.52
Project 0087,2024-09-01,150.85,19015.87,12052.54
Project 0087,2024-10-01,152.14,18478.79,11174.9
Project 0087,2024-11-01,150.08,22403.97,15576.06
Project 0087,2024-12-01,135.22,22435.24,15704.94
Project 0087,2025-01-01,186.24,19139.32,14091.98
Project 0087,2025-02-01,192.5,20930.64,14831.49
Project 0087,2025-03-01,173.81,25745.6,15373.44
Project 0087,2025-04-01,139.14,25521.6,15124.41
Project 0087,2025-05-01,147.77,20518.3,13396.31
Project 0087,2025-06-01,192.51,24068.54,13663.41
Project 0087,2025-07-01,192.16,26001.87,14581.85
Project 0087,2025-08-01,184.38,21234.6,14276.35
Project 0087,2025-09-01,177.61,24595.28,15971.04
Project 0087,2025-10-01,167.91,18673.78,10451.96
Project 0087,2025-11-01,183.46,23187.94,15466.32
Project 0087,2025-12-01,158.68,26344.16,18434.74
Project 0087,2026-01-01,197.2,23697.43,16413.88
Project 0087,2026-02-01,194.62,19659.36,13438.26
Project 0087,2026-03-01,173.18,18819.19,13674.48
Project 0087,2026-04-01,151.35,22973.8,16407.47
Project 0087,2026-05-01,165.03,24622.71,14302.65
Project 0087,2026-06-01,179.0,20357.18,14478.36
Project 0087,2026-07-01,152.35,20584.12,11640.86
Project 0087,2026-08-01,126.14,24068.58,13461.75
Project 0088,2024-09-01,90.06,9041.15,5727.36
Project 0088,2024-10-01,100.12,10198.71,6002.56
Project 0088,2024-11-01,101.16,10561.22,6710.83
Project 0088,2024-12-01,68.82,11213.93,7939.84
Project 0088,2025-01-01,95.9,10693.05,6423.95
Project 0088,2025-02-01,95.37,10691.95,7963.1
Project 0088,2025-03-01,96.35,9259.4,5649.51
Project 0088,2025-04-01,76.71,11198.33,7533.0
Project 0088,2025-05-01,78.34,10420.81,5810.52
Project 0088,2025-06-01,100.28,9604.2,7199.84
Project 0088,2025-07-01,76.58,12105.5,7632.38
Project 0088,2025-08-01,102.22,11943.56,7656.95
Project 0088,2025-09-01,102.46,12298.95,8912.99
Project 0088,2025-10-01,66.1,9920.79,6432.8
Project 0088,2025-11-01,73.37,11121.81,6750.22
Project 0088,2025-12-01,83.49,12044.82,7389.15
Project 0088,2026-01-01,90.34,11482.13,8082.03
Project 0088,2026-02-01,93.68,9642.69,6459.5
Project 0088,2026-03-01,95.03,9251.29,5797.01
Project 0088,2026-04-01,82.65,10328.34,6395.67
Project 0088,2026-05-01,96.18,10359.55,5955.72
Project 0088,2026-06-01,86.67,12855.93,7541.09
Project 0088,2026-07-01,88.04,9542.04,6456.14
Project 0088,2026-08-01,74.94,9233.35,6547.3
Project 0089,2024-09-01,178.19,41581.59,28343.36
Project 0089,2024-10-01,143.4,48433.07,26824.65
Project 0089,2024-11-01,129.46,55391.26,33894.38
Project 0089,2024-12-01,136.53,50831.16,33011.19
Project 0089,2025-01-01,151.88,55108.65,40769.13
Project 0089,2025-02-01,142.48,55788.07,35146.06
Project 0089,2025-03-01,162.53,48235.49,29296.27
Project 0089,2025-04-01,161.33,57955.84,36505.25
Project 0089,2025-05-01,146.75,52182.64,37235.4
Project 0089,2025-06-01,122.57,50808.62,29740.9
Project 0089,2025-07-01,158.2,56099.54,41517.51
Project 0089,2025-08-01,139.9,41987.51,24718.41
Project 0089,2025-09-01,145.88,50559.33,29397.96
Project 0089,2025-10-01,156.38,52142.44,31543.43
Project 0089,2025-11-01,170.71,49240.51,29103.82
Project 0089,2025-12-01,143.37,45913.3,32109.25
Project 0089,2026-01-01,145.44,55777.77,33986.75
Project 0089,2026-02-01,188.06,56534.93,38673.89
Project 0089,2026-03-01,164.84,58324.98,40634.55
Project 0089,2026-04-01,149.31,47618.17,27562.69
Project 0089,2026-05-01,183.38,55347.37,37342.19
Project 0089,2026-06-01,130.23,46816.77,28231.97
Project 0089,2026-07-01,161.67,45245.68,33436.9
Project 0089,2026-08-01,119.77,41557.5,27845.04
Project 0090,2024-09-01,325.49,16693.26,10273.87
Project 0090,2024-10-01,249.88,16730.14,9686.26
Project 0090,2024-11-01,237.35,18625.62,11825.9
Project 0090,2024-12-01,219.07,17842.47,9873.34
Project 0090,2025-01-01,302.66,18227.3,13459.56
Project 0090,2025-02-01,229.31,16011.56,8973.16
Project 0090,2025-03-01,293.64,17680.53,12696.57
Project 0090,2025-04-01,242.31,19282.46,12386.17
Project 0090,2025-05-01,256.96,20761.61,13489.77
Project 0090,2025-06-01,307.44,21074.84,14742.86
Project 0090,2025-07-01,267.85,16487.16,9339.46
Project 0090,2025-08-01,229.37,18787.99,13474.41
Project 0090,2025-09-01,282.56,20139.34,11645.24
Project 0090,2025-10-01,315.11,15014.16,10059.91
Project 0090,2025-11-01,254.12,19466.2,12689.95
Project 0090,2025-12-01,273.77,19701.64,13205.56
Project 0090,2026-01-01,243.16,19978.07,11251.37
Project 0090,2026-02-01,224.22,18302.73,12872.52
Project 0090,2026-03-01,325.63,19520.0,13232.85
Project 0090,2026-04-01,247.86,15284.52,10876.25
Project 0090,2026-05-01,302.96,15933.69,11250.01
Project 0090,2026-06-01,256.41,16992.41,11241.51
Project 0090,2026-07-01,244.24,20442.92,15092.02
Project 0090,2026-08-01,339.29,18739.87,10642.8
Project 0091,2024-09-01,325.0,27954.67,20209.86
Project 0091,2024-10-01,310.8,31650.2,22899.28
Project 0091,2024-11-01,293.13,26987.79,19449.99
Project 0091,2024-12-01,258.87,31102.02,22055.73
Project 0091,2025-01-01,221.13,30379.26,22538.82
Project 0091,2025-02-01,324.1,33349.82,23847.13
Project 0091,2025-03-01,242.28,27257.6,16687.76
Project 0091,2025-04-01,303.83,30204.42,20376.71
Project 0091,2025-05-01,247.38,32219.55,20182.22
Project 0091,2025-06-01,279.76,32787.44,18867.81
Project 0091,2025-07-01,229.95,34014.85,21281.02
Project 0091,2025-08-01,223.26,34716.18,23051.42
Project 0091,2025-09-01,221.85,30364.6,17856.71
Project 0091,2025-10-01,286.47,37392.15,28023.38
Project 0091,2025-11-01,289.34,32569.84,20465.86
Project 0091,2025-12-01,252.46,30080.9,18610.58
Project 0091,2026-01-01,244.95,31816.98,18930.31
Project 0091,2026-02-01,277.4,29634.8,20168.34
Project 0091,2026-03-01,256.95,36409.45,21363.09
Project 0091,2026-04-01,333.54,30878.27,17043.95
Project 0091,2026-05-01,280.92,34343.48,19995.09
Project 0091,2026-06-01,249.11,30208.16,21918.03
Project 0091,2026-07-01,291.76,32072.19,21447.88
Project 0091,2026-08-01,283.24,33900.2,18766.29
Project 0092,2024-09-01,100.11,14243.39,9771.37
Project 0092,2024-10-01,119.78,12732.22,7539.08
Project 0092,2024-11-01,107.96,17581.45,10813.37
Project 0092,2024-12-01,112.2,17443.06,12952.73
Project 0092,2025-01-01,106.45,12555.38,8578.32
Project 0092,2025-02-01,103.86,17266.25,12709.61
Project 0092,2025-03-01,132.06,15653.35,9852.87
Project 0092,2025-04-01,137.76,13577.31,10001.41
Project 0092,2025-05-01,90.93,15128.57,8652.89
Project 0092,2025-06-01,91.82,15538.69,9779.78
Project 0092,2025-07-01,127.57,14072.97,7896.56
Project 0092,2025-08-01,120.57,15080.5,10156.09
Project 0092,2025-09-01,106.35,14626.23,10040.89
Project 0092,2025-10-01,126.5,17030.96,12541.95
Project 0092,2025-11-01,130.17,16322.69,9525.6
Project 0092,2025-12-01,115.7,14704.41,8841.15
Project 0092,2026-01-01,105.64,15296.88,10516.61
Project 0092,2026-02-01,114.34,14980.25,11186.18
Project 0092,2026-03-01,109.35,14557.13,8934.02
Project 0092,2026-04-01,116.31,17287.41,11582.61
Project 0092,2026-05-01,118.59,13406.84,8110.19
Project 0092,2026-06-01,133.69,16395.38,11361.38
Project 0092,2026-07-01,117.12,16393.24,11351.07
Project 0092,2026-08-01,124.32,14721.51,8859.52
Project 0093,2024-09-01,316.23,18075.3,11610.77
Project 0093,2024-10-01,362.16,19507.6,11016.14
Project 0093,2024-11-01,365.21,19249.31,12269.99
Project 0093,2024-12-01,338.74,22952.17,16987.88
Project 0093,2025-01-01,257.97,22127.34,13731.68
Project 0093,2025-02-01,390.94,18637.81,10638.51
Project 0093,2025-03-01,288.84,20515.16,14757.47
Project 0093,2025-04-01,400.77,19907.86,11103.08
Project 0093,2025-05-01,288.63,18524.36,13193.44
Project 0093,2025-06-01,266.24,24281.52,13512.47
Project 0093,2025-07-01,275.28,23253.54,13407.99
Project 0093,2025-08-01,263.07,17711.64,10675.42
Project 0093,2025-09-01,309.71,18038.84,12925.82
Project 0093,2025-10-01,362.18,20044.1,11400.72
Project 0093,2025-11-01,302.09,22599.88,15818.8
Project 0093,2025-12-01,387.03,18585.56,11123.75
Project 0093,2026-01-01,394.68,20249.89,13480.28
Project 0093,2026-02-01,394.59,20346.84,12529.9
Project 0093,2026-03-01,401.5,18268.01,11026.01
Project 0093,2026-04-01,279.99,24072.34,16760.87
Project 0093,2026-05-01,399.17,21564.49,14244.77
Project 0093,2026-06-01,344.06,17731.96,10267.93
Project 0093,2026-07-01,380.99,23667.8,15299.31
Project 0093,2026-08-01,277.0,23550.25,15270.35
Project 0094,2024-09-01,312.87,66017.99,36897.16
Project 0094,2024-10-01,242.36,74842.34,50989.66
Project 0094,2024-11-01,342.1,56767.23,33205.42
Project 0094,2024-12-01,266.52,69012.67,47931.33
Project 0094,2025-01-01,327.89,64229.54,38985.67
Project 0094,2025-02-01,235.93,74850.97,45409.26
Project 0094,2025-03-01,237.85,68597.19,40280.74
Project 0094,2025-04-01,361.31,79336.42,55372.86
Project 0094,2025-05-01,266.39,62525.88,42464.96
Project 0094,2025-06-01,357.53,59209.77,35227.6
Project 0094,2025-07-01,297.56,80940.24,57005.08
Project 0094,2025-08-01,349.63,56366.31,34045.27
Project 0094,2025-09-01,338.72,72768.27,42411.5
Project 0094,2025-10-01,297.31,67214.48,41163.75
Project 0094,2025-11-01,273.95,68181.38,42419.02
Project 0094,2025-12-01,315.69,72802.62,43423.35
Project 0094,2026-01-01,346.19,78423.53,51117.77
Project 0094,2026-02-01,281.81,66986.38,46317.97
Project 0094,2026-03-01,257.87,72860.15,49857.59
Project 0094,2026-04-01,234.33,62531.58,43136.89
Project 0094,2026-05-01,286.31,72198.1,47299.66
Project 0094,2026-06-01,310.74,79647.64,54285.98
Project 0094,2026-07-01,253.87,57887.07,35322.13
Project 0094,2026-08-01,334.77,69601.04,42752.31
Project 0095,2024-09-01,181.09,18781.34,11286.12
Project 0095,2024-10-01,215.33,22993.0,13363.08
Project 0095,2024-11-01,223.14,21382.1,14610.26
Project 0095,2024-12-01,194.79,17205.66,9830.48
Project 0095,2025-01-01,217.11,22052.95,14366.19
Project 0095,2025-02-01,174.6,18686.33,10675.3
Project 0095,2025-03-01,175.99,23137.85,13002.89
Project 0095,2025-04-01,207.52,23084.01,16374.21
Project 0095,2025-05-01,209.14,16559.11,10426.31
Project 0095,2025-06-01,161.44,21735.51,13700.72
Project 0095,2025-07-01,205.15,21928.21,14472.79
Project 0095,2025-08-01,169.91,16938.7,11609.78
Project 0095,2025-09-01,246.35,21046.57,14572.45
Project 0095,2025-10-01,235.35,19754.22,11277.58
Project 0095,2025-11-01,183.88,19441.82,11099.87
Project 0095,2025-12-01,204.07,21675.35,14335.08
Project 0095,2026-01-01,199.52,19171.41,10989.12
Project 0095,2026-02-01,197.0,21031.44,15002.85
Project 0095,2026-03-01,176.48,17643.31,11982.49
Project 0095,2026-04-01,200.59,22261.82,15480.66
Project 0095,2026-05-01,247.35,23351.74,16319.77
Project 0095,2026-06-01,180.32,21505.35,15413.06
Project 0095,2026-07-01,244.8,19127.67,10831.72
Project 0095,2026-08-01,208.14,19346.17,12208.04
Project 0096,2024-09-01,159.17,6677.27,4681.99
Project 0096,2024-10-01,134.81,7838.86,5458.37
Project 0096,2024-11-01,130.79,6801.17,4680.11
Project 0096,2024-12-01,151.6,8368.35,5491.97
Project 0096,2025-01-01,152.48,6923.81,3990.86
Project 0096,2025-02-01,173.25,8670.73,5927.26
Project 0096,2025-03-01,172.7,7553.6,4901.92
Project 0096,2025-04-01,129.78,6916.39,4699.81
Project 0096,2025-05-01,129.32,8600.1,5039.69
Project 0096,2025-06-01,173.7,7273.84,4428.2
Project 0096,2025-07-01,161.0,6793.19,4463.96
Project 0096,2025-08-01,124.42,6275.08,4258.29
Project 0096,2025-09-01,184.85,7358.15,5045.53
Project 0096,2025-10-01,151.56,6140.95,3886.54
Project 0096,2025-11-01,181.6,6399.45,4550.02
Project 0096,2025-12-01,136.27,6729.45,3744.29
Project 0096,2026-01-01,158.6,6907.68,4380.64
Project 0096,2026-02-01,122.69,8706.64,5818.52
Project 0096,2026-03-01,151.54,8409.87,4630.41
Project 0096,2026-04-01,140.88,6763.46,5026.6
Project 0096,2026-05-01,183.36,8552.88,6116.61
Project 0096,2026-06-01,180.42,7054.61,5265.12
Project 0096,2026-07-01,136.58,7050.4,4648.91
Project 0096,2026-08-01,121.1,6614.61,4889.3
Project 0097,2024-09-01,77.46,14510.26,9163.92
Project 0097,2024-10-01,97.65,14082.36,8857.2
Project 0097,2024-11-01,107.21,13689.87,10065.23
Project 0097,2024-12-01,77.9,12039.25,8819.57
Project 0097,2025-01-01,100.1,10745.69,6212.08
Project 0097,2025-02-01,87.54,12086.86,7031.55
Project 0097,2025-03-01,70.98,14496.43,10564.45
Project 0097,2025-04-01,83.71,14320.89,9893.68
Project 0097,2025-05-01,101.61,11469.76,7595.55
Project 0097,2025-06-01,87.08,11684.0,8038.33
Project 0097,2025-07-01,76.17,14421.5,9579.81
Project 0097,2025-08-01,103.33,11473.92,6471.84
Project 0097,2025-09-01,77.96,13440.4,8995.35
Project 0097,2025-10-01,101.46,14103.39,9880.68
Project 0097,2025-11-01,106.95,12667.27,8456.94
Project 0097,2025-12-01,93.01,14473.1,9424.79
Project 0097,2026-01-01,92.94,11332.15,6551.31
Project 0097,2026-02-01,98.25,14257.0,10674.61
Project 0097,2026-03-01,80.62,10743.62,7793.76
Project 0097,2026-04-01,89.76,12113.37,8747.43
Project 0097,2026-05-01,78.71,12685.24,9240.01
Project 0097,2026-06-01,107.14,10467.85,5863.08
Project 0097,2026-07-01,73.78,13335.99,9218.41
Project 0097,2026-08-01,104.99,10480.99,6741.26
Project 0098,2024-09-01,356.89,13608.54,8816.4
Project 0098,2024-10-01,256.49,14166.2,8975.7
Project 0098,2024-11-01,267.9,13563.79,8185.28
Project 0098,2024-12-01,331.2,16680.14,9404.22
Project 0098,2025-01-01,383.09,18613.31,11202.33
Project 0098,2025-02-01,391.12,13773.76,8845.9
Project 0098,2025-03-01,325.45,14853.84,10465.25
Project 0098,2025-04-01,365.71,14037.14,9824.45
Project 0098,2025-05-01,379.99,16159.0,9314.51
Project 0098,2025-06-01,319.49,16480.07,10455.92
Project 0098,2025-07-01,308.3,14518.62,8299.28
Project 0098,2025-08-01,293.72,14513.11,10074.04
Project 0098,2025-09-01,348.81,13351.7,7934.68
Project 0098,2025-10-01,297.91,13542.24,8056.2
Project 0098,2025-11-01,306.13,16231.56,12063.27
Project 0098,2025-12-01,318.67,18585.38,13177.36
Project 0098,2026-01-01,333.8,13149.89,9187.3
Project 0098,2026-02-01,263.1,14314.89,8319.58
Project 0098,2026-03-01,327.78,15601.32,9769.19
Project 0098,2026-04-01,322.53,15590.59,10974.02
Project 0098,2026-05-01,365.92,13675.97,9405.31
Project 0098,2026-06-01,360.91,17316.21,11153.69
Project 0098,2026-07-01,332.17,14283.18,10592.36
Project 0098,2026-08-01,255.82,16440.29,9238.49
Project 0099,2024-09-01,292.3,41421.96,23163.53
Project 0099,2024-10-01,436.27,33338.15,20460.79
Project 0099,2024-11-01,382.49,34056.53,18895.32
Project 0099,2024-12-01,364.09,40220.46,25876.32
Project 0099,2025-01-01,433.66,39752.53,25230.34
Project 0099,2025-02-01,411.63,31056.64,19585.94
Project 0099,2025-03-01,433.15,40697.8,23318.45
Project 0099,2025-04-01,339.84,40963.22,27824.29
Project 0099,2025-05-01,423.37,29317.04,19886.32
Project 0099,2025-06-01,425.5,37008.75,24117.47
Project 0099,2025-07-01,419.71,34064.52,23793.52
Project 0099,2025-08-01,431.59,40867.48,25602.05
Project 0099,2025-09-01,321.83,34525.28,23550.72
Project 0099,2025-10-01,406.88,33483.67,19230.01
Project 0099,2025-11-01,313.56,30348.65,17203.39
Project 0099,2025-12-01,304.4,36711.56,21365.85
Project 0099,2026-01-01,406.23,29057.76,20702.47
Project 0099,2026-02-01,399.4,30925.01,19690.23
Project 0099,2026-03-01,380.45,31905.07,18686.7
Project 0099,2026-04-01,288.4,38440.56,28516.22
Project 0099,2026-05-01,373.72,29786.08,21756.91
Project 0099,2026-06-01,360.74,29028.4,17997.65
Project 0099,2026-07-01,316.93,36209.99,20385.49
Project 0099,2026-08-01,347.63,36786.12,24812.13
Project 0100,2024-09-01,267.08,83088.52,55032.54
Project 0100,2024-10-01,271.37,95822.6,58069.51
Project 0100,2024-11-01,246.1,85190.87,52399.29
Project 0100,2024-12-01,304.81,82719.1,54910.04
Project 0100,2025-01-01,265.43,88815.25,53069.14
Project 0100,2025-02-01,341.26,93903.55,64524.94
Project 0100,2025-03-01,330.46,100858.73,62565.39
Project 0100,2025-04-01,303.37,78173.51,45945.26
Project 0100,2025-05-01,318.33,95021.45,67154.29
Project 0100,2025-06-01,289.29,86127.47,58066.54
Project 0100,2025-07-01,321.12,103357.32,77269.42
Project 0100,2025-08-01,279.71,76349.77,45902.16
Project 0100,2025-09-01,340.32,80071.35,60020.88
Project 0100,2025-10-01,228.68,82091.86,49666.47
Project 0100,2025-11-01,261.35,103869.29,58310.17
Project 0100,2025-12-01,278.42,77827.88,57309.74
Project 0100,2026-01-01,278.39,85597.61,48823.74
Project 0100,2026-02-01,312.83,92509.38,55896.95
Project 0100,2026-03-01,331.43,85956.79,47454.4
Project 0100,2026-04-01,274.13,97265.78,59300.62
Project 0100,2026-05-01,330.49,97968.87,64823.89
Project 0100,2026-06-01,282.76,77115.66,49550.82
Project 0100,2026-07-01,309.56,94181.16,52163.52
Project 0100,2026-08-01,298.99,92790.3,57406.64
Project 0101,2024-09-01,148.23,41158.94,25249.96
Project 0101,2024-10-01,157.22,45260.66,28029.93
Project 0101,2024-11-01,203.89,40146.24,29973.83
Project 0101,2024-12-01,131.21,39922.99,29149.03
Project 0101,2025-01-01,158.56,39791.74,28484.48
Project 0101,2025-02-01,133.68,37417.5,26724.12
Project 0101,2025-03-01,156.47,39452.08,23678.29
Project 0101,2025-04-01,146.72,40120.0,24664.58
Project 0101,2025-05-01,197.19,40715.39,26732.83
Project 0101,2025-06-01,188.31,42423.23,28969.59
Project 0101,2025-07-01,196.08,35271.91,22477.21
Project 0101,2025-08-01,149.46,32462.65,22824.8
Project 0101,2025-09-01,142.18,32809.9,22600.94
Project 0101,2025-10-01,178.62,44283.2,26324.51
Project 0101,2025-11-01,177.23,32590.88,18233.93
Project 0101,2025-12-01,148.04,40383.67,29517.69
Project 0101,2026-01-01,147.91,38466.09,27719.78
Project 0101,2026-02-01,154.11,35386.12,25366.74
Project 0101,2026-03-01,161.87,36149.04,22395.53
Project 0101,2026-04-01,134.05,33468.46,23257.51
Project 0101,2026-05-01,152.29,40835.31,24873.6
Project 0101,2026-06-01,205.14,45013.35,29019.52
Project 0101,2026-07-01,186.34,43027.16,26223.49
Project 0101,2026-08-01,141.82,32662.62,23440.61
Project 0102,2024-09-01,384.93,71548.59,41221.27
Project 0102,2024-10-01,402.12,69383.74,50103.41
Project 0102,2024-11-01,388.14,54521.12,30194.86
Project 0102,2024-12-01,380.35,70971.32,41139.92
Project 0102,2025-01-01,289.91,72376.45,51769.41
Project 0102,2025-02-01,388.83,60419.17,44392.25
Project 0102,2025-03-01,359.19,62266.57,40013.97
Project 0102,2025-04-01,373.12,57945.2,40480.54
Project 0102,2025-05-01,414.65,75951.67,49520.78
Project 0102,2025-06-01,406.68,71259.33,46225.77
Project 0102,2025-07-01,348.83,56944.78,40914.57
Project 0102,2025-08-01,394.51,68357.11,40129.29
Project 0102,2025-09-01,343.43,77077.29,52468.6
Project 0102,2025-10-01,299.31,54654.9,38608.6
Project 0102,2025-11-01,330.04,77163.41,43013.68
Project 0102,2025-12-01,281.79,62765.54,36935.93
Project 0102,2026-01-01,428.41,72052.74,40889.2
Project 0102,2026-02-01,319.49,67438.35,38966.67
Project 0102,2026-03-01,371.12,59400.6,33444.14
Project 0102,2026-04-01,300.57,64505.13,38995.64
Project 0102,2026-05-01,419.78,58731.21,40618.64
Project 0102,2026-06-01,340.15,74803.54,45830.83
Project 0102,2026-07-01,281.97,63233.23,43943.35
Project 0102,2026-08-01,328.96,62502.43,41853.39
Project 0103,2024-09-01,79.47,23564.72,14639.6
Project 0103,2024-10-01,59.99,25102.65,18779.77
Project 0103,2024-11-01,69.38,23641.44,13601.97
Project 0103,2024-12-01,58.76,26133.97,16718.5
Project 0103,2025-01-01,79.17,27433.5,17417.93
Project 0103,2025-02-01,52.48,27015.1,19437.76
Project 0103,2025-03-01,65.15,25237.83,18372.96
Project 0103,2025-04-01,59.57,27106.3,19199.33
Project 0103,2025-05-01,74.87,20649.32,14146.66
Project 0103,2025-06-01,70.8,20548.68,13687.56
Project 0103,2025-07-01,59.39,24935.17,15043.37
Project 0103,2025-08-01,58.4,26389.46,16869.53
Project 0103,2025-09-01,53.24,25802.96,17259.85
Project 0103,2025-10-01,70.84,24890.38,15531.24
Project 0103,2025-11-01,60.53,23674.93,16847.88
Project 0103,2025-12-01,78.95,20918.73,14161.29
Project 0103,2026-01-01,63.33,27466.17,16931.68
Project 0103,2026-02-01,53.8,27585.81,15818.29
Project 0103,2026-03-01,78.85,22379.52,15142.29
Project 0103,2026-04-01,71.45,24585.79,15574.97
Project 0103,2026-05-01,62.37,26350.83,18848.03
Project 0103,2026-06-01,59.0,22102.04,14465.27
Project 0103,2026-07-01,69.79,23517.21,14647.88
Project 0103,2026-08-01,64.6,21783.93,14425.13
Project 0104,2024-09-01,45.21,14159.5,8691.83
Project 0104,2024-10-01,39.77,15616.39,11498.07
Project 0104,2024-11-01,39.44,17312.53,11755.32
Project 0104,2024-12-01,42.17,18276.03,13085.48
Project 0104,2025-01-01,50.43,14228.39,9363.12
Project 0104,2025-02-01,42.28,14628.16,10936.0
Project 0104,2025-03-01,45.57,17896.92,10255.52
Project 0104,2025-04-01,39.46,15764.26,8894.2
Project 0104,2025-05-01,51.73,16489.59,11297.35
Project 0104,2025-06-01,45.54,14783.89,10920.07
Project 0104,2025-07-01,47.81,17543.32,13045.77
Project 0104,2025-08-01,36.98,17986.23,11142.96
Project 0104,2025-09-01,43.9,18955.74,10848.89
Project 0104,2025-10-01,47.96,16002.13,11993.75
Project 0104,2025-11-01,44.38,15216.69,11046.35
Project 0104,2025-12-01,36.44,15399.56,11392.4
Project 0104,2026-01-01,44.15,16176.1,10906.57
Project 0104,2026-02-01,52.55,13348.62,8306.72
Project 0104,2026-03-01,37.71,15642.51,9786.43
Project 0104,2026-04-01,49.98,18015.79,13280.51
Project 0104,2026-05-01,48.19,15679.23,10214.2
Project 0104,2026-06-01,48.27,18016.26,11234.59
Project 0104,2026-07-01,39.25,15291.15,10173.25
Project 0104,2026-08-01,38.22,18948.17,10782.46
Project 0105,2024-09-01,353.03,49859.94,30914.21
Project 0105,2024-10-01,293.07,52035.97,35335.87
Project 0105,2024-11-01,347.52,58720.0,36278.08
Project 0105,2024-12-01,258.1,56755.58,32044.86
Project 0105,2025-01-01,285.92,56967.58,38314.12
Project 0105,2025-02-01,260.86,48276.14,34905.49
Project 0105,2025-03-01,343.13,59124.75,42474.89
Project 0105,2025-04-01,349.96,57000.32,37330.49
Project 0105,2025-05-01,290.95,52002.43,33701.22
Project 0105,2025-06-01,290.65,53953.96,33315.41
Project 0105,2025-07-01,255.69,49931.24,27926.5
Project 0105,2025-08-01,291.79,49684.88,33227.97
Project 0105,2025-09-01,367.65,51285.1,36498.4
Project 0105,2025-10-01,344.82,58175.61,36258.86
Project 0105,2025-11-01,369.93,48147.1,27711.48
Project 0105,2025-12-01,323.59,67036.16,40966.64
Project 0105,2026-01-01,313.8,57657.28,31980.04
Project 0105,2026-02-01,347.0,54753.63,35700.12
Project 0105,2026-03-01,290.59,52447.75,37899.31
Project 0105,2026-04-01,317.53,58279.73,43260.66
Project 0105,2026-05-01,310.72,54036.79,38492.72
Project 0105,2026-06-01,280.94,63117.52,36621.93
Project 0105,2026-07-01,279.8,61910.83,45475.68
Project 0105,2026-08-01,288.25,50064.07,28083.82
Project 0106,2024-09-01,137.17,10186.95,6898.35
Project 0106,2024-10-01,97.56,10985.98,6235.06
Project 0106,2024-11-01,135.31,10647.42,7625.76
Project 0106,2024-12-01,109.7,10512.97,6239.37
Project 0106,2025-01-01,106.83,10955.48,6898.46
Project 0106,2025-02-01,106.12,10174.18,7262.6
Project 0106,2025-03-01,131.97,8028.69,5382.19
Project 0106,2025-04-01,114.69,9742.83,5898.4
Project 0106,2025-05-01,114.25,9371.61,6248.53
Project 0106,2025-06-01,94.91,8749.64,5066.2
Project 0106,2025-07-01,92.05,10172.88,7337.59
Project 0106,2025-08-01,130.77,10156.59,7284.28
Project 0106,2025-09-01,133.6,8208.21,5342.96
Project 0106,2025-10-01,136.93,10807.98,5996.65
Project 0106,2025-11-01,118.22,9094.85,6236.09
Project 0106,2025-12-01,103.98,8765.36,5489.33
Project 0106,2026-01-01,140.28,9497.26,6671.08
Project 0106,2026-02-01,93.71,9253.18,5401.12
Project 0106,2026-03-01,133.15,9343.85,5850.55
Project 0106,2026-04-01,137.2,9625.26,7053.0
Project 0106,2026-05-01,93.15,8525.39,5209.71
Project 0106,2026-06-01,140.28,10161.38,5745.31
Project 0106,2026-07-01,136.8,7887.08,5518.03
Project 0106,2026-08-01,111.49,11171.71,7074.04
Project 0107,2024-09-01,300.84,58951.97,39246.89
Project 0107,2024-10-01,295.11,63556.15,46230.58
Project 0107,2024-11-01,402.86,59576.61,36129.98
Project 0107,2024-12-01,301.25,74315.6,52111.16
Project 0107,2025-01-01,354.22,57172.56,39837.89
Project 0107,2025-02-01,328.22,58973.71,42635.24
Project 0107,2025-03-01,289.4,76047.56,44382.73
Project 0107,2025-04-01,311.13,57636.72,42883.88
Project 0107,2025-05-01,357.63,68049.93,50826.05
Project 0107,2025-06-01,388.75,68177.07,42034.85
Project 0107,2025-07-01,378.0,63983.77,36084.1
Project 0107,2025-08-01,313.89,60956.29,33719.72
Project 0107,2025-09-01,372.62,67696.08,42431.08
Project 0107,2025-10-01,387.29,61264.35,35345.35
Project 0107,2025-11-01,406.0,67257.52,39201.69
Project 0107,2025-12-01,404.82,72885.1,40960.36
Project 0107,2026-01-01,439.19,55269.85,32536.06
Project 0107,2026-02-01,372.75,74537.07,44937.99
Project 0107,2026-03-01,362.24,57936.47,36585.2
Project 0107,2026-04-01,427.94,71581.04,50897.67
Project 0107,2026-05-01,423.87,61401.64,44005.22
Project 0107,2026-06-01,356.11,77103.23,54258.7
Project 0107,2026-07-01,332.22,69009.34,51680.14
Project 0107,2026-08-01,308.32,55738.08,40605.66
Project 0108,2024-09-01,322.75,15077.18,10449.15
Project 0108,2024-10-01,266.75,14923.73,10459.96
Project 0108,2024-11-01,328.75,18435.0,13338.26
Project 0108,2024-12-01,224.56,16825.59,12431.61
Project 0108,2025-01-01,223.31,18012.08,12848.29
Project 0108,2025-02-01,292.47,20269.02,12962.08
Project 0108,2025-03-01,300.7,18943.12,13802.07
Project 0108,2025-04-01,277.15,20830.37,14783.29
Project 0108,2025-05-01,232.71,20885.94,11563.57
Project 0108,2025-06-01,238.1,20271.96,11321.8
Project 0108,2025-07-01,261.22,15716.78,9333.46
Project 0108,2025-08-01,333.58,16649.56,11502.87
Project 0108,2025-09-01,225.79,19264.54,13416.21
Project 0108,2025-10-01,294.95,19439.03,11579.58
Project 0108,2025-11-01,317.78,17406.43,11906.7
Project 0108,2025-12-01,286.09,19396.77,12412.33
Project 0108,2026-01-01,222.51,19565.67,13395.29
Project 0108,2026-02-01,309.7,21096.04,12828.77
Project 0108,2026-03-01,295.87,16473.27,12011.83
Project 0108,2026-04-01,278.75,18401.91,10711.32
Project 0108,2026-05-01,300.16,19285.53,14336.67
Project 0108,2026-06-01,306.79,16617.03,10581.94
Project 0108,2026-07-01,314.13,18276.75,10863.68
Project 0108,2026-08-01,308.85,16891.27,11217.35
Project 0109,2024-09-01,327.03,106124.37,70819.62
Project 0109,2024-10-01,290.77,142587.21,101406.68
Project 0109,2024-11-01,298.84,107829.12,64553.93
Project 0109,2024-12-01,292.35,141157.51,99853.71
Project 0109,2025-01-01,412.36,122608.12,88010.35
Project 0109,2025-02-01,393.11,135009.25,91375.08
Project 0109,2025-03-01,301.67,139647.98,79535.2
Project 0109,2025-04-01,327.7,129485.97,82260.9
Project 0109,2025-05-01,316.71,125506.12,84743.23
Project 0109,2025-06-01,407.98,103364.11,75966.61
Project 0109,2025-07-01,317.25,143736.43,94345.46
Project 0109,2025-08-01,397.85,144578.08,102368.35
Project 0109,2025-09-01,347.15,120177.17,85155.44
Project 0109,2025-10-01,356.47,114183.16,81707.97
Project 0109,2025-11-01,334.42,133570.17,89080.84
Project 0109,2025-12-01,352.8,146119.65,103324.64
Project 0109,2026-01-01,367.72,134424.74,93193.15
Project 0109,2026-02-01,333.62,122278.04,78694.79
Project 0109,2026-03-01,298.66,103483.99,60115.17
Project 0109,2026-04-01,303.75,141557.61,81776.21
Project 0109,2026-05-01,367.5,107344.6,59170.13
Project 0109,2026-06-01,280.33,123031.96,88574.73
Project 0109,2026-07-01,406.31,144770.85,92420.67
Project 0109,2026-08-01,352.46,130761.47,81073.13
Project 0110,2024-09-01,220.44,74003.45,52478.79
Project 0110,2024-10-01,268.58,68493.11,44255.05
Project 0110,2024-11-01,312.0,77165.72,53119.05
Project 0110,2024-12-01,276.62,79940.43,45501.39
Project 0110,2025-01-01,328.94,72863.32,54582.62
Project 0110,2025-02-01,240.27,81768.58,46639.01
Project 0110,2025-03-01,316.7,73209.13,50834.43
Project 0110,2025-04-01,287.44,85927.04,49499.62
Project 0110,2025-05-01,218.46,65077.08,43173.18
Project 0110,2025-06-01,301.85,68549.57,47110.69
Project 0110,2025-07-01,234.11,70588.88,40269.55
Project 0110,2025-08-01,267.35,81953.39,50377.24
Project 0110,2025-09-01,284.75,85188.6,55679.31
Project 0110,2025-10-01,311.72,82117.78,56432.54
Project 0110,2025-11-01,258.71,73893.43,52045.58
Project 0110,2025-12-01,298.21,76005.3,55337.92
Project 0110,2026-01-01,246.37,86794.51,50998.54
Project 0110,2026-02-01,303.92,69048.42,43087.01
Project 0110,2026-03-01,224.58,66665.53,41030.14
Project 0110,2026-04-01,231.62,65655.62,45090.75
Project 0110,2026-05-01,226.91,62499.93,44929.52
Project 0110,2026-06-01,252.63,84870.36,48171.62
Project 0110,2026-07-01,256.38,81076.53,45329.31
Project 0110,2026-08-01,229.3,66243.64,44239.04
Project 0111,2024-09-01,73.41,23924.44,15773.46
Project 0111,2024-10-01,68.38,20347.89,12997.47
Project 0111,2024-11-01,70.12,19024.94,13786.4
Project 0111,2024-12-01,74.81,19977.55,12710.04
Project 0111,2025-01-01,51.33,20191.45,13913.03
Project 0111,2025-02-01,69.67,23243.53,13487.57
Project 0111,2025-03-01,67.05,17951.85,11315.11
Project 0111,2025-04-01,78.45,20400.06,14173.65
Project 0111,2025-05-01,51.07,20269.99,11286.72
Project 0111,2025-06-01,74.7,22321.52,15436.24
Project 0111,2025-07-01,51.42,20225.65,15037.37
Project 0111,2025-08-01,66.37,24587.35,13870.56
Project 0111,2025-09-01,76.28,21240.73,14571.08
Project 0111,2025-10-01,52.97,22585.92,12903.39
Project 0111,2025-11-01,76.62,18132.61,11879.94
Project 0111,2025-12-01,53.84,23123.84,17008.25
Project 0111,2026-01-01,57.0,23346.02,16922.05
Project 0111,2026-02-01,56.44,19155.27,11547.73
Project 0111,2026-03-01,76.95,24013.39,14787.43
Project 0111,2026-04-01,70.02,22476.55,15987.85
Project 0111,2026-05-01,65.24,19403.74,13263.13
Project 0111,2026-06-01,61.39,17372.97,11973.06
Project 0111,2026-07-01,78.16,19073.76,10605.62
Project 0111,2026-08-01,56.77,24375.07,13644.3
Project 0112,2024-09-01,414.17,62626.45,43869.1
Project 0112,2024-10-01,317.91,60594.92,41114.62
Project 0112,2024-11-01,415.16,66649.23,36978.76
Project 0112,2024-12-01,405.09,70349.44,52669.02
Project 0112,2025-01-01,323.64,72010.2,41163.71
Project 0112,2025-02-01,371.21,71090.43,51883.86
Project 0112,2025-03-01,369.02,73171.94,46150.85
Project 0112,2025-04-01,322.73,65344.62,36165.97
Project 0112,2025-05-01,320.46,69487.08,41113.1
Project 0112,2025-06-01,316.74,58567.62,32584.55
Project 0112,2025-07-01,351.32,71899.67,47619.51
Project 0112,2025-08-01,444.58,70994.26,40016.14
Project 0112,2025-09-01,325.93,65673.59,42381.95
Project 0112,2025-10-01,404.0,77881.08,53145.26
Project 0112,2025-11-01,395.37,66240.25,36861.05
Project 0112,2025-12-01,376.21,69762.25,43205.72
Project 0112,2026-01-01,417.65,60416.95,33880.16
Project 0112,2026-02-01,357.71,57214.41,34357.88
Project 0112,2026-03-01,389.34,73629.69,51872.63
Project 0112,2026-04-01,406.7,63408.74,45810.32
Project 0112,2026-05-01,341.28,63909.02,46652.96
Project 0112,2026-06-01,342.96,56731.45,32548.79
Project 0112,2026-07-01,304.21,56225.96,35773.72
Project 0112,2026-08-01,333.01,72208.76,51985.62
Project 0113,2024-09-01,300.55,15808.25,11711.24
Project 0113,2024-10-01,296.58,17756.68,12277.31
Project 0113,2024-11-01,219.64,18466.64,11432.4
Project 0113,2024-12-01,240.43,17638.57,12655.07
Project 0113,2025-01-01,226.63,18362.47,13123.48
Project 0113,2025-02-01,230.44,14163.47,9257.14
Project 0113,2025-03-01,257.54,14582.45,9708.11
Project 0113,2025-04-01,281.46,14469.02,9785.82
Project 0113,2025-05-01,219.16,15112.52,10967.91
Project 0113,2025-06-01,218.9,18119.27,10094.63
Project 0113,2025-07-01,261.55,17938.11,10227.89
Project 0113,2025-08-01,243.49,16677.47,11756.11
Project 0113,2025-09-01,243.6,14481.69,8417.46
Project 0113,2025-10-01,279.59,18826.21,13128.35
Project 0113,2025-11-01,240.3,17274.48,12690.81
Project 0113,2025-12-01,282.31,13691.27,8119.56
Project 0113,2026-01-01,250.92,15148.9,10703.17
Project 0113,2026-02-01,258.03,18135.49,11436.37
Project 0113,2026-03-01,220.75,18762.21,13332.78
Project 0113,2026-04-01,235.16,16820.8,9256.04
Project 0113,2026-05-01,224.09,15860.4,9054.21
Project 0113,2026-06-01,231.92,13704.28,9222.31
Project 0113,2026-07-01,213.79,18129.59,11511.0
Project 0113,2026-08-01,250.26,15543.21,11065.48
Project 0114,2024-09-01,216.04,9301.74,6080.64
Project 0114,2024-10-01,181.99,9466.2,6764.73
Project 0114,2024-11-01,198.78,10514.46,7508.97
Project 0114,2024-12-01,220.99,7681.29,4514.95
Project 0114,2025-01-01,150.04,8328.36,6188.64
Project 0114,2025-02-01,221.58,10279.19,7395.29
Project 0114,2025-03-01,222.48,9058.94,6738.9
Project 0114,2025-04-01,160.21,9134.41,6227.15
Project 0114,2025-05-01,218.16,10683.54,7717.39
Project 0114,2025-06-01,219.98,10547.19,7438.47
Project 0114,2025-07-01,167.63,9841.06,6635.51
Project 0114,2025-08-01,217.31,9196.4,5962.41
Project 0114,2025-09-01,146.01,7906.49,5420.49
Project 0114,2025-10-01,173.14,9289.5,5423.16
Project 0114,2025-11-01,153.94,9016.96,5565.46
Project 0114,2025-12-01,184.34,8730.3,5616.41
Project 0114,2026-01-01,216.34,8329.95,5173.8
Project 0114,2026-02-01,160.23,8240.13,5063.69
Project 0114,2026-03-01,148.34,7709.3,5173.16
Project 0114,2026-04-01,189.66,9516.33,6684.81
Project 0114,2026-05-01,223.47,7616.26,4333.75
Project 0114,2026-06-01,156.7,9696.1,7039.18
Project 0114,2026-07-01,152.45,9161.1,6168.58
Project 0114,2026-08-01,210.17,7517.84,5113.01
Project 0115,2024-09-01,307.59,33229.0,18327.83
Project 0115,2024-10-01,300.05,39627.3,26325.12
Project 0115,2024-11-01,296.69,43125.9,32260.22
Project 0115,2024-12-01,288.39,38816.56,24739.95
Project 0115,2025-01-01,317.98,40249.35,22688.62
Project 0115,2025-02-01,367.9,32643.5,22186.96
Project 0115,2025-03-01,277.61,37979.93,27252.55
Project 0115,2025-04-01,259.26,43179.26,24422.47
Project 0115,2025-05-01,371.41,42168.22,28403.96
Project 0115,2025-06-01,346.92,42969.45,25489.35
Project 0115,2025-07-01,346.82,40092.26,29954.89
Project 0115,2025-08-01,339.9,33245.91,23472.72
Project 0115,2025-09-01,308.31,34909.62,25399.56
Project 0115,2025-10-01,343.78,35776.97,26040.18
Project 0115,2025-11-01,395.48,33191.79,22915.3
Project 0115,2025-12-01,315.72,36999.64,27412.03
Project 0115,2026-01-01,298.46,33137.23,20265.36
Project 0115,2026-02-01,321.17,34244.91,25609.57
Project 0115,2026-03-01,300.82,42222.25,26793.14
Project 0115,2026-04-01,255.82,39305.39,28065.25
Project 0115,2026-05-01,377.44,42102.7,26314.64
Project 0115,2026-06-01,255.14,36545.8,23019.43
Project 0115,2026-07-01,384.64,36524.88,26619.24
Project 0115,2026-08-01,381.48,43250.51,23858.72
Project 0116,2024-09-01,89.46,11341.34,6856.05
Project 0116,2024-10-01,120.57,11096.65,7556.0
Project 0116,2024-11-01,91.2,9046.08,5207.98
Project 0116,2024-12-01,94.87,9210.19,6333.82
Project 0116,2025-01-01,106.21,12075.08,8314.37
Project 0116,2025-02-01,133.99,9630.96,5971.19
Project 0116,2025-03-01,132.61,12133.31,8771.69
Project 0116,2025-04-01,118.1,9115.85,5232.67
Project 0116,2025-05-01,88.65,8877.94,6509.57
Project 0116,2025-06-01,97.21,12375.84,8160.78
Project 0116,2025-07-01,110.54,12556.26,7894.31
Project 0116,2025-08-01,124.98,10728.35,6924.67
Project 0116,2025-09-01,107.34,11890.81,7139.26
Project 0116,2025-10-01,89.93,10120.92,6573.3
Project 0116,2025-11-01,126.03,9429.86,5979.64
Project 0116,2025-12-01,133.06,11820.0,8509.17
Project 0116,2026-01-01,114.04,12542.45,7313.06
Project 0116,2026-02-01,128.83,12480.19,9021.71
Project 0116,2026-03-01,116.85,11542.09,6382.14
Project 0116,2026-04-01,90.6,11754.34,7075.52
Project 0116,2026-05-01,108.33,10992.75,6080.69
Project 0116,2026-06-01,129.34,12048.53,8269.8
Project 0116,2026-07-01,133.37,10952.37,6286.56
Project 0116,2026-08-01,92.42,11715.03,7337.93
Project 0117,2024-09-01,358.39,43442.67,23925.76
Project 0117,2024-10-01,329.73,38526.98,25295.84
Project 0117,2024-11-01,295.96,44231.61,29109.08
Project 0117,2024-12-01,279.1,37455.57,24919.67
Project 0117,2025-01-01,269.52,44955.54,25829.57
Project 0117,2025-02-01,291.1,43137.31,27110.93
Project 0117,2025-03-01,277.9,40647.52,22366.83
Project 0117,2025-04-01,355.21,47492.61,32680.03
Project 0117,2025-05-01,353.18,42852.9,31588.48
Project 0117,2025-06-01,290.37,44655.98,29656.57
Project 0117,2025-07-01,332.35,41276.59,26975.16
Project 0117,2025-08-01,346.1,47577.7,27963.87
Project 0117,2025-09-01,313.33,35537.48,19656.56
Project 0117,2025-10-01,305.21,39400.0,24629.64
Project 0117,2025-11-01,295.97,49402.06,29791.69
Project 0117,2025-12-01,325.81,36541.6,21220.98
Project 0117,2026-01-01,274.53,43908.85,29214.08
Project 0117,2026-02-01,258.3,47085.87,29850.06
Project 0117,2026-03-01,366.17,41559.9,26747.25
Project 0117,2026-04-01,366.19,43171.1,28577.18
Project 0117,2026-05-01,264.54,40005.25,27842.98
Project 0117,2026-06-01,391.96,47764.76,35122.38
Project 0117,2026-07-01,344.9,46649.33,32948.05
Project 0117,2026-08-01,337.88,41121.64,25484.73
Project 0118,2024-09-01,154.25,16878.87,10815.75
Project 0118,2024-10-01,120.11,16138.77,11649.52
Project 0118,2024-11-01,141.28,19147.01,12066.21
Project 0118,2024-12-01,111.22,17551.51,11250.2
Project 0118,2025-01-01,131.56,19907.43,12476.31
Project 0118,2025-02-01,135.86,14869.54,8253.6
Project 0118,2025-03-01,138.87,18453.03,13249.31
Project 0118,2025-04-01,127.58,18526.88,12102.62
Project 0118,2025-05-01,113.47,19288.8,13004.8
Project 0118,2025-06-01,126.09,20690.32,13972.69
Project 0118,2025-07-01,139.18,20074.61,13923.67
Project 0118,2025-08-01,126.52,16777.44,11467.66
Project 0118,2025-09-01,165.34,19325.65,11498.14
Project 0118,2025-10-01,123.1,17793.15,10071.25
Project 0118,2025-11-01,130.7,17373.27,10494.96
Project 0118,2025-12-01,129.86,16686.88,12477.91
Project 0118,2026-01-01,112.08,19826.69,14364.09
Project 0118,2026-02-01,162.48,18859.77,11661.79
Project 0118,2026-03-01,162.83,17769.26,10741.78
Project 0118,2026-04-01,158.66,20683.05,15431.86
Project 0118,2026-05-01,122.19,16863.03,10390.55
Project 0118,2026-06-01,128.18,20935.99,13881.45
Project 0118,2026-07-01,132.06,17376.17,10228.93
Project 0118,2026-08-01,159.95,18238.07,10211.44
Project 0119,2024-09-01,169.57,8775.93,5909.25
Project 0119,2024-10-01,143.65,8048.07,5094.66
Project 0119,2024-11-01,144.36,8527.34,5491.64
Project 0119,2024-12-01,174.35,6372.27,4037.09
Project 0119,2025-01-01,130.9,7770.16,5814.74
Project 0119,2025-02-01,167.43,7154.06,4766.37
Project 0119,2025-03-01,143.48,8488.09,5951.73
Project 0119,2025-04-01,151.71,7375.28,5048.69
Project 0119,2025-05-01,169.66,8485.86,6194.48
Project 0119,2025-06-01,186.07,7106.22,4094.41
Project 0119,2025-07-01,161.29,8141.02,5282.93
Project 0119,2025-08-01,158.21,7177.4,4179.79
Project 0119,2025-09-01,129.78,7338.85,4875.71
Project 0119,2025-10-01,134.11,6582.71,3733.01
Project 0119,2025-11-01,181.96,7371.99,5391.72
Project 0119,2025-12-01,167.4,6516.71,4476.18
Project 0119,2026-01-01,169.67,7793.41,4650.62
Project 0119,2026-02-01,150.29,7671.44,4356.93
Project 0119,2026-03-01,157.61,8047.12,4868.79
Project 0119,2026-04-01,177.28,7627.33,5417.93
Project 0119,2026-05-01,155.69,8113.37,5396.61
Project 0119,2026-06-01,131.73,7382.23,4629.57
Project 0119,2026-07-01,164.89,7783.91,5737.99
Project 0119,2026-08-01,133.52,8466.65,4951.6
Project 0120,2024-09-01,26.96,2035.73,1407.15
Project 0120,2024-10-01,24.61,2791.49,1996.71
Project 0120,2024-11-01,28.43,2441.78,1695.09
Project 0120,2024-12-01,25.08,2498.46,1735.42
Project 0120,2025-01-01,20.0,2308.02,1287.87
Project 0120,2025-02-01,25.45,2358.67,1334.46
Project 0120,2025-03-01,22.45,2194.76,1454.16
Project 0120,2025-04-01,19.99,2187.58,1275.3
Project 0120,2025-05-01,28.09,2098.4,1273.44
Project 0120,2025-06-01,25.11,2559.72,1908.04
Project 0120,2025-07-01,20.67,2182.75,1223.23
Project 0120,2025-08-01,26.37,2155.57,1222.32
Project 0120,2025-09-01,28.22,2158.76,1439.01
Project 0120,2025-10-01,19.47,2009.31,1129.68
Project 0120,2025-11-01,28.17,2753.54,1979.76
Project 0120,2025-12-01,24.43,2738.47,1641.63
Project 0120,2026-01-01,26.75,2292.4,1662.46
Project 0120,2026-02-01,24.76,2321.19,1709.22
Project 0120,2026-03-01,28.3,2041.71,1187.99
Project 0120,2026-04-01,21.32,2362.79,1584.47
Project 0120,2026-05-01,23.08,2426.53,1753.56
Project 0120,2026-06-01,26.77,2512.9,1457.82
Project 0120,2026-07-01,20.77,2703.45,1607.36
Project 0120,2026-08-01,23.73,2059.25,1498.19
Project 0121,2024-09-01,18.83,2510.72,1805.74
Project 0121,2024-10-01,22.18,2872.14,1702.6
Project 0121,2024-11-01,17.53,2969.74,2219.77
Project 0121,2024-12-01,21.68,2814.83,1614.81
Project 0121,2025-01-01,16.76,2508.95,1575.7
Project 0121,2025-02-01,22.02,2542.06,1453.4
Project 0121,2025-03-01,15.92,3004.93,1774.12
Project 0121,2025-04-01,22.1,3044.4,1964.45
Project 0121,2025-05-01,20.92,2310.44,1458.69
Project 0121,2025-06-01,21.19,2574.11,1640.54
Project 0121,2025-07-01,23.64,2352.42,1660.1
Project 0121,2025-08-01,20.17,2316.77,1312.86
Project 0121,2025-09-01,20.95,3089.24,1805.63
Project 0121,2025-10-01,15.8,2281.52,1486.35
Project 0121,2025-11-01,16.59,2987.43,1775.3
Project 0121,2025-12-01,17.45,2584.72,1623.9
Project 0121,2026-01-01,21.59,2814.56,2090.53
Project 0121,2026-02-01,20.57,3181.78,2217.16
Project 0121,2026-03-01,16.26,3201.59,1764.48
Project 0121,2026-04-01,20.51,2290.48,1609.21
Project 0121,2026-05-01,20.35,2624.11,1714.26
Project 0121,2026-06-01,18.37,2354.75,1304.26
Project 0121,2026-07-01,22.72,2370.51,1697.01
Project 0121,2026-08-01,21.96,3054.28,2164.45
Project 0122,2024-09-01,396.69,54074.47,36958.41
Project 0122,2024-10-01,346.45,51204.23,35640.15
Project 0122,2024-11-01,375.88,47264.88,30092.18
Project 0122,2024-12-01,446.67,46862.09,28199.28
Project 0122,2025-01-01,313.37,47459.6,33914.45
Project 0122,2025-02-01,387.38,52531.02,37513.05
Project 0122,2025-03-01,318.63,48074.59,28348.68
Project 0122,2025-04-01,387.56,55201.75,32639.01
Project 0122,2025-05-01,306.67,44456.07,30032.73
Project 0122,2025-06-01,289.89,41805.17,26249.91
Project 0122,2025-07-01,400.82,54446.97,34629.56
Project 0122,2025-08-01,372.31,54441.92,40580.26
Project 0122,2025-09-01,385.35,44774.2,29024.78
Project 0122,2025-10-01,409.83,45359.56,27447.14
Project 0122,2025-11-01,348.33,48784.02,29213.87
Project 0122,2025-12-01,364.48,49680.09,34718.65
Project 0122,2026-01-01,312.88,55795.2,37302.13
Project 0122,2026-02-01,304.72,58193.39,37510.46
Project 0122,2026-03-01,387.13,55526.07,31656.36
Project 0122,2026-04-01,370.04,49056.46,36751.58
Project 0122,2026-05-01,447.94,45069.53,28178.82
Project 0122,2026-06-01,354.77,45466.62,30589.9
Project 0122,2026-07-01,334.66,45707.61,32951.04
Project 0122,2026-08-01,339.04,60073.7,34829.01
Project 0123,2024-09-01,153.64,13207.45,7529.31
Project 0123,2024-10-01,119.49,13866.35,9360.78
Project 0123,2024-11-01,150.78,11623.56,6888.62
Project 0123,2024-12-01,177.13,12756.78,8185.84
Project 0123,2025-01-01,130.07,12048.33,8775.68
Project 0123,2025-02-01,165.79,13971.03,9200.69
Project 0123,2025-03-01,124.45,13909.36,8981.25
Project 0123,2025-04-01,146.55,12111.16,8604.78
Project 0123,2025-05-01,122.67,12680.82,7853.11
Project 0123,2025-06-01,151.37,11259.53,6849.08
Project 0123,2025-07-01,157.12,10308.06,7423.94
Project 0123,2025-08-01,177.97,13801.31,9746.81
Project 0123,2025-09-01,170.16,10404.28,6554.61
Project 0123,2025-10-01,149.12,12936.09,9258.64
Project 0123,2025-11-01,118.43,11630.29,7691.86
Project 0123,2025-12-01,177.5,10539.78,6907.7
Project 0123,2026-01-01,173.7,12179.59,8220.22
Project 0123,2026-02-01,133.75,11103.61,7220.86
Project 0123,2026-03-01,166.34,13522.48,10041.09
Project 0123,2026-04-01,131.93,10113.37,5724.59
Project 0123,2026-05-01,123.6,13026.9,7425.03
Project 0123,2026-06-01,141.29,12214.4,8464.83
Project 0123,2026-07-01,142.19,11894.14,7553.97
Project 0123,2026-08-01,140.23,13545.08,8352.97
Project 0124,2024-09-01,125.43,17754.36,12821.09
Project 0124,2024-10-01,171.3,16456.03,9983.77
Project 0124,2024-11-01,163.71,21549.07,14360.25
Project 0124,2024-12-01,133.75,19993.3,13292.46
Project 0124,2025-01-01,138.68,17442.25,12260.73
Project 0124,2025-02-01,166.81,17114.33,10699.48
Project 0124,2025-03-01,173.45,19064.4,13082.96
Project 0124,2025-04-01,158.61,19831.83,14549.08
Project 0124,2025-05-01,152.27,17145.32,10802.9
Project 0124,2025-06-01,120.83,15544.21,9559.66
Project 0124,2025-07-01,169.55,19286.51,13659.14
Project 0124,2025-08-01,117.52,19207.58,11662.48
Project 0124,2025-09-01,152.82,17944.97,10102.74
Project 0124,2025-10-01,170.84,19051.02,13165.91
Project 0124,2025-11-01,156.68,20856.62,12332.89
Project 0124,2025-12-01,166.21,16211.48,11171.34
Project 0124,2026-01-01,124.95,19354.58,12980.52
Project 0124,2026-02-01,120.42,15675.91,9599.58
Project 0124,2026-03-01,120.53,18466.11,10599.33
Project 0124,2026-04-01,149.47,20375.03,13381.27
Project 0124,2026-05-01,175.68,18524.95,10373.23
Project 0124,2026-06-01,154.48,16686.03,9632.4
Project 0124,2026-07-01,149.34,19451.46,14475.79
Project 0124,2026-08-01,173.68,21440.55,12279.44
Project 0125,2024-09-01,162.67,10750.14,7273.4
Project 0125,2024-10-01,165.42,10245.43,6931.36
Project 0125,2024-11-01,176.88,7969.81,5851.69
Project 0125,2024-12-01,157.14,8376.36,5350.28
Project 0125,2025-01-01,158.13,10690.39,6639.87
Project 0125,2025-02-01,161.72,10857.94,6646.51
Project 0125,2025-03-01,198.52,10444.3,7482.99
Project 0125,2025-04-01,231.18,8171.38,6022.16
Project 0125,2025-05-01,154.42,8320.39,6223.39
Project 0125,2025-06-01,201.01,9434.78,6351.32
Project 0125,2025-07-01,221.78,10482.63,6172.02
Project 0125,2025-08-01,227.4,8597.59,6137.85
Project 0125,2025-09-01,237.6,9896.19,6898.01
Project 0125,2025-10-01,224.78,8526.69,5396.94
Project 0125,2025-11-01,179.32,7914.23,5561.41
Project 0125,2025-12-01,175.4,11063.92,6630.65
Project 0125,2026-01-01,221.76,9712.12,6791.74
Project 0125,2026-02-01,206.15,9699.65,5804.47
Project 0125,2026-03-01,173.6,9265.46,6734.91
Project 0125,2026-04-01,210.33,8174.65,4921.6
Project 0125,2026-05-01,177.41,9412.04,5785.1
Project 0125,2026-06-01,216.66,8678.57,5407.99
Project 0125,2026-07-01,190.97,10266.83,6770.46
Project 0125,2026-08-01,235.97,9642.83,6011.46
Project 0126,2024-09-01,18.19,2534.44,1482.56
Project 0126,2024-10-01,12.98,3171.49,2162.15
Project 0126,2024-11-01,18.27,2476.35,1641.83
Project 0126,2024-12-01,12.92,2658.03,1659.24
Project 0126,2025-01-01,14.59,3039.96,1821.6
Project 0126,2025-02-01,14.81,2910.25,1697.14
Project 0126,2025-03-01,16.79,2479.86,1847.33
Project 0126,2025-04-01,17.24,2560.26,1453.0
Project 0126,2025-05-01,15.42,2711.19,1636.88
Project 0126,2025-06-01,17.99,2861.63,2114.42
Project 0126,2025-07-01,13.82,2425.55,1809.04
Project 0126,2025-08-01,16.69,2598.2,1560.72
Project 0126,2025-09-01,13.27,2685.56,1936.99
Project 0126,2025-10-01,13.99,3220.51,2301.76
Project 0126,2025-11-01,12.63,2687.47,1885.57
Project 0126,2025-12-01,13.83,2929.6,1759.52
Project 0126,2026-01-01,17.85,3315.01,2360.16
Project 0126,2026-02-01,17.12,2453.46,1454.67
Project 0126,2026-03-01,12.31,3316.81,2057.84
Project 0126,2026-04-01,17.59,2759.04,1940.28
Project 0126,2026-05-01,15.82,2704.5,1939.45
Project 0126,2026-06-01,17.44,2341.83,1731.5
Project 0126,2026-07-01,12.27,2355.93,1458.09
Project 0126,2026-08-01,15.23,2412.55,1678.51
Project 0127,2024-09-01,202.95,88486.17,60255.74
Project 0127,2024-10-01,279.69,92145.06,53385.11
Project 0127,2024-11-01,277.5,92377.14,60074.04
Project 0127,2024-12-01,200.27,82124.12,59405.09
Project 0127,2025-01-01,278.9,83130.59,59816.76
Project 0127,2025-02-01,242.31,82584.45,45870.28
Project 0127,2025-03-01,256.52,79066.29,54206.44
Project 0127,2025-04-01,266.78,81862.62,48885.67
Project 0127,2025-05-01,231.74,85209.64,52673.48
Project 0127,2025-06-01,255.11,100514.44,66122.41
Project 0127,2025-07-01,199.08,86737.17,54161.93
Project 0127,2025-08-01,278.87,91770.31,65459.1
Project 0127,2025-09-01,227.71,80219.22,45450.89
Project 0127,2025-10-01,231.5,74070.65,48593.6
Project 0127,2025-11-01,249.49,79091.28,54626.46
Project 0127,2025-12-01,261.55,80179.72,47395.91
Project 0127,2026-01-01,266.33,87783.65,57709.13
Project 0127,2026-02-01,188.57,99065.73,66142.5
Project 0127,2026-03-01,251.32,88326.61,63302.04
Project 0127,2026-04-01,264.87,93416.81,56775.31
Project 0127,2026-05-01,247.82,82921.24,54785.43
Project 0127,2026-06-01,201.95,100714.13,62468.51
Project 0127,2026-07-01,272.97,88667.82,65247.96
Project 0127,2026-08-01,189.46,81324.96,51586.37
Project 0128,2024-09-01,122.32,26730.07,17005.99
Project 0128,2024-10-01,94.56,25846.19,16267.21
Project 0128,2024-11-01,81.85,30990.79,19006.69
Project 0128,2024-12-01,85.07,32434.76,22656.34
Project 0128,2025-01-01,104.23,26351.56,15018.01
Project 0128,2025-02-01,100.61,25853.05,15417.21
Project 0128,2025-03-01,88.05,28201.44,19177.55
Project 0128,2025-04-01,82.05,31816.75,18877.61
Project 0128,2025-05-01,106.46,31219.01,17661.9
Project 0128,2025-06-01,87.6,27647.7,16307.15
Project 0128,2025-07-01,112.27,32178.7,22179.05
Project 0128,2025-08-01,83.53,25180.0,18234.51
Project 0128,2025-09-01,95.57,22855.64,13839.6
Project 0128,2025-10-01,89.42,28485.75,17440.15
Project 0128,2025-11-01,105.19,31275.03,18112.51
Project 0128,2025-12-01,87.5,30042.6,19125.15
Project 0128,2026-01-01,90.38,29246.06,18332.05
Project 0128,2026-02-01,120.15,30119.18,19753.63
Project 0128,2026-03-01,93.35,22896.45,14418.51
Project 0128,2026-04-01,97.73,26179.81,17711.51
Project 0128,2026-05-01,90.41,24005.09,15640.03
Project 0128,2026-06-01,122.53,25944.43,16508.08
Project 0128,2026-07-01,118.3,31472.1,22571.84
Project 0128,2026-08-01,120.59,23264.75,13394.64
Project 0129,2024-09-01,357.05,113865.78,67058.61
Project 0129,2024-10-01,336.17,121217.25,72691.7
Project 0129,2024-11-01,319.5,145785.44,96017.74
Project 0129,2024-12-01,360.02,160588.76,108939.34
Project 0129,2025-01-01,311.4,159751.75,101238.1
Project 0129,2025-02-01,442.49,153902.72,103152.87
Project 0129,2025-03-01,437.4,119216.07,69728.21
Project 0129,2025-04-01,350.64,129495.73,82807.12
Project 0129,2025-05-01,421.02,150956.76,104753.58
Project 0129,2025-06-01,381.87,113263.36,79227.56
Project 0129,2025-07-01,444.57,133998.47,95777.03
Project 0129,2025-08-01,298.99,143496.44,97644.92
Project 0129,2025-09-01,351.29,156915.46,112606.69
Project 0129,2025-10-01,382.74,127546.53,86691.45
Project 0129,2025-11-01,434.28,145451.69,86823.67
Project 0129,2025-12-01,404.83,125053.8,73211.34
Project 0129,2026-01-01,292.0,134962.6,78034.82
Project 0129,2026-02-01,412.0,145493.47,83377.04
Project 0129,2026-03-01,305.01,123352.77,78536.56
Project 0129,2026-04-01,360.83,118366.81,82432.97
Project 0129,2026-05-01,334.96,145716.4,99779.67
Project 0129,2026-06-01,346.02,157707.2,97119.85
Project 0129,2026-07-01,329.19,140222.16,95395.35
Project 0129,2026-08-01,364.46,153022.73,104958.51
Project 0130,2024-09-01,12.46,1880.25,1103.11
Project 0130,2024-10-01,18.73,2034.92,1436.83
Project 0130,2024-11-01,14.32,2052.66,1230.65
Project 0130,2024-12-01,12.58,1708.98,1216.75
Project 0130,2025-01-01,17.93,2092.93,1383.42
Project 0130,2025-02-01,13.57,1652.0,1028.89
Project 0130,2025-03-01,15.31,1889.9,1392.5
Project 0130,2025-04-01,12.91,2009.75,1158.23
Project 0130,2025-05-01,13.8,1895.84,1342.64
Project 0130,2025-06-01,13.79,1841.51,1189.13
Project 0130,2025-07-01,18.27,1722.91,958.69
Project 0130,2025-08-01,16.73,2036.4,1420.4
Project 0130,2025-09-01,16.57,1464.67,977.96
Project 0130,2025-10-01,17.67,1806.85,1194.64
Project 0130,2025-11-01,13.81,2011.6,1430.64
Project 0130,2025-12-01,17.86,1577.77,1164.54
Project 0130,2026-01-01,15.88,1677.87,1143.74
Project 0130,2026-02-01,15.63,1513.87,941.8
Project 0130,2026-03-01,18.3,2021.43,1395.1
Project 0130,2026-04-01,17.3,1882.7,1173.3
Project 0130,2026-05-01,16.05,1721.92,1270.1
Project 0130,2026-06-01,16.03,1926.41,1356.35
Project 0130,2026-07-01,17.28,1700.39,1074.88
Project 0130,2026-08-01,16.44,1642.0,1128.67
Project 0131,2024-09-01,140.4,18568.35,12790.12
Project 0131,2024-10-01,160.41,20654.6,12824.63
Project 0131,2024-11-01,144.75,21897.68,15493.49
Project 0131,2024-12-01,118.57,20195.02,11395.8
Project 0131,2025-01-01,137.1,20374.4,14067.35
Project 0131,2025-02-01,125.04,18687.06,11343.11
Project 0131,2025-03-01,122.89,20403.12,14138.04
Project 0131,2025-04-01,152.85,18058.76,10448.11
Project 0131,2025-05-01,147.7,16848.07,11154.2
Project 0131,2025-06-01,160.85,16840.62,10191.75
Project 0131,2025-07-01,118.37,18309.8,11491.33
Project 0131,2025-08-01,124.01,18787.2,13222.78
Project 0131,2025-09-01,150.34,18126.22,10720.11
Project 0131,2025-10-01,106.6,18011.92,12639.46
Project 0131,2025-11-01,155.7,19695.25,12627.06
Project 0131,2025-12-01,145.37,20871.27,11494.28
Project 0131,2026-01-01,136.05,17177.59,11573.19
Project 0131,2026-02-01,148.86,15905.18,10476.86
Project 0131,2026-03-01,123.82,19018.08,12722.43
Project 0131,2026-04-01,110.03,15647.47,10902.75
Project 0131,2026-05-01,127.15,17638.9,10436.53
Project 0131,2026-06-01,109.26,18475.86,11271.62
Project 0131,2026-07-01,134.34,19027.18,14269.13
Project 0131,2026-08-01,129.57,18091.26,11772.28
Project 0132,2024-09-01,276.46,27367.42,18184.38
Project 0132,2024-10-01,267.74,27387.37,15251.1
Project 0132,2024-11-01,275.29,36124.28,24056.17
Project 0132,2024-12-01,206.88,26494.15,16052.46
Project 0132,2025-01-01,236.59,27928.12,20636.43
Project 0132,2025-02-01,253.86,30173.44,20750.78
Project 0132,2025-03-01,187.78,34897.58,22015.7
Project 0132,2025-04-01,270.0,33937.68,24960.03
Project 0132,2025-05-01,210.02,33031.99,21508.22
Project 0132,2025-06-01,252.32,25621.51,16932.21
Project 0132,2025-07-01,282.13,32634.54,22434.79
Project 0132,2025-08-01,205.14,28805.93,20766.98
Project 0132,2025-09-01,201.23,27411.95,16209.3
Project 0132,2025-10-01,197.29,30888.22,22783.88
Project 0132,2025-11-01,286.73,35944.0,20050.46
Project 0132,2025-12-01,289.21,35722.32,26380.43
Project 0132,2026-01-01,258.03,32679.89,18772.98
Project 0132,2026-02-01,190.49,34927.61,21429.7
Project 0132,2026-03-01,228.67,36219.2,20870.63
Project 0132,2026-04-01,287.81,35977.61,21133.56
Project 0132,2026-05-01,225.32,34822.68,21808.53
Project 0132,2026-06-01,188.92,28167.6,17002.01
Project 0132,2026-07-01,281.52,25858.4,17644.32
Project 0132,2026-08-01,259.72,35063.84,20205.8
Project 0133,2024-09-01,373.37,101429.3,62847.14
Project 0133,2024-10-01,345.79,75365.42,52429.63
Project 0133,2024-11-01,253.99,100053.79,57865.19
Project 0133,2024-12-01,333.81,90666.93,50476.27
Project 0133,2025-01-01,328.88,84337.87,58832.61
Project 0133,2025-02-01,314.76,81798.24,58306.69
Project 0133,2025-03-01,279.03,101847.85,61170.68
Project 0133,2025-04-01,302.36,101405.3,70341.78
Project 0133,2025-05-01,286.81,91107.59,62018.07
Project 0133,2025-06-01,330.05,92468.89,52700.99
Project 0133,2025-07-01,302.99,103145.52,69896.58
Project 0133,2025-08-01,306.22,99705.85,70271.19
Project 0133,2025-09-01,297.15,102411.52,64627.19
Project 0133,2025-10-01,269.07,100328.78,55754.61
Project 0133,2025-11-01,362.34,100432.94,74773.99
Project 0133,2025-12-01,268.58,73689.9,42081.54
Project 0133,2026-01-01,331.96,93344.45,58047.84
Project 0133,2026-02-01,336.7,73664.3,48914.87
Project 0133,2026-03-01,374.64,75408.49,44475.17
Project 0133,2026-04-01,371.28,95233.67,63415.63
Project 0133,2026-05-01,290.15,79619.51,57895.29
Project 0133,2026-06-01,351.71,81235.7,60766.99
Project 0133,2026-07-01,321.74,103291.55,73885.6
Project 0133,2026-08-01,299.37,102990.78,61844.1
Project 0134,2024-09-01,226.34,30163.74,21739.35
Project 0134,2024-10-01,314.06,36127.37,25574.24
Project 0134,2024-11-01,282.41,37195.96,20817.38
Project 0134,2024-12-01,259.49,39691.19,26273.88
Project 0134,2025-01-01,321.52,29003.92,21188.76
Project 0134,2025-02-01,278.58,35556.19,24569.45
Project 0134,2025-03-01,236.04,32054.82,21951.29
Project 0134,2025-04-01,263.83,30040.43,19482.79
Project 0134,2025-05-01,231.65,33520.83,20818.56
Project 0134,2025-06-01,269.24,32970.59,22582.75
Project 0134,2025-07-01,226.73,40897.26,29634.3
Project 0134,2025-08-01,280.26,32299.69,21296.72
Project 0134,2025-09-01,296.06,35728.01,22377.8
Project 0134,2025-10-01,311.56,32738.61,19447.36
Project 0134,2025-11-01,211.34,30993.42,18351.69
Project 0134,2025-12-01,273.93,35245.16,21178.26
Project 0134,2026-01-01,298.61,29636.38,20792.74
Project 0134,2026-02-01,317.21,41269.31,30341.71
Project 0134,2026-03-01,283.15,38760.22,22314.62
Project 0134,2026-04-01,216.17,36549.54,26573.71
Project 0134,2026-05-01,292.96,34783.77,19494.52
Project 0134,2026-06-01,245.54,35442.7,21513.49
Project 0134,2026-07-01,209.55,33625.39,21632.3
Project 0134,2026-08-01,312.79,34843.41,22289.51
Project 0135,2024-09-01,283.44,50869.03,33789.38
Project 0135,2024-10-01,231.93,52963.05,37701.02
Project 0135,2024-11-01,220.9,50429.71,35360.04
Project 0135,2024-12-01,270.06,45289.7,28806.09
Project 0135,2025-01-01,258.94,55049.82,33206.63
Project 0135,2025-02-01,281.84,60983.39,39569.37
Project 0135,2025-03-01,180.83,61878.6,45100.07
Project 0135,2025-04-01,212.88,49860.76,29697.95
Project 0135,2025-05-01,202.76,49975.36,36540.68
Project 0135,2025-06-01,191.27,61150.62,35380.02
Project 0135,2025-07-01,221.91,60440.08,35288.2
Project 0135,2025-08-01,223.74,53693.77,31885.1
Project 0135,2025-09-01,245.91,57727.6,32900.83
Project 0135,2025-10-01,238.39,61656.82,36996.61
Project 0135,2025-11-01,194.76,47849.37,30380.88
Project 0135,2025-12-01,223.66,46490.88,26953.28
Project 0135,2026-01-01,261.81,56499.79,37284.47
Project 0135,2026-02-01,277.62,56946.2,38590.98
Project 0135,2026-03-01,227.13,50880.59,36741.13
Project 0135,2026-04-01,214.35,46398.31,30876.04
Project 0135,2026-05-01,259.56,56875.79,34901.34
Project 0135,2026-06-01,279.32,46689.0,26392.28
Project 0135,2026-07-01,231.83,45727.91,32643.06
Project 0135,2026-08-01,277.55,58759.7,33981.94
Project 0136,2024-09-01,158.24,30826.59,22262.16
Project 0136,2024-10-01,138.36,32131.12,22221.65
Project 0136,2024-11-01,177.63,30976.83,22574.59
Project 0136,2024-12-01,154.98,29448.37,17746.72
Project 0136,2025-01-01,144.63,30390.86,20952.79
Project 0136,2025-02-01,208.38,28876.9,17127.96
Project 0136,2025-03-01,159.39,29435.68,20714.11
Project 0136,2025-04-01,200.07,31427.49,22218.32
Project 0136,2025-05-01,195.18,37240.64,20869.0
Project 0136,2025-06-01,209.31,36172.62,27083.81
Project 0136,2025-07-01,184.02,27925.6,16473.08
Project 0136,2025-08-01,194.32,29515.23,22004.59
Project 0136,2025-09-01,202.5,33364.68,18409.85
Project 0136,2025-10-01,182.73,26898.96,16887.08
Project 0136,2025-11-01,159.78,36780.43,23407.44
Project 0136,2025-12-01,157.53,32589.26,23845.53
Project 0136,2026-01-01,169.29,31855.2,22934.17
Project 0136,2026-02-01,199.92,30088.21,17284.31
Project 0136,2026-03-01,210.31,28591.85,20542.94
Project 0136,2026-04-01,185.98,30967.57,22872.46
Project 0136,2026-05-01,140.86,28928.56,19020.34
Project 0136,2026-06-01,150.85,28126.32,20484.62
Project 0136,2026-07-01,199.87,26560.42,17354.32
Project 0136,2026-08-01,188.57,32952.79,20967.5
Project 0137,2024-09-01,300.77,43488.77,30480.08
Project 0137,2024-10-01,288.65,45398.02,33863.41
Project 0137,2024-11-01,345.47,59150.2,32834.56
Project 0137,2024-12-01,418.98,54565.99,31375.59
Project 0137,2025-01-01,417.56,43848.2,32201.3
Project 0137,2025-02-01,316.67,55715.82,35229.35
Project 0137,2025-03-01,310.1,52276.44,30953.95
Project 0137,2025-04-01,366.79,46518.16,30337.33
Project 0137,2025-05-01,406.32,56142.13,41137.98
Project 0137,2025-06-01,325.3,56479.11,34805.78
Project 0137,2025-07-01,286.4,50457.82,36873.59
Project 0137,2025-08-01,336.43,42198.09,28012.57
Project 0137,2025-09-01,390.32,50773.27,33282.08
Project 0137,2025-10-01,316.73,45542.29,33311.88
Project 0137,2025-11-01,329.7,46175.52,29210.2
Project 0137,2025-12-01,366.43,43920.27,29997.82
Project 0137,2026-01-01,399.58,55629.71,32238.93
Project 0137,2026-02-01,290.35,49654.52,27486.74
Project 0137,2026-03-01,325.15,49365.9,33898.19
Project 0137,2026-04-01,429.44,54511.23,38274.32
Project 0137,2026-05-01,344.41,42268.72,25555.86
Project 0137,2026-06-01,310.07,48387.98,27558.93
Project 0137,2026-07-01,401.03,50830.19,35092.26
Project 0137,2026-08-01,368.87,49561.74,32376.99
Project 0138,2024-09-01,131.67,20032.1,13861.8
Project 0138,2024-10-01,142.67,19296.23,10802.26
Project 0138,2024-11-01,166.58,16109.21,11303.54
Project 0138,2024-12-01,155.92,17630.68,12990.8
Project 0138,2025-01-01,135.76,16812.22,10401.42
Project 0138,2025-02-01,174.01,20397.8,12915.05
Project 0138,2025-03-01,181.98,21870.16,12299.17
Project 0138,2025-04-01,129.92,20389.11,13865.92
Project 0138,2025-05-01,179.16,16795.19,10277.92
Project 0138,2025-06-01,152.83,21252.86,14323.13
Project 0138,2025-07-01,195.33,17302.81,12219.23
Project 0138,2025-08-01,197.64,17016.02,10574.29
Project 0138,2025-09-01,182.56,19764.95,10961.26
Project 0138,2025-10-01,153.38,21831.23,12835.8
Project 0138,2025-11-01,179.63,21102.83,11972.66
Project 0138,2025-12-01,180.53,16166.51,9133.38
Project 0138,2026-01-01,182.46,21550.04,13298.5
Project 0138,2026-02-01,165.25,17820.97,11088.1
Project 0138,2026-03-01,199.54,20650.42,13771.85
Project 0138,2026-04-01,144.47,18380.08,12511.07
Project 0138,2026-05-01,178.34,19991.78,11103.37
Project 0138,2026-06-01,152.92,21428.57,14975.0
Project 0138,2026-07-01,175.8,20491.22,12888.43
Project 0138,2026-08-01,131.1,19472.4,13677.01
Project 0139,2024-09-01,202.22,14745.64,8415.69
Project 0139,2024-10-01,216.69,19304.69,13285.31
Project 0139,2024-11-01,244.13,18349.64,10578.82
Project 0139,2024-12-01,219.03,18208.36,10127.11
Project 0139,2025-01-01,190.06,15375.17,8679.46
Project 0139,2025-02-01,167.41,16322.83,10783.46
Project 0139,2025-03-01,191.89,15437.47,11301.69
Project 0139,2025-04-01,190.19,17238.35,11544.39
Project 0139,2025-05-01,171.86,15376.71,8521.48
Project 0139,2025-06-01,233.11,20012.23,14208.48
Project 0139,2025-07-01,252.61,20193.91,14082.88
Project 0139,2025-08-01,196.58,18420.14,10514.28
Project 0139,2025-09-01,219.13,17676.68,13088.65
Project 0139,2025-10-01,229.92,16865.92,11215.74
Project 0139,2025-11-01,220.62,15222.71,10016.9
Project 0139,2025-12-01,213.21,17183.27,10014.37
Project 0139,2026-01-01,221.9,16995.16,11010.99
Project 0139,2026-02-01,172.15,17151.0,10087.44
Project 0139,2026-03-01,204.35,16114.21,10776.98
Project 0139,2026-04-01,179.84,19467.09,10765.64
Project 0139,2026-05-01,205.55,16907.13,11165.13
Project 0139,2026-06-01,240.43,19280.87,10990.26
Project 0139,2026-07-01,175.25,19903.84,13473.19
Project 0139,2026-08-01,228.89,18286.73,11028.18
Project 0140,2024-09-01,111.41,23575.33,13907.5
Project 0140,2024-10-01,112.06,20781.37,13363.58
Project 0140,2024-11-01,91.93,26516.64,19043.86
Project 0140,2024-12-01,128.02,21916.05,14024.17
Project 0140,2025-01-01,128.27,25553.05,15586.92
Project 0140,2025-02-01,106.42,22236.92,13317.1
Project 0140,2025-03-01,98.16,25355.14,18329.18
Project 0140,2025-04-01,84.83,26071.4,18539.24
Project 0140,2025-05-01,100.34,23574.13,14771.85
Project 0140,2025-06-01,106.24,26278.11,17756.83
Project 0140,2025-07-01,131.84,21921.09,15255.35
Project 0140,2025-08-01,119.91,22853.14,15197.46
Project 0140,2025-09-01,93.45,21582.32,12048.58
Project 0140,2025-10-01,111.56,27891.0,17106.94
Project 0140,2025-11-01,108.28,21736.92,14238.82
Project 0140,2025-12-01,131.83,26924.13,17150.38
Project 0140,2026-01-01,102.75,24257.42,17353.39
Project 0140,2026-02-01,101.48,22007.03,15294.76
Project 0140,2026-03-01,98.84,20739.77,14067.57
Project 0140,2026-04-01,99.49,22274.09,14415.99
Project 0140,2026-05-01,89.96,24401.51,17999.7
Project 0140,2026-06-01,121.15,20997.49,11848.56
Project 0140,2026-07-01,93.32,24809.5,14345.34
Project 0140,2026-08-01,106.76,21732.9,14193.69
Project 0141,2024-09-01,104.63,3651.33,2196.47
Project 0141,2024-10-01,75.37,4142.56,2687.63
Project 0141,2024-11-01,87.06,4591.11,2787.4
Project 0141,2024-12-01,96.18,3824.92,2194.16
Project 0141,2025-01-01,72.89,4008.42,2411.44
Project 0141,2025-02-01,101.08,3680.46,2563.0
Project 0141,2025-03-01,75.69,4296.65,2801.61
Project 0141,2025-04-01,89.72,4236.13,2380.78
Project 0141,2025-05-01,84.93,4918.47,3616.59
Project 0141,2025-06-01,76.57,3464.8,1977.71
Project 0141,2025-07-01,79.35,4611.64,3311.61
Project 0141,2025-08-01,92.68,4706.38,3215.19
Project 0141,2025-09-01,92.91,4506.8,2827.49
Project 0141,2025-10-01,101.48,4480.64,2762.38
Project 0141,2025-11-01,67.6,4876.19,3022.34
Project 0141,2025-12-01,71.94,3649.39,2602.33
Project 0141,2026-01-01,96.9,4836.16,3604.5
Project 0141,2026-02-01,72.48,3776.52,2470.38
Project 0141,2026-03-01,68.61,4701.33,3521.83
Project 0141,2026-04-01,104.61,4359.01,2715.74
Project 0141,2026-05-01,95.92,4141.33,2934.3
Project 0141,2026-06-01,102.73,3801.73,2750.5
Project 0141,2026-07-01,72.01,3477.48,2257.65
Project 0141,2026-08-01,94.24,4145.75,2354.55
Project 0142,2024-09-01,162.89,22504.48,13428.96
Project 0142,2024-10-01,135.75,21717.66,12582.88
Project 0142,2024-11-01,187.74,21953.73,13114.86
Project 0142,2024-12-01,138.12,20281.2,12235.49
Project 0142,2025-01-01,168.77,20656.38,11521.32
Project 0142,2025-02-01,123.64,24902.47,18085.43
Project 0142,2025-03-01,156.56,24420.63,14100.45
Project 0142,2025-04-01,163.73,21892.38,15796.49
Project 0142,2025-05-01,148.73,21782.95,15632.71
Project 0142,2025-06-01,164.86,25085.44,18183.87
Project 0142,2025-07-01,167.94,22150.32,15231.3
Project 0142,2025-08-01,142.55,22964.71,15274.57
Project 0142,2025-09-01,142.15,22115.0,13710.65
Project 0142,2025-10-01,160.57,23405.96,13571.76
Project 0142,2025-11-01,181.25,23984.9,15427.76
Project 0142,2025-12-01,185.69,19156.75,13916.49
Project 0142,2026-01-01,127.04,19429.16,12398.34
Project 0142,2026-02-01,132.53,22746.7,14845.46
Project 0142,2026-03-01,181.76,20819.36,13239.31
Project 0142,2026-04-01,186.21,21651.49,13206.07
Project 0142,2026-05-01,175.5,19771.72,11971.93
Project 0142,2026-06-01,127.03,23940.58,13700.05
Project 0142,2026-07-01,157.68,24473.96,16979.12
Project 0142,2026-08-01,131.9,19282.54,13825.41
Project 0143,2024-09-01,251.96,27760.92,15423.81
Project 0143,2024-10-01,288.0,28047.07,20032.76
Project 0143,2024-11-01,279.06,31331.7,20404.7
Project 0143,2024-12-01,284.82,29647.52,17772.51
Project 0143,2025-01-01,308.51,26426.52,14680.94
Project 0143,2025-02-01,265.14,25460.14,17760.15
Project 0143,2025-03-01,240.54,29642.92,22101.62
Project 0143,2025-04-01,294.97,31385.22,17514.5
Project 0143,2025-05-01,242.72,26472.75,15526.8
Project 0143,2025-06-01,225.69,24761.31,16261.43
Project 0143,2025-07-01,288.41,31300.11,17483.84
Project 0143,2025-08-01,213.93,28489.11,18125.91
Project 0143,2025-09-01,256.9,28551.99,20802.01
Project 0143,2025-10-01,272.72,32448.09,23592.41
Project 0143,2025-11-01,293.53,31118.73,20624.12
Project 0143,2025-12-01,282.71,29509.87,16346.64
Project 0143,2026-01-01,306.75,31243.76,21645.31
Project 0143,2026-02-01,243.15,24382.27,17358.13
Project 0143,2026-03-01,242.26,34059.71,24463.01
Project 0143,2026-04-01,214.05,33064.49,23778.58
Project 0143,2026-05-01,267.75,27400.06,18023.55
Project 0143,2026-06-01,284.58,30956.91,19755.96
Project 0143,2026-07-01,292.47,33321.71,23561.25
Project 0143,2026-08-01,204.26,28806.79,18679.8
Project 0144,2024-09-01,19.02,5802.14,4331.4
Project 0144,2024-10-01,24.11,5636.76,3863.62
Project 0144,2024-11-01,24.21,5234.67,3320.78
Project 0144,2024-12-01,23.97,5705.27,4017.94
Project 0144,2025-01-01,18.05,5609.06,3147.4
Project 0144,2025-02-01,19.69,5624.55,3748.16
Project 0144,2025-03-01,17.37,4973.52,2775.51
Project 0144,2025-04-01,23.11,5672.18,3713.96
Project 0144,2025-05-01,18.85,5885.79,3540.85
Project 0144,2025-06-01,24.75,5543.92,3498.1
Project 0144,2025-07-01,26.34,5897.86,3258.46
Project 0144,2025-08-01,25.19,4479.01,2763.75
Project 0144,2025-09-01,24.84,4338.95,2780.91
Project 0144,2025-10-01,18.98,5062.26,3453.37
Project 0144,2025-11-01,19.18,5169.47,3195.07
Project 0144,2025-12-01,26.21,5252.63,3855.82
Project 0144,2026-01-01,24.36,4689.62,3306.67
Project 0144,2026-02-01,22.74,5638.83,3113.21
Project 0144,2026-03-01,18.19,5552.92,3183.9
Project 0144,2026-04-01,26.79,5268.56,3153.28
Project 0144,2026-05-01,20.13,5341.79,3898.14
Project 0144,2026-06-01,19.18,5246.5,3160.63
Project 0144,2026-07-01,18.35,4953.06,2802.18
Project 0144,2026-08-01,21.14,5404.2,3757.24
Project 0145,2024-09-01,338.72,36106.69,23059.95
Project 0145,2024-10-01,329.38,35322.1,20012.12
Project 0145,2024-11-01,341.89,46922.56,31034.28
Project 0145,2024-12-01,292.44,36459.51,23646.73
Project 0145,2025-01-01,277.48,43992.22,24273.73
Project 0145,2025-02-01,320.49,39643.88,23266.47
Project 0145,2025-03-01,299.77,41865.43,26836.49
Project 0145,2025-04-01,341.39,39684.54,22166.96
Project 0145,2025-05-01,313.3,37023.71,23001.33
Project 0145,2025-06-01,366.55,40350.29,29345.4
Project 0145,2025-07-01,371.23,38195.69,24512.39
Project 0145,2025-08-01,392.63,38574.75,27579.42
Project 0145,2025-09-01,275.32,49432.39,28609.91
Project 0145,2025-10-01,342.85,42034.41,24557.01
Project 0145,2025-11-01,327.55,47415.55,29975.56
Project 0145,2025-12-01,342.32,43521.55,24309.25
Project 0145,2026-01-01,303.42,49517.38,27844.05
Project 0145,2026-02-01,393.71,47293.36,33733.02
Project 0145,2026-03-01,341.03,47286.72,34730.45
Project 0145,2026-04-01,361.23,34986.62,23935.81
Project 0145,2026-05-01,329.26,35195.3,22982.95
Project 0145,2026-06-01,262.31,44870.11,31905.15
Project 0145,2026-07-01,311.28,36548.95,26543.95
Project 0145,2026-08-01,305.67,42895.77,24006.21
Project 0146,2024-09-01,232.52,46731.74,34224.42
Project 0146,2024-10-01,157.64,47443.03,28365.62
Project 0146,2024-11-01,178.89,39062.77,23324.51
Project 0146,2024-12-01,201.09,39972.61,24532.81
Project 0146,2025-01-01,229.23,46808.98,31722.24
Project 0146,2025-02-01,212.55,47985.87,29566.04
Project 0146,2025-03-01,153.37,36347.15,22041.35
Project 0146,2025-04-01,225.73,47004.57,34866.1
Project 0146,2025-05-01,232.82,36519.2,22441.03
Project 0146,2025-06-01,164.01,49428.27,27807.34
Project 0146,2025-07-01,221.67,42088.28,25007.38
Project 0146,2025-08-01,225.99,38543.13,28432.01
Project 0146,2025-09-01,210.5,36309.08,22215.4
Project 0146,2025-10-01,188.55,42030.6,26704.48
Project 0146,2025-11-01,198.17,44246.64,28455.86
Project 0146,2025-12-01,209.75,47194.48,30113.47
Project 0146,2026-01-01,203.12,38361.54,27029.21
Project 0146,2026-02-01,198.66,46192.0,27525.0
Project 0146,2026-03-01,177.14,46303.02,33982.33
Project 0146,2026-04-01,172.33,46438.62,29933.66
Project 0146,2026-05-01,177.19,49485.54,32417.39
Project 0146,2026-06-01,212.8,46848.59,27396.05
Project 0146,2026-07-01,226.2,45039.39,33494.53
Project 0146,2026-08-01,232.27,46476.93,30867.52
Project 0147,2024-09-01,141.09,13170.62,7548.64
Project 0147,2024-10-01,135.38,12973.23,9337.17
Project 0147,2024-11-01,144.14,14696.28,9103.69
Project 0147,2024-12-01,128.59,11936.89,8188.24
Project 0147,2025-01-01,133.44,12303.78,7718.83
Project 0147,2025-02-01,161.45,14729.79,10161.7
Project 0147,2025-03-01,133.83,12683.04,7339.3
Project 0147,2025-04-01,117.35,11845.47,6824.38
Project 0147,2025-05-01,119.7,11900.91,6811.71
Project 0147,2025-06-01,167.99,14124.78,10252.29
Project 0147,2025-07-01,133.21,11254.14,8123.94
Project 0147,2025-08-01,159.24,11684.13,7811.31
Project 0147,2025-09-01,160.98,15529.73,10644.18
Project 0147,2025-10-01,120.34,14209.56,8147.06
Project 0147,2025-11-01,118.71,13039.26,7438.68
Project 0147,2025-12-01,160.02,12493.44,6914.24
Project 0147,2026-01-01,133.27,12446.67,8116.65
Project 0147,2026-02-01,166.38,11910.54,7929.74
Project 0147,2026-03-01,107.82,13554.42,8771.65
Project 0147,2026-04-01,120.74,15077.75,9351.85
Project 0147,2026-05-01,167.16,11133.31,6271.73
Project 0147,2026-06-01,126.46,15370.05,10259.68
Project 0147,2026-07-01,115.91,14313.31,9142.65
Project 0147,2026-08-01,110.74,12605.15,9033.34
Project 0148,2024-09-01,64.33,3275.47,2007.26
Project 0148,2024-10-01,64.7,3481.99,2315.2
Project 0148,2024-11-01,60.57,3655.01,2190.26
Project 0148,2024-12-01,55.24,4425.71,2651.14
Project 0148,2025-01-01,47.31,4268.51,2576.49
Project 0148,2025-02-01,70.46,3739.52,2767.58
Project 0148,2025-03-01,60.03,4218.83,2860.89
Project 0148,2025-04-01,54.84,3793.77,2807.92
Project 0148,2025-05-01,56.11,3374.15,2462.52
Project 0148,2025-06-01,47.62,4228.19,2345.04
Project 0148,2025-07-01,59.8,3937.83,2514.69
Project 0148,2025-08-01,73.25,3636.87,2198.11
Project 0148,2025-09-01,57.68,3900.63,2278.16
Project 0148,2025-10-01,71.42,3496.73,2523.44
Project 0148,2025-11-01,70.28,3491.71,2066.52
Project 0148,2025-12-01,49.02,4092.45,2971.42
Project 0148,2026-01-01,61.7,3284.37,2318.58
Project 0148,2026-02-01,57.67,3376.18,1885.23
Project 0148,2026-03-01,55.07,4171.44,2760.99
Project 0148,2026-04-01,55.03,4522.72,2531.48
Project 0148,2026-05-01,67.9,4161.43,3086.0
Project 0148,2026-06-01,57.34,3433.75,2468.28
Project 0148,2026-07-01,63.57,4345.86,2624.35
Project 0148,2026-08-01,50.16,3611.14,2651.92
Project 0149,2024-09-01,154.24,48568.09,32388.62
Project 0149,2024-10-01,139.61,52453.19,35863.17
Project 0149,2024-11-01,133.14,52822.43,33268.96
Project 0149,2024-12-01,180.37,61106.56,41380.75
Project 0149,2025-01-01,151.58,60601.63,40903.96
Project 0149,2025-02-01,145.31,64670.66,36425.81
Project 0149,2025-03-01,168.86,64056.71,40334.08
Project 0149,2025-04-01,139.14,64558.23,40311.71
Project 0149,2025-05-01,134.42,57196.63,39449.34
Project 0149,2025-06-01,123.37,48171.4,31647.44
Project 0149,2025-07-01,123.28,56125.22,41691.79
Project 0149,2025-08-01,126.23,56476.7,34580.04
Project 0149,2025-09-01,150.94,60959.83,35821.8
Project 0149,2025-10-01,144.8,47183.68,29135.12
Project 0149,2025-11-01,177.64,58108.99,34839.02
Project 0149,2025-12-01,177.32,62046.29,45318.64
Project 0149,2026-01-01,172.12,63959.34,42769.43
Project 0149,2026-02-01,148.85,53248.1,38579.44
Project 0149,2026-03-01,126.77,51105.82,29547.54
Project 0149,2026-04-01,166.76,61488.45,39938.54
Project 0149,2026-05-01,161.19,50581.81,28208.8
Project 0149,2026-06-01,142.66,56376.77,42032.94
Project 0149,2026-07-01,152.87,55178.35,38209.49
Project 0149,2026-08-01,131.11,54723.57,35978.32
Project 0150,2024-09-01,235.57,104804.34,71888.25
Project 0150,2024-10-01,281.38,105899.93,72203.3
Project 0150,2024-11-01,293.01,98046.46,72745.61
Project 0150,2024-12-01,259.1,105605.77,66208.72
Project 0150,2025-01-01,232.92,78485.8,57968.91
Project 0150,2025-02-01,247.98,103036.88,67736.59
Project 0150,2025-03-01,240.44,84188.97,58333.67
Project 0150,2025-04-01,211.37,87223.14,57407.82
Project 0150,2025-05-01,297.13,81476.92,51173.04
Project 0150,2025-06-01,215.47,103681.54,60948.34
Project 0150,2025-07-01,275.87,94182.13,62475.99
Project 0150,2025-08-01,195.0,81621.59,54985.02
Project 0150,2025-09-01,228.3,78417.14,53728.05
Project 0150,2025-10-01,204.75,77345.93,43494.19
Project 0150,2025-11-01,233.08,106485.44,77857.79
Project 0150,2025-12-01,273.02,83691.4,49697.07
Project 0150,2026-01-01,280.8,90334.64,64432.71
Project 0150,2026-02-01,280.71,99937.62,59192.5
Project 0150,2026-03-01,243.75,89811.97,65392.14
Project 0150,2026-04-01,292.46,83798.68,53644.49
Project 0150,2026-05-01,220.19,95898.14,60613.34
Project 0150,2026-06-01,246.79,97196.48,71550.37
Project 0150,2026-07-01,252.42,98083.07,71339.15
Project 0150,2026-08-01,261.47,95760.86,57387.02
Project 0151,2024-09-01,32.53,7994.64,5822.96
Project 0151,2024-10-01,26.27,7758.1,5188.15
Project 0151,2024-11-01,32.94,7017.41,4846.42
Project 0151,2024-12-01,35.32,7875.66,5122.62
Project 0151,2025-01-01,26.19,8742.95,5538.38
Project 0151,2025-02-01,26.24,9389.11,5897.44
Project 0151,2025-03-01,25.41,7765.64,4721.07
Project 0151,2025-04-01,35.74,7511.23,5244.46
Project 0151,2025-05-01,33.59,7759.75,4302.22
Project 0151,2025-06-01,26.74,8387.33,4804.8
Project 0151,2025-07-01,26.06,9452.75,6753.79
Project 0151,2025-08-01,23.58,8049.41,5606.47
Project 0151,2025-09-01,27.99,8595.61,5211.59
Project 0151,2025-10-01,35.98,7036.78,4565.44
Project 0151,2025-11-01,35.0,7072.07,4284.02
Project 0151,2025-12-01,27.15,7424.23,4921.63
Project 0151,2026-01-01,29.83,7037.87,5131.65
Project 0151,2026-02-01,27.82,7378.21,4642.55
Project 0151,2026-03-01,35.68,8565.37,5386.83
Project 0151,2026-04-01,28.04,7023.24,4129.79
Project 0151,2026-05-01,23.78,8760.88,5329.99
Project 0151,2026-06-01,27.1,8442.95,5574.02
Project 0151,2026-07-01,35.99,7159.12,4354.04
Project 0151,2026-08-01,27.75,9569.79,6759.8
Project 0152,2024-09-01,59.36,3261.09,2004.73
Project 0152,2024-10-01,59.46,3599.8,2403.86
Project 0152,2024-11-01,44.54,3686.25,2211.07
Project 0152,2024-12-01,43.38,3680.53,2208.79
Project 0152,2025-01-01,49.06,3239.19,2128.54
Project 0152,2025-02-01,65.23,3693.56,2316.63
Project 0152,2025-03-01,58.93,4137.43,3030.8
Project 0152,2025-04-01,59.8,4017.51,2495.76
Project 0152,2025-05-01,48.39,3254.55,2409.78
Project 0152,2025-06-01,60.72,4178.64,3036.87
Project 0152,2025-07-01,55.48,4127.67,2789.53
Project 0152,2025-08-01,53.2,3483.36,1942.62
Project 0152,2025-09-01,59.46,3502.76,2222.14
Project 0152,2025-10-01,51.09,4067.66,2345.16
Project 0152,2025-11-01,59.47,3989.29,2387.05
Project 0152,2025-12-01,52.79,3634.95,2681.76
Project 0152,2026-01-01,46.82,3726.24,2423.66
Project 0152,2026-02-01,59.41,4054.97,2913.46
Project 0152,2026-03-01,64.73,3266.51,2290.23
Project 0152,2026-04-01,51.44,3882.84,2824.89
Project 0152,2026-05-01,63.83,3765.72,2343.01
Project 0152,2026-06-01,51.09,3131.6,2007.52
Project 0152,2026-07-01,55.47,3631.03,2393.61
Project 0152,2026-08-01,47.11,4028.12,2470.08
Project 0153,2024-09-01,47.52,4284.34,2856.28
Project 0153,2024-10-01,47.28,3730.24,2199.41
Project 0153,2024-11-01,56.5,3823.1,2535.52
Project 0153,2024-12-01,52.37,3144.93,1979.09
Project 0153,2025-01-01,53.73,3292.41,1941.19
Project 0153,2025-02-01,45.08,4327.75,3023.18
Project 0153,2025-03-01,41.27,3823.27,2615.95
Project 0153,2025-04-01,51.82,4377.88,2936.7
Project 0153,2025-05-01,41.45,4422.04,2487.26
Project 0153,2025-06-01,50.61,3128.37,2240.06
Project 0153,2025-07-01,54.61,3942.19,2718.51
Project 0153,2025-08-01,39.72,3585.67,2635.22
Project 0153,2025-09-01,47.16,3224.82,1976.18
Project 0153,2025-10-01,49.27,3451.33,2057.84
Project 0153,2025-11-01,44.34,4321.81,2962.49
Project 0153,2025-12-01,50.04,4067.24,2971.85
Project 0153,2026-01-01,37.76,3396.95,1906.01
Project 0153,2026-02-01,56.01,4269.82,2606.74
Project 0153,2026-03-01,36.17,4021.03,2363.26
Project 0153,2026-04-01,37.35,4015.31,2584.66
Project 0153,2026-05-01,51.74,3979.28,2549.78
Project 0153,2026-06-01,47.09,3935.69,2205.8
Project 0153,2026-07-01,39.54,4087.55,2274.16
Project 0153,2026-08-01,53.79,3693.94,2143.1
Project 0154,2024-09-01,87.11,12009.68,7478.81
Project 0154,2024-10-01,91.0,14973.81,10637.28
Project 0154,2024-11-01,114.55,15878.36,10281.14
Project 0154,2024-12-01,99.55,13850.7,9011.46
Project 0154,2025-01-01,113.91,12346.46,7658.53
Project 0154,2025-02-01,94.99,13116.83,7687.23
Project 0154,2025-03-01,89.87,16653.05,12099.86
Project 0154,2025-04-01,122.58,14932.38,9628.59
Project 0154,2025-05-01,91.86,16789.24,11096.65
Project 0154,2025-06-01,102.9,12599.99,8366.15
Project 0154,2025-07-01,99.08,15107.06,8539.52
Project 0154,2025-08-01,104.83,15366.48,8872.23
Project 0154,2025-09-01,126.72,16832.31,12141.5
Project 0154,2025-10-01,86.58,16351.58,12242.17
Project 0154,2025-11-01,89.6,14034.43,9998.41
Project 0154,2025-12-01,106.6,13121.91,7553.01
Project 0154,2026-01-01,108.1,14422.45,9218.61
Project 0154,2026-02-01,104.67,12305.56,7922.18
Project 0154,2026-03-01,125.12,13309.43,8432.3
Project 0154,2026-04-01,87.09,16457.37,10101.13
Project 0154,2026-05-01,101.09,12863.8,7362.31
Project 0154,2026-06-01,98.53,14246.84,8472.07
Project 0154,2026-07-01,126.49,15297.79,9047.46
Project 0154,2026-08-01,116.73,15661.5,10174.09
Project 0155,2024-09-01,394.6,30347.58,18889.83
Project 0155,2024-10-01,350.41,27996.38,17658.08
Project 0155,2024-11-01,389.86,24810.01,17565.39
Project 0155,2024-12-01,271.63,22881.21,16806.44
Project 0155,2025-01-01,354.22,22566.09,13434.76
Project 0155,2025-02-01,262.88,22125.43,13821.85
Project 0155,2025-03-01,340.89,22529.66,15307.8
Project 0155,2025-04-01,362.13,25350.32,16427.22
Project 0155,2025-05-01,313.34,25891.42,16472.67
Project 0155,2025-06-01,353.2,31016.99,19014.72
Project 0155,2025-07-01,302.19,28785.98,16556.05
Project 0155,2025-08-01,363.32,26321.67,16465.05
Project 0155,2025-09-01,310.43,30075.95,18646.12
Project 0155,2025-10-01,324.3,31306.38,22260.22
Project 0155,2025-11-01,388.79,29464.05,16705.5
Project 0155,2025-12-01,365.74,24375.58,16149.31
Project 0155,2026-01-01,278.36,27124.88,16443.93
Project 0155,2026-02-01,294.48,26759.94,15843.4
Project 0155,2026-03-01,276.84,22626.59,15924.0
Project 0155,2026-04-01,260.87,28642.21,16917.72
Project 0155,2026-05-01,301.08,27132.89,19390.52
Project 0155,2026-06-01,383.73,29273.4,19396.15
Project 0155,2026-07-01,342.26,25146.39,14278.81
Project 0155,2026-08-01,256.7,21881.38,13818.28
Project 0156,2024-09-01,74.13,10899.96,7336.38
Project 0156,2024-10-01,74.93,14225.79,9378.84
Project 0156,2024-11-01,104.33,10430.15,6345.19
Project 0156,2024-12-01,79.02,13719.54,9757.48
Project 0156,2025-01-01,79.4,10818.89,6366.86
Project 0156,2025-02-01,100.47,11056.85,7494.4
Project 0156,2025-03-01,105.78,11670.92,7504.08
Project 0156,2025-04-01,75.66,14115.94,10317.73
Project 0156,2025-05-01,89.21,9970.93,6327.66
Project 0156,2025-06-01,89.53,12187.81,7651.59
Project 0156,2025-07-01,105.97,14239.25,10570.49
Project 0156,2025-08-01,98.84,14156.37,10584.98
Project 0156,2025-09-01,84.18,13780.33,9742.08
Project 0156,2025-10-01,95.71,13865.78,8798.62
Project 0156,2025-11-01,99.49,10196.27,7550.83
Project 0156,2025-12-01,73.92,11482.66,7065.29
Project 0156,2026-01-01,80.33,12437.29,8359.4
Project 0156,2026-02-01,94.09,14103.33,8779.77
Project 0156,2026-03-01,90.0,13968.48,8041.3
Project 0156,2026-04-01,93.42,12074.61,8665.36
Project 0156,2026-05-01,80.35,13971.62,8118.94
Project 0156,2026-06-01,96.71,10231.13,7254.19
Project 0156,2026-07-01,83.4,11686.07,8657.59
Project 0156,2026-08-01,77.08,13885.79,9805.61
Project 0157,2024-09-01,122.12,20809.34,12929.97
Project 0157,2024-10-01,131.16,17623.8,11861.88
Project 0157,2024-11-01,137.51,19038.98,12526.3
Project 0157,2024-12-01,159.61,16978.08,10701.99
Project 0157,2025-01-01,174.72,19791.18,12248.24
Project 0157,2025-02-01,137.41,20991.93,15300.1
Project 0157,2025-03-01,127.73,22412.44,15427.58
Project 0157,2025-04-01,174.01,16820.3,10425.19
Project 0157,2025-05-01,132.66,22305.73,15091.03
Project 0157,2025-06-01,168.46,23391.47,13615.55
Project 0157,2025-07-01,134.59,20271.21,12910.08
Project 0157,2025-08-01,133.78,18752.19,12348.52
Project 0157,2025-09-01,146.7,17727.48,10739.18
Project 0157,2025-10-01,159.61,18421.64,10240.93
Project 0157,2025-11-01,138.37,19079.62,12344.93
Project 0157,2025-12-01,135.94,21140.69,12528.55
Project 0157,2026-01-01,175.15,22685.15,12567.64
Project 0157,2026-02-01,134.15,20263.9,12267.72
Project 0157,2026-03-01,153.21,18755.94,11031.18
Project 0157,2026-04-01,142.13,22885.4,14077.16
Project 0157,2026-05-01,113.28,21831.28,13892.78
Project 0157,2026-06-01,133.92,18896.15,11666.75
Project 0157,2026-07-01,121.99,16577.74,9588.19
Project 0157,2026-08-01,113.65,23427.38,13667.88
Project 0158,2024-09-01,212.62,19125.36,12242.78
Project 0158,2024-10-01,216.32,13872.08,8011.97
Project 0158,2024-11-01,243.99,17347.77,11386.98
Project 0158,2024-12-01,212.35,14666.01,9570.83
Project 0158,2025-01-01,199.19,16537.87,11324.27
Project 0158,2025-02-01,244.69,16765.53,11990.25
Project 0158,2025-03-01,221.33,14962.95,8870.94
Project 0158,2025-04-01,169.64,17999.93,11604.75
Project 0158,2025-05-01,181.49,18048.39,12948.34
Project 0158,2025-06-01,191.99,17189.15,10909.67
Project 0158,2025-07-01,175.92,18842.68,12976.43
Project 0158,2025-08-01,238.92,17559.61,12162.36
Project 0158,2025-09-01,237.14,16839.0,12053.8
Project 0158,2025-10-01,159.36,17615.24,11004.31
Project 0158,2025-11-01,203.14,17117.22,10507.64
Project 0158,2025-12-01,205.89,14257.32,8656.81
Project 0158,2026-01-01,192.12,14776.98,10448.78
Project 0158,2026-02-01,175.8,16272.18,9330.15
Project 0158,2026-03-01,227.47,16337.5,11118.71
Project 0158,2026-04-01,195.49,14771.99,10651.28
Project 0158,2026-05-01,204.02,14452.29,8978.43
Project 0158,2026-06-01,160.91,14138.55,9348.04
Project 0158,2026-07-01,165.7,13531.73,8383.08
Project 0158,2026-08-01,192.25,13665.33,7872.23
Project 0159,2024-09-01,144.0,44431.61,30003.46
Project 0159,2024-10-01,104.37,46042.05,31024.51
Project 0159,2024-11-01,103.51,41293.21,28194.97
Project 0159,2024-12-01,125.27,53909.14,30092.04
Project 0159,2025-01-01,102.96,53373.69,38616.0
Project 0159,2025-02-01,119.87,45138.75,29726.55
Project 0159,2025-03-01,150.1,54668.19,35209.92
Project 0159,2025-04-01,132.06,50263.75,34616.26
Project 0159,2025-05-01,101.12,52514.41,32304.34
Project 0159,2025-06-01,152.96,54706.02,30211.08
Project 0159,2025-07-01,155.48,41929.28,27193.86
Project 0159,2025-08-01,108.6,48190.9,35124.76
Project 0159,2025-09-01,109.91,42432.06,25273.58
Project 0159,2025-10-01,138.99,54036.62,38026.61
Project 0159,2025-11-01,150.69,44889.54,31776.48
Project 0159,2025-12-01,154.19,51187.15,31901.85
Project 0159,2026-01-01,150.73,48833.33,34582.68
Project 0159,2026-02-01,103.49,48030.96,32687.22
Project 0159,2026-03-01,109.6,47410.18,34441.16
Project 0159,2026-04-01,121.12,44319.93,30336.12
Project 0159,2026-05-01,104.23,46773.67,29349.93
Project 0159,2026-06-01,109.98,40125.87,22126.81
Project 0159,2026-07-01,117.89,41589.97,27351.38
Project 0159,2026-08-01,129.79,54030.81,37341.82
Project 0160,2024-09-01,271.59,42688.9,28776.32
Project 0160,2024-10-01,211.03,44338.01,27077.59
Project 0160,2024-11-01,236.25,46940.51,34166.93
Project 0160,2024-12-01,197.92,40705.17,27185.75
Project 0160,2025-01-01,229.59,51221.76,34807.35
Project 0160,2025-02-01,250.62,40649.82,28753.99
Project 0160,2025-03-01,201.4,50914.61,31631.97
Project 0160,2025-04-01,193.76,47242.47,32508.63
Project 0160,2025-05-01,221.32,45440.04,32395.61
Project 0160,2025-06-01,297.63,41596.78,29669.9
Project 0160,2025-07-01,196.65,48346.05,35334.29
Project 0160,2025-08-01,214.86,49671.5,31216.04
Project 0160,2025-09-01,296.87,41250.88,29735.25
Project 0160,2025-10-01,275.63,51935.15,33304.43
Project 0160,2025-11-01,212.58,40230.28,23347.11
Project 0160,2025-12-01,289.87,45740.67,34230.47
Project 0160,2026-01-01,265.7,41552.35,27815.96
Project 0160,2026-02-01,262.27,44808.64,27972.81
Project 0160,2026-03-01,266.58,52165.43,36559.63
Project 0160,2026-04-01,208.29,40827.61,25675.19
Project 0160,2026-05-01,291.91,49293.88,31324.59
Project 0160,2026-06-01,241.06,49414.75,30095.84
Project 0160,2026-07-01,276.65,48851.28,28850.01
Project 0160,2026-08-01,243.71,41840.94,24573.37
Project 0161,2024-09-01,275.89,98601.42,56620.95
Project 0161,2024-10-01,318.66,75755.67,52849.71
Project 0161,2024-11-01,214.75,92637.6,67538.35
Project 0161,2024-12-01,283.95,83721.75,62116.33
Project 0161,2025-01-01,263.04,73178.56,40974.33
Project 0161,2025-02-01,235.93,85433.63,62555.63
Project 0161,2025-03-01,280.9,82333.99,59449.87
Project 0161,2025-04-01,265.58,100284.1,64297.3
Project 0161,2025-05-01,207.71,72434.03,48658.32
Project 0161,2025-06-01,251.03,72118.85,39717.39
Project 0161,2025-07-01,256.34,88982.01,51200.62
Project 0161,2025-08-01,273.33,79201.46,53963.34
Project 0161,2025-09-01,300.94,84292.29,48256.33
Project 0161,2025-10-01,211.42,72704.15,47778.66
Project 0161,2025-11-01,221.59,91773.42,62203.03
Project 0161,2025-12-01,322.55,84740.49,58767.08
Project 0161,2026-01-01,273.43,90277.83,67660.82
Project 0161,2026-02-01,269.62,100184.94,64222.22
Project 0161,2026-03-01,256.68,84285.51,55314.87
Project 0161,2026-04-01,315.41,78502.62,50873.31
Project 0161,2026-05-01,262.21,95938.15,66548.27
Project 0161,2026-06-01,279.83,80444.18,52262.51
Project 0161,2026-07-01,310.09,81371.51,46588.63
Project 0161,2026-08-01,229.11,85046.47,61421.49
Project 0162,2024-09-01,166.92,9335.94,5443.91
Project 0162,2024-10-01,185.54,9892.77,5769.59
Project 0162,2024-11-01,136.88,10842.41,6864.87
Project 0162,2024-12-01,162.99,10391.71,6967.67
Project 0162,2025-01-01,141.59,10757.6,6780.23
Project 0162,2025-02-01,176.4,8541.21,6127.64
Project 0162,2025-03-01,136.67,9136.54,5101.91
Project 0162,2025-04-01,179.09,11971.86,7448.18
Project 0162,2025-05-01,143.01,10175.86,6812.21
Project 0162,2025-06-01,153.89,11041.36,8001.88
Project 0162,2025-07-01,132.66,10304.97,6950.28
Project 0162,2025-08-01,188.09,10103.51,6348.83
Project 0162,2025-09-01,168.13,9885.24,6478.76
Project 0162,2025-10-01,191.88,9780.76,5970.54
Project 0162,2025-11-01,183.1,9424.4,5189.78
Project 0162,2025-12-01,163.91,9143.96,5326.26
Project 0162,2026-01-01,155.07,12028.55,8052.79
Project 0162,2026-02-01,142.82,8993.65,6052.05
Project 0162,2026-03-01,177.49,10424.57,6294.84
Project 0162,2026-04-01,142.94,10806.91,7212.0
Project 0162,2026-05-01,131.09,10628.55,7011.94
Project 0162,2026-06-01,157.66,8447.89,5824.86
Project 0162,2026-07-01,188.3,8671.79,5565.13
Project 0162,2026-08-01,130.08,11854.32,8771.97
Project 0163,2024-09-01,241.72,29203.03,21540.11
Project 0163,2024-10-01,195.08,30709.09,21761.14
Project 0163,2024-11-01,247.45,35137.57,19567.01
Project 0163,2024-12-01,210.03,35836.86,26384.51
Project 0163,2025-01-01,268.55,36233.1,21613.63
Project 0163,2025-02-01,250.05,38611.22,27854.78
Project 0163,2025-03-01,273.85,31175.37,20728.92
Project 0163,2025-04-01,235.58,28461.91,16700.94
Project 0163,2025-05-01,233.18,32251.18,20801.55
Project 0163,2025-06-01,253.68,35191.31,19629.65
Project 0163,2025-07-01,295.02,37025.24,22945.88
Project 0163,2025-08-01,250.3,30063.29,20773.21
Project 0163,2025-09-01,258.18,36149.92,20939.71
Project 0163,2025-10-01,237.8,38075.56,22628.07
Project 0163,2025-11-01,236.82,28923.41,19482.65
Project 0163,2025-12-01,296.5,35984.97,20893.94
Project 0163,2026-01-01,262.83,39891.81,25564.5
Project 0163,2026-02-01,267.18,38701.95,23985.28
Project 0163,2026-03-01,264.14,38651.85,26660.79
Project 0163,2026-04-01,240.29,38801.88,26438.86
Project 0163,2026-05-01,240.89,36952.08,20940.39
Project 0163,2026-06-01,196.5,37278.27,25855.57
Project 0163,2026-07-01,229.2,38978.51,22233.83
Project 0163,2026-08-01,252.73,30710.99,22681.05
Project 0164,2024-09-01,32.72,14622.57,9878.37
Project 0164,2024-10-01,37.65,15775.24,10952.79
Project 0164,2024-11-01,44.6,13642.88,8434.23
Project 0164,2024-12-01,46.19,13283.77,8763.23
Project 0164,2025-01-01,47.17,13435.58,9245.97
Project 0164,2025-02-01,41.54,13098.73,9484.42
Project 0164,2025-03-01,35.04,15583.49,10593.18
Project 0164,2025-04-01,45.16,15181.11,8890.46
Project 0164,2025-05-01,31.22,15601.68,10753.23
Project 0164,2025-06-01,33.81,16964.66,10386.78
Project 0164,2025-07-01,43.61,14991.47,9277.83
Project 0164,2025-08-01,46.54,15416.81,10719.49
Project 0164,2025-09-01,37.45,15661.2,11468.47
Project 0164,2025-10-01,34.35,13394.65,8342.79
Project 0164,2025-11-01,45.88,15343.1,8844.01
Project 0164,2025-12-01,45.02,16198.33,10810.51
Project 0164,2026-01-01,33.94,15920.54,9296.28
Project 0164,2026-02-01,39.49,16454.4,9859.27
Project 0164,2026-03-01,46.41,15544.7,10515.44
Project 0164,2026-04-01,39.23,13760.59,9638.66
Project 0164,2026-05-01,34.56,12298.1,7901.73
Project 0164,2026-06-01,36.7,15103.15,9208.06
Project 0164,2026-07-01,31.31,12161.61,7366.76
Project 0164,2026-08-01,40.52,14717.8,9548.99
Project 0165,2024-09-01,217.18,43491.85,27405.91
Project 0165,2024-10-01,202.32,39117.48,23861.22
Project 0165,2024-11-01,225.23,52938.04,39030.75
Project 0165,2024-12-01,237.43,43207.59,30652.01
Project 0165,2025-01-01,209.59,38389.47,28591.25
Project 0165,2025-02-01,194.62,45041.35,25199.56
Project 0165,2025-03-01,284.55,51516.47,33057.08
Project 0165,2025-04-01,279.87,39512.16,24296.82
Project 0165,2025-05-01,263.84,43639.93,27086.42
Project 0165,2025-06-01,285.84,47021.89,33360.84
Project 0165,2025-07-01,221.05,43035.74,26127.09
Project 0165,2025-08-01,243.35,42502.98,26917.97
Project 0165,2025-09-01,207.55,39024.61,24140.07
Project 0165,2025-10-01,254.1,45947.24,29738.96
Project 0165,2025-11-01,269.78,48798.38,31012.62
Project 0165,2025-12-01,247.32,38886.45,24354.34
Project 0165,2026-01-01,296.31,39103.97,24398.97
Project 0165,2026-02-01,242.98,46975.55,27178.44
Project 0165,2026-03-01,257.69,37774.83,22642.4
Project 0165,2026-04-01,293.62,40809.88,26214.42
Project 0165,2026-05-01,226.68,37353.44,24910.95
Project 0165,2026-06-01,192.73,42179.91,26947.15
Project 0165,2026-07-01,256.97,38587.4,26004.72
Project 0165,2026-08-01,221.34,37487.89,23719.98
Project 0166,2024-09-01,323.76,100126.52,60831.8
Project 0166,2024-10-01,283.53,115405.15,86301.02
Project 0166,2024-11-01,322.53,82384.92,53446.24
Project 0166,2024-12-01,298.25,85758.26,51563.23
Project 0166,2025-01-01,337.06,115069.46,76313.95
Project 0166,2025-02-01,394.35,105564.58,72587.07
Project 0166,2025-03-01,294.59,92594.52,56144.07
Project 0166,2025-04-01,298.47,88123.64,48899.75
Project 0166,2025-05-01,422.65,113735.56,63701.4
Project 0166,2025-06-01,298.98,86809.89,52628.03
Project 0166,2025-07-01,426.57,87903.82,49826.88
Project 0166,2025-08-01,289.68,88172.21,65783.26
Project 0166,2025-09-01,390.3,113124.34,71855.97
Project 0166,2025-10-01,311.96,87413.39,55822.89
Project 0166,2025-11-01,318.8,107821.73,66003.97
Project 0166,2025-12-01,314.53,101880.52,67938.39
Project 0166,2026-01-01,282.35,94366.97,59502.17
Project 0166,2026-02-01,323.29,113163.59,69546.55
Project 0166,2026-03-01,374.23,83027.1,59766.93
Project 0166,2026-04-01,314.92,93159.23,69061.02
Project 0166,2026-05-01,366.65,107004.39,65391.05
Project 0166,2026-06-01,390.16,88494.45,57907.03
Project 0166,2026-07-01,288.57,99079.2,64643.12
Project 0166,2026-08-01,426.72,109746.65,62702.26
Project 0167,2024-09-01,88.33,5834.49,4247.87
Project 0167,2024-10-01,103.45,6074.68,4507.45
Project 0167,2024-11-01,94.31,5023.43,3295.89
Project 0167,2024-12-01,74.1,5001.26,2831.8
Project 0167,2025-01-01,79.04,6163.29,4446.16
Project 0167,2025-02-01,92.34,5788.78,3521.52
Project 0167,2025-03-01,82.38,5486.7,3276.32
Project 0167,2025-04-01,90.38,6237.23,3477.17
Project 0167,2025-05-01,70.72,6212.04,3918.18
Project 0167,2025-06-01,66.97,5714.66,3889.29
Project 0167,2025-07-01,91.54,5891.57,3432.98
Project 0167,2025-08-01,76.1,5083.53,3772.05
Project 0167,2025-09-01,83.01,4707.07,3409.1
Project 0167,2025-10-01,98.01,6111.12,4549.48
Project 0167,2025-11-01,78.47,5346.62,2973.43
Project 0167,2025-12-01,88.09,4872.08,2833.27
Project 0167,2026-01-01,68.09,6044.79,3638.35
Project 0167,2026-02-01,76.41,5963.08,4148.83
Project 0167,2026-03-01,97.04,6563.98,4058.95
Project 0167,2026-04-01,68.62,6373.41,4429.53
Project 0167,2026-05-01,73.33,4618.65,3452.52
Project 0167,2026-06-01,97.94,5293.86,3309.81
Project 0167,2026-07-01,103.46,6252.27,3983.36
Project 0167,2026-08-01,90.63,5690.84,4193.96
Project 0168,2024-09-01,306.57,85928.07,52840.96
Project 0168,2024-10-01,238.23,84582.58,57020.68
Project 0168,2024-11-01,272.83,107062.89,70718.65
Project 0168,2024-12-01,281.04,98953.18,72302.08
Project 0168,2025-01-01,243.44,89510.96,51809.31
Project 0168,2025-02-01,355.48,107359.36,65251.69
Project 0168,2025-03-01,289.82,82104.21,56808.36
Project 0168,2025-04-01,350.69,97948.36,69891.6
Project 0168,2025-05-01,297.53,106619.69,65619.63
Project 0168,2025-06-01,284.21,100967.57,61342.93
Project 0168,2025-07-01,295.74,82397.16,55111.4
Project 0168,2025-08-01,242.34,96474.22,64058.64
Project 0168,2025-09-01,313.38,82942.77,52741.38
Project 0168,2025-10-01,328.25,105937.54,73613.5
Project 0168,2025-11-01,299.98,100933.81,56747.28
Project 0168,2025-12-01,287.83,99404.57,64007.69
Project 0168,2026-01-01,347.83,90060.74,54026.56
Project 0168,2026-02-01,352.24,87950.85,62623.71
Project 0168,2026-03-01,344.85,77726.92,46273.12
Project 0168,2026-04-01,299.02,101109.4,66465.52
Project 0168,2026-05-01,254.11,101514.59,59061.7
Project 0168,2026-06-01,264.94,99283.68,73945.5
Project 0168,2026-07-01,241.7,92510.69,63569.92
Project 0168,2026-08-01,246.5,87598.17,55586.71
Project 0169,2024-09-01,273.35,61137.54,37872.67
Project 0169,2024-10-01,222.85,51360.73,29615.64
Project 0169,2024-11-01,345.01,58982.67,34303.63
Project 0169,2024-12-01,343.53,53072.78,30852.07
Project 0169,2025-01-01,338.53,46503.51,32140.32
Project 0169,2025-02-01,271.08,45857.45,25737.68
Project 0169,2025-03-01,319.7,51138.05,33791.74
Project 0169,2025-04-01,262.65,55178.29,32129.17
Project 0169,2025-05-01,325.19,43245.42,29291.46
Project 0169,2025-06-01,274.23,47312.64,33605.63
Project 0169,2025-07-01,259.28,53132.65,32062.2
Project 0169,2025-08-01,325.49,47092.4,31381.06
Project 0169,2025-09-01,330.09,56339.27,42106.41
Project 0169,2025-10-01,244.19,47691.93,30637.28
Project 0169,2025-11-01,321.44,43658.42,31728.85
Project 0169,2025-12-01,255.21,55904.39,32124.4
Project 0169,2026-01-01,326.71,50187.53,31094.47
Project 0169,2026-02-01,256.0,43643.06,32644.53
Project 0169,2026-03-01,335.24,55728.1,39286.81
Project 0169,2026-04-01,240.12,53151.56,32939.56
Project 0169,2026-05-01,331.42,53979.94,32589.58
Project 0169,2026-06-01,291.99,45279.18,26501.91
Project 0169,2026-07-01,254.64,54480.74,32481.01
Project 0169,2026-08-01,296.34,50508.02,33288.0
Project 0170,2024-09-01,88.39,8892.0,5086.01
Project 0170,2024-10-01,78.74,8170.69,4695.54
Project 0170,2024-11-01,90.42,9806.19,6763.48
Project 0170,2024-12-01,77.8,10201.74,5977.28
Project 0170,2025-01-01,70.03,9552.32,7074.59
Project 0170,2025-02-01,74.35,8883.51,6552.62
Project 0170,2025-03-01,90.85,10805.18,7257.47
Project 0170,2025-04-01,86.23,9204.93,5599.28
Project 0170,2025-05-01,82.2,8611.01,5836.47
Project 0170,2025-06-01,90.76,11120.63,8022.86
Project 0170,2025-07-01,80.81,8242.92,5827.3
Project 0170,2025-08-01,71.11,11482.5,6705.51
Project 0170,2025-09-01,69.19,11029.21,7385.6
Project 0170,2025-10-01,72.03,9402.09,6548.49
Project 0170,2025-11-01,81.76,9302.22,5142.88
Project 0170,2025-12-01,69.24,9172.81,6418.83
Project 0170,2026-01-01,79.76,9137.35,6283.8
Project 0170,2026-02-01,78.76,10345.71,6545.97
Project 0170,2026-03-01,77.46,9343.79,5258.13
Project 0170,2026-04-01,86.19,11109.63,6879.94
Project 0170,2026-05-01,89.77,10023.8,6057.66
Project 0170,2026-06-01,61.34,10640.99,6966.38
Project 0170,2026-07-01,77.03,11138.27,7498.84
Project 0170,2026-08-01,82.51,11221.44,7733.53
Project 0171,2024-09-01,300.02,107575.16,76458.09
Project 0171,2024-10-01,320.46,122289.42,84564.03
Project 0171,2024-11-01,323.2,90688.87,63228.18
Project 0171,2024-12-01,249.42,114468.73,83641.01
Project 0171,2025-01-01,252.25,89255.7,60926.36
Project 0171,2025-02-01,259.77,110846.14,76517.53
Project 0171,2025-03-01,220.35,100142.04,58334.86
Project 0171,2025-04-01,248.36,118670.69,67948.71
Project 0171,2025-05-01,275.81,111163.99,78850.64
Project 0171,2025-06-01,326.83,117877.64,72212.06
Project 0171,2025-07-01,302.18,104547.35,64233.54
Project 0171,2025-08-01,282.73,87151.39,48156.69
Project 0171,2025-09-01,320.63,121218.67,71325.3
Project 0171,2025-10-01,344.06,96383.07,60211.44
Project 0171,2025-11-01,276.58,114966.52,83100.0
Project 0171,2025-12-01,223.21,111971.26,68176.84
Project 0171,2026-01-01,336.93,106511.74,60754.93
Project 0171,2026-02-01,258.37,108128.69,78703.15
Project 0171,2026-03-01,266.87,114271.62,66668.42
Project 0171,2026-04-01,298.53,86042.66,54312.26
Project 0171,2026-05-01,344.4,97401.28,62651.27
Project 0171,2026-06-01,242.66,113697.42,62839.55
Project 0171,2026-07-01,304.13,101251.91,65947.37
Project 0171,2026-08-01,274.96,118964.64,72830.22
Project 0172,2024-09-01,165.79,73217.38,44218.14
Project 0172,2024-10-01,195.5,54502.63,38970.38
Project 0172,2024-11-01,162.08,53030.78,37120.24
Project 0172,2024-12-01,163.56,73911.04,53541.94
Project 0172,2025-01-01,148.31,61272.87,33742.31
Project 0172,2025-02-01,163.61,59819.86,44208.28
Project 0172,2025-03-01,163.9,56981.71,31626.61
Project 0172,2025-04-01,204.86,69729.83,41668.05
Project 0172,2025-05-01,143.9,62079.52,39815.76
Project 0172,2025-06-01,174.74,55318.59,38552.87
Project 0172,2025-07-01,153.37,64923.08,40301.6
Project 0172,2025-08-01,179.85,66872.11,38608.94
Project 0172,2025-09-01,171.04,71591.5,41700.17
Project 0172,2025-10-01,208.74,55078.11,33394.25
Project 0172,2025-11-01,166.08,73046.9,45813.87
Project 0172,2025-12-01,135.28,68298.06,42182.1
Project 0172,2026-01-01,201.24,59190.19,38818.39
Project 0172,2026-02-01,154.97,60606.26,40491.16
Project 0172,2026-03-01,153.44,55737.77,33928.83
Project 0172,2026-04-01,163.21,66170.89,43087.62
Project 0172,2026-05-01,208.02,67143.45,47199.66
Project 0172,2026-06-01,192.03,61536.68,45533.38
Project 0172,2026-07-01,166.07,63689.08,36022.78
Project 0172,2026-08-01,153.46,72675.91,40901.39
Project 0173,2024-09-01,239.95,10274.19,6486.37
Project 0173,2024-10-01,239.07,11169.02,7158.01
Project 0173,2024-11-01,211.11,10469.82,7725.04
Project 0173,2024-12-01,247.29,10959.52,6509.98
Project 0173,2025-01-01,168.31,9448.13,6141.11
Project 0173,2025-02-01,191.97,11499.7,6619.88
Project 0173,2025-03-01,203.12,8568.11,4993.53
Project 0173,2025-04-01,237.55,9578.67,6004.0
Project 0173,2025-05-01,208.17,10538.66,7310.74
Project 0173,2025-06-01,246.84,8887.37,6032.1
Project 0173,2025-07-01,173.15,9305.15,5396.48
Project 0173,2025-08-01,216.12,11167.55,6992.58
Project 0173,2025-09-01,240.86,9530.61,6909.24
Project 0173,2025-10-01,210.24,10434.54,7442.85
Project 0173,2025-11-01,198.76,11046.25,6258.23
Project 0173,2025-12-01,177.35,11116.0,6150.21
Project 0173,2026-01-01,215.21,11388.25,8294.44
Project 0173,2026-02-01,247.4,10082.69,6259.28
Project 0173,2026-03-01,189.58,10955.94,6028.32
Project 0173,2026-04-01,229.95,9701.1,5626.69
Project 0173,2026-05-01,181.38,10156.26,5737.52
Project 0173,2026-06-01,249.75,10566.26,6468.04
Project 0173,2026-07-01,249.9,10432.3,7094.97
Project 0173,2026-08-01,178.3,10768.84,6983.83
Project 0174,2024-09-01,111.12,8710.29,6185.75
Project 0174,2024-10-01,90.7,9017.68,6592.9
Project 0174,2024-11-01,133.81,9293.87,6175.51
Project 0174,2024-12-01,115.22,7733.65,5144.02
Project 0174,2025-01-01,111.13,8208.77,5269.11
Project 0174,2025-02-01,100.55,9550.17,6363.76
Project 0174,2025-03-01,109.9,8296.15,4766.48
Project 0174,2025-04-01,103.6,7627.47,4613.97
Project 0174,2025-05-01,135.69,8841.15,5786.05
Project 0174,2025-06-01,134.67,9321.32,6843.99
Project 0174,2025-07-01,92.46,10407.93,7044.7
Project 0174,2025-08-01,129.36,10158.34,6761.2
Project 0174,2025-09-01,136.28,7562.45,4873.54
Project 0174,2025-10-01,107.32,8797.35,5584.82
Project 0174,2025-11-01,103.94,8300.19,6200.83
Project 0174,2025-12-01,113.91,8713.86,6271.0
Project 0174,2026-01-01,103.79,9236.78,6047.78
Project 0174,2026-02-01,94.06,7879.6,5427.63
Project 0174,2026-03-01,123.87,10517.42,5941.53
Project 0174,2026-04-01,87.69,8827.88,5757.91
Project 0174,2026-05-01,130.99,8139.37,4646.5
Project 0174,2026-06-01,110.13,7509.71,4363.79
Project 0174,2026-07-01,133.59,9928.13,5543.75
Project 0174,2026-08-01,137.43,8803.87,6132.2
Project 0175,2024-09-01,182.28,80293.76,47716.47
Project 0175,2024-10-01,195.45,60501.67,42041.21
Project 0175,2024-11-01,216.58,60752.93,36685.17
Project 0175,2024-12-01,167.29,77219.95,45916.76
Project 0175,2025-01-01,175.87,71668.01,46101.34
Project 0175,2025-02-01,247.85,67477.6,45552.74
Project 0175,2025-03-01,257.3,72522.32,54135.89
Project 0175,2025-04-01,216.37,72861.77,48932.8
Project 0175,2025-05-01,260.7,66144.78,45706.32
Project 0175,2025-06-01,172.16,63878.02,35704.26
Project 0175,2025-07-01,188.84,61743.71,39084.33
Project 0175,2025-08-01,226.74,61989.96,36713.61
Project 0175,2025-09-01,211.54,61321.37,44625.63
Project 0175,2025-10-01,206.07,68273.33,45444.02
Project 0175,2025-11-01,200.32,63040.27,37368.2
Project 0175,2025-12-01,233.07,70839.25,48506.45
Project 0175,2026-01-01,240.91,62980.88,37863.52
Project 0175,2026-02-01,199.97,60390.12,40434.13
Project 0175,2026-03-01,228.38,60184.12,43489.86
Project 0175,2026-04-01,209.53,63930.91,38081.22
Project 0175,2026-05-01,168.75,65619.67,48608.02
Project 0175,2026-06-01,241.79,66973.93,38746.34
Project 0175,2026-07-01,248.57,76802.46,53231.43
Project 0175,2026-08-01,182.58,79054.75,51013.75
Project 0176,2024-09-01,178.39,24648.56,17801.39
Project 0176,2024-10-01,146.41,21218.1,12745.19
Project 0176,2024-11-01,204.61,26951.05,17893.5
Project 0176,2024-12-01,179.09,23641.37,15916.83
Project 0176,2025-01-01,185.25,20833.1,13342.98
Project 0176,2025-02-01,135.36,23777.18,16713.25
Project 0176,2025-03-01,180.16,26474.99,18525.74
Project 0176,2025-04-01,180.07,23822.34,14982.21
Project 0176,2025-05-01,168.66,26105.55,17909.52
Project 0176,2025-06-01,186.46,24659.76,17435.51
Project 0176,2025-07-01,194.88,23737.58,15416.4
Project 0176,2025-08-01,190.29,27503.12,16068.1
Project 0176,2025-09-01,175.0,26425.42,19736.94
Project 0176,2025-10-01,139.47,25485.86,16030.4
Project 0176,2025-11-01,196.85,23776.27,16545.17
Project 0176,2025-12-01,182.74,22521.59,14985.46
Project 0176,2026-01-01,150.92,20457.74,12647.47
Project 0176,2026-02-01,144.47,21046.68,11820.65
Project 0176,2026-03-01,155.03,26794.57,16292.81
Project 0176,2026-04-01,169.2,21137.82,13799.79
Project 0176,2026-05-01,179.33,21155.24,14694.43
Project 0176,2026-06-01,177.57,22559.59,14674.12
Project 0176,2026-07-01,188.56,21047.23,14949.65
Project 0176,2026-08-01,157.69,24891.87,18304.45
Project 0177,2024-09-01,36.35,4541.44,2868.59
Project 0177,2024-10-01,46.81,4933.64,3065.34
Project 0177,2024-11-01,42.86,4172.42,3063.57
Project 0177,2024-12-01,46.04,4090.68,2639.81
Project 0177,2025-01-01,40.67,5111.64,3197.16
Project 0177,2025-02-01,47.8,4941.37,3034.25
Project 0177,2025-03-01,35.7,4550.37,2669.62
Project 0177,2025-04-01,35.18,5075.82,3597.05
Project 0177,2025-05-01,49.5,4498.13,2651.51
Project 0177,2025-06-01,32.92,3941.05,2826.06
Project 0177,2025-07-01,31.61,4512.31,3271.22
Project 0177,2025-08-01,46.1,5239.89,3142.17
Project 0177,2025-09-01,44.99,4404.58,2853.6
Project 0177,2025-10-01,35.94,4041.86,3009.24
Project 0177,2025-11-01,44.65,4037.2,2606.43
Project 0177,2025-12-01,43.48,5027.29,3206.58
Project 0177,2026-01-01,45.16,4373.36,2687.99
Project 0177,2026-02-01,43.82,5092.19,3389.02
Project 0177,2026-03-01,35.26,4398.03,3043.81
Project 0177,2026-04-01,49.06,3938.35,2937.02
Project 0177,2026-05-01,33.43,4002.75,2531.92
Project 0177,2026-06-01,38.78,5383.64,3352.72
Project 0177,2026-07-01,34.78,4952.71,3083.88
Project 0177,2026-08-01,42.41,4269.64,2487.28
Project 0178,2024-09-01,56.84,9191.3,6000.39
Project 0178,2024-10-01,39.79,9628.41,6160.27
Project 0178,2024-11-01,51.22,7719.71,4679.78
Project 0178,2024-12-01,39.82,8343.53,5106.64
Project 0178,2025-01-01,50.9,9055.03,5101.0
Project 0178,2025-02-01,48.81,9524.52,6261.24
Project 0178,2025-03-01,45.61,10112.55,5913.92
Project 0178,2025-04-01,58.75,9201.38,6013.78
Project 0178,2025-05-01,54.65,10109.68,6608.36
Project 0178,2025-06-01,47.02,9511.86,6240.98
Project 0178,2025-07-01,53.61,9057.0,5723.99
Project 0178,2025-08-01,55.34,7735.52,5314.07
Project 0178,2025-09-01,47.5,10493.01,5935.28
Project 0178,2025-10-01,55.01,7806.38,4399.3
Project 0178,2025-11-01,44.29,10355.85,7557.45
Project 0178,2025-12-01,57.14,9920.29,5880.83
Project 0178,2026-01-01,40.19,9343.69,5517.04
Project 0178,2026-02-01,54.3,8416.94,4670.92
Project 0178,2026-03-01,39.69,10340.58,6465.95
Project 0178,2026-04-01,54.91,7674.95,4438.14
Project 0178,2026-05-01,49.71,10281.05,7604.83
Project 0178,2026-06-01,48.05,8353.57,5754.35
Project 0178,2026-07-01,47.34,10109.69,7364.77
Project 0178,2026-08-01,53.6,7794.6,4829.85
Project 0179,2024-09-01,112.96,4968.94,3607.67
Project 0179,2024-10-01,113.28,6799.1,4944.87
Project 0179,2024-11-01,130.42,5818.91,3253.2
Project 0179,2024-12-01,96.23,5918.11,3572.91
Project 0179,2025-01-01,135.19,5937.89,3931.95
Project 0179,2025-02-01,135.36,6706.8,3898.31
Project 0179,2025-03-01,127.86,5567.67,4107.16
Project 0179,2025-04-01,132.86,6814.05,4529.67
Project 0179,2025-05-01,106.96,6332.98,3842.35
Project 0179,2025-06-01,138.61,6120.11,4553.13
Project 0179,2025-07-01,134.63,5468.53,3939.02
Project 0179,2025-08-01,110.89,6055.21,4080.11
Project 0179,2025-09-01,124.58,5974.6,4026.0
Project 0179,2025-10-01,101.51,6521.26,4065.74
Project 0179,2025-11-01,107.5,5977.84,4457.26
Project 0179,2025-12-01,117.34,5305.78,3849.2
Project 0179,2026-01-01,135.9,4924.66,3270.97
Project 0179,2026-02-01,140.25,4824.2,2691.13
Project 0179,2026-03-01,95.11,5830.49,3289.8
Project 0179,2026-04-01,133.0,6604.83,3892.81
Project 0179,2026-05-01,134.53,6049.58,4403.6
Project 0179,2026-06-01,139.96,5732.84,3735.35
Project 0179,2026-07-01,144.27,6190.63,3696.99
Project 0179,2026-08-01,110.6,5108.8,2977.82
Project 0180,2024-09-01,187.64,15232.3,9832.53
Project 0180,2024-10-01,159.47,15770.96,9287.61
Project 0180,2024-11-01,178.73,16199.92,9360.82
Project 0180,2024-12-01,165.08,19314.11,14284.56
Project 0180,2025-01-01,189.46,14346.16,9662.53
Project 0180,2025-02-01,176.93,18408.73,13669.72
Project 0180,2025-03-01,190.77,17263.98,12525.3
Project 0180,2025-04-01,171.17,17783.51,10751.26
Project 0180,2025-05-01,167.89,18612.79,12547.66
Project 0180,2025-06-01,169.15,14017.6,9666.98
Project 0180,2025-07-01,165.48,17009.94,10115.56
Project 0180,2025-08-01,184.45,15383.49,9150.69
Project 0180,2025-09-01,176.1,17233.13,12822.89
Project 0180,2025-10-01,139.85,13908.27,9057.3
Project 0180,2025-11-01,134.72,16672.31,11923.56
Project 0180,2025-12-01,157.81,16480.35,10115.16
Project 0180,2026-01-01,146.52,18653.78,10858.06
Project 0180,2026-02-01,178.76,14811.56,10548.59
Project 0180,2026-03-01,144.77,15509.79,9179.3
Project 0180,2026-04-01,150.23,17218.06,12490.94
Project 0180,2026-05-01,134.15,14163.79,8040.44
Project 0180,2026-06-01,180.73,18560.34,13763.4
Project 0180,2026-07-01,147.72,15541.31,10294.49
Project 0180,2026-08-01,176.2,16735.84,10367.97
Project 0181,2024-09-01,258.83,98854.38,67494.34
Project 0181,2024-10-01,372.8,121172.04,73924.88
Project 0181,2024-11-01,315.45,133777.43,76164.8
Project 0181,2024-12-01,327.98,140784.66,95155.75
Project 0181,2025-01-01,306.3,127536.51,89212.51
Project 0181,2025-02-01,309.89,136141.12,92766.58
Project 0181,2025-03-01,281.32,131260.43,80924.58
Project 0181,2025-04-01,341.07,103293.18,73357.53
Project 0181,2025-05-01,279.82,124950.05,82376.28
Project 0181,2025-06-01,297.65,134616.97,96457.14
Project 0181,2025-07-01,256.9,132446.69,79188.68
Project 0181,2025-08-01,357.8,122021.18,88600.32
Project 0181,2025-09-01,308.9,126252.96,74101.08
Project 0181,2025-10-01,283.73,131386.05,90536.3
Project 0181,2025-11-01,266.95,106417.02,63873.63
Project 0181,2025-12-01,347.6,110891.16,64558.25
Project 0181,2026-01-01,334.13,138731.11,89923.61
Project 0181,2026-02-01,335.91,117351.63,65070.24
Project 0181,2026-03-01,334.59,141309.85,78715.1
Project 0181,2026-04-01,317.13,124050.16,68823.96
Project 0181,2026-05-01,255.28,138477.55,92167.1
Project 0181,2026-06-01,288.2,140089.25,84170.64
Project 0181,2026-07-01,263.37,98618.25,55125.4
Project 0181,2026-08-01,375.08,134087.34,93236.29
Project 0182,2024-09-01,81.42,6579.66,4329.12
Project 0182,2024-10-01,69.26,6458.87,3637.34
Project 0182,2024-11-01,75.02,8056.37,5609.22
Project 0182,2024-12-01,76.56,7387.23,4088.48
Project 0182,2025-01-01,81.44,7010.14,3918.0
Project 0182,2025-02-01,68.85,8084.44,4915.17
Project 0182,2025-03-01,80.79,7026.23,4531.57
Project 0182,2025-04-01,71.25,7308.73,4942.56
Project 0182,2025-05-01,56.64,6044.21,3489.81
Project 0182,2025-06-01,63.44,6412.81,4316.05
Project 0182,2025-07-01,56.65,6836.87,3807.96
Project 0182,2025-08-01,66.6,5925.9,3266.58
Project 0182,2025-09-01,66.84,6931.88,4582.58
Project 0182,2025-10-01,63.36,7497.56,4359.21
Project 0182,2025-11-01,55.47,6393.4,3669.83
Project 0182,2025-12-01,62.47,7572.38,5670.65
Project 0182,2026-01-01,80.39,6118.53,4227.96
Project 0182,2026-02-01,65.89,6503.32,4309.82
Project 0182,2026-03-01,67.65,7825.61,4399.84
Project 0182,2026-04-01,61.98,6633.71,4894.62
Project 0182,2026-05-01,57.03,7438.83,4527.25
Project 0182,2026-06-01,81.7,5825.23,4259.75
Project 0182,2026-07-01,69.36,5980.0,4403.53
Project 0182,2026-08-01,64.66,6062.12,3703.08
Project 0183,2024-09-01,40.55,5864.62,4343.1
Project 0183,2024-10-01,46.69,7234.77,4527.05
Project 0183,2024-11-01,48.04,7598.82,4525.49
Project 0183,2024-12-01,56.27,6046.4,3543.87
Project 0183,2025-01-01,49.42,5964.88,3327.89
Project 0183,2025-02-01,53.96,8232.33,4779.19
Project 0183,2025-03-01,52.66,6225.23,3867.82
Project 0183,2025-04-01,52.11,7749.31,4933.73
Project 0183,2025-05-01,48.59,8227.22,5184.15
Project 0183,2025-06-01,58.1,7474.55,5047.14
Project 0183,2025-07-01,48.19,7557.71,4881.52
Project 0183,2025-08-01,55.17,6287.49,3736.59
Project 0183,2025-09-01,60.92,5791.68,3539.89
Project 0183,2025-10-01,45.81,6286.46,3873.03
Project 0183,2025-11-01,41.3,6990.27,3918.29
Project 0183,2025-12-01,46.44,6530.29,3745.31
Project 0183,2026-01-01,46.17,6813.62,3783.0
Project 0183,2026-02-01,59.84,8031.56,4753.37
Project 0183,2026-03-01,52.15,6200.97,4192.79
Project 0183,2026-04-01,48.29,8213.45,5532.91
Project 0183,2026-05-01,49.94,8012.47,4602.91
Project 0183,2026-06-01,42.83,6744.37,3731.85
Project 0183,2026-07-01,45.14,7691.78,4233.57
Project 0183,2026-08-01,49.8,7997.91,4780.93
Project 0184,2024-09-01,17.25,1449.46,853.6
Project 0184,2024-10-01,16.64,1778.45,1177.99
Project 0184,2024-11-01,23.4,1343.98,901.35
Project 0184,2024-12-01,18.61,1813.67,1291.58
Project 0184,2025-01-01,21.26,1785.52,1015.23
Project 0184,2025-02-01,16.63,1309.15,750.95
Project 0184,2025-03-01,19.99,1712.42,1121.96
Project 0184,2025-04-01,16.51,1443.82,853.74
Project 0184,2025-05-01,21.58,1527.66,917.97
Project 0184,2025-06-01,19.43,1697.34,1234.11
Project 0184,2025-07-01,19.07,1432.47,815.55
Project 0184,2025-08-01,19.56,1490.62,1038.29
Project 0184,2025-09-01,17.06,1412.66,955.4
Project 0184,2025-10-01,19.34,1517.52,1088.41
Project 0184,2025-11-01,20.82,1583.85,1079.17
Project 0184,2025-12-01,20.7,1757.05,989.15
Project 0184,2026-01-01,23.74,1494.61,880.78
Project 0184,2026-02-01,22.47,1633.7,1090.19
Project 0184,2026-03-01,15.86,1511.73,940.8
Project 0184,2026-04-01,23.49,1403.55,972.67
Project 0184,2026-05-01,18.95,1726.21,987.38
Project 0184,2026-06-01,17.42,1451.7,939.76
Project 0184,2026-07-01,18.92,1562.18,1014.16
Project 0184,2026-08-01,17.75,1861.37,1252.8
Project 0185,2024-09-01,278.48,29147.53,17197.33
Project 0185,2024-10-01,253.15,32825.97,18295.81
Project 0185,2024-11-01,235.97,35793.32,22320.99
Project 0185,2024-12-01,274.19,31890.85,22168.39
Project 0185,2025-01-01,256.97,33271.33,18643.28
Project 0185,2025-02-01,264.15,35243.01,25654.97
Project 0185,2025-03-01,310.02,30942.97,22833.22
Project 0185,2025-04-01,271.81,33898.97,22491.28
Project 0185,2025-05-01,293.33,32655.75,18919.57
Project 0185,2025-06-01,238.08,34445.59,19045.77
Project 0185,2025-07-01,234.55,33594.56,23653.34
Project 0185,2025-08-01,338.55,36378.47,24842.69
Project 0185,2025-09-01,264.12,31946.69,20707.36
Project 0185,2025-10-01,263.63,28580.15,19822.8
Project 0185,2025-11-01,253.03,28892.62,20220.95
Project 0185,2025-12-01,250.75,28435.68,15739.42
Project 0185,2026-01-01,297.49,34694.24,23900.07
Project 0185,2026-02-01,306.22,28856.89,19313.21
Project 0185,2026-03-01,274.86,30609.0,20311.64
Project 0185,2026-04-01,300.49,32076.86,18803.32
Project 0185,2026-05-01,276.43,32624.18,20951.38
Project 0185,2026-06-01,330.6,31800.87,22697.09
Project 0185,2026-07-01,309.87,33649.85,18795.48
Project 0185,2026-08-01,280.94,34970.57,21456.18
Project 0186,2024-09-01,153.44,18733.58,10471.65
Project 0186,2024-10-01,149.65,18903.65,13166.93
Project 0186,2024-11-01,178.12,19574.2,13986.61
Project 0186,2024-12-01,217.36,18539.57,12568.13
Project 0186,2025-01-01,157.02,20295.71,11534.02
Project 0186,2025-02-01,158.91,20245.39,12218.94
Project 0186,2025-03-01,197.14,18063.01,10459.48
Project 0186,2025-04-01,165.46,23498.72,16674.58
Project 0186,2025-05-01,207.76,19120.58,11790.03
Project 0186,2025-06-01,150.37,22157.8,14381.5
Project 0186,2025-07-01,188.0,18802.41,10872.9
Project 0186,2025-08-01,156.42,21029.91,12491.56
Project 0186,2025-09-01,229.22,22250.17,14236.48
Project 0186,2025-10-01,192.46,22961.47,14917.42
Project 0186,2025-11-01,159.25,18153.75,13190.73
Project 0186,2025-12-01,198.76,20821.96,13651.85
Project 0186,2026-01-01,179.72,20580.35,13605.52
Project 0186,2026-02-01,179.67,18744.13,11984.9
Project 0186,2026-03-01,176.66,25262.75,17151.28
Project 0186,2026-04-01,152.62,18715.35,13555.68
Project 0186,2026-05-01,173.81,23297.92,15164.98
Project 0186,2026-06-01,206.57,18702.44,10549.41
Project 0186,2026-07-01,193.09,23501.04,14236.23
Project 0186,2026-08-01,230.01,24316.2,14610.87
Project 0187,2024-09-01,358.94,46609.76,32600.64
Project 0187,2024-10-01,321.1,48885.85,33478.67
Project 0187,2024-11-01,320.09,46875.54,30295.02
Project 0187,2024-12-01,363.34,39259.56,26980.71
Project 0187,2025-01-01,311.44,41256.71,23290.15
Project 0187,2025-02-01,327.17,34554.0,21889.91
Project 0187,2025-03-01,329.15,46455.86,34253.82
Project 0187,2025-04-01,393.39,37412.72,22806.19
Project 0187,2025-05-01,323.29,44140.22,27451.48
Project 0187,2025-06-01,270.6,36556.02,25307.77
Project 0187,2025-07-01,389.25,40148.76,24696.69
Project 0187,2025-08-01,280.73,49282.13,28118.55
Project 0187,2025-09-01,378.38,39167.83,25630.27
Project 0187,2025-10-01,280.31,36500.86,22347.73
Project 0187,2025-11-01,298.96,43352.47,30321.19
Project 0187,2025-12-01,376.69,43746.32,28443.52
Project 0187,2026-01-01,394.27,39448.32,24502.4
Project 0187,2026-02-01,367.41,40916.97,23229.68
Project 0187,2026-03-01,263.55,40282.15,23277.49
Project 0187,2026-04-01,252.61,34525.96,21615.24
Project 0187,2026-05-01,335.52,46653.74,31583.78
Project 0187,2026-06-01,368.94,42283.42,30700.97
Project 0187,2026-07-01,367.84,47265.42,27723.18
Project 0187,2026-08-01,334.82,43408.39,28458.05
Project 0188,2024-09-01,119.55,46810.5,26702.24
Project 0188,2024-10-01,154.71,53941.89,32498.01
Project 0188,2024-11-01,153.41,43400.85,27402.73
Project 0188,2024-12-01,117.69,46142.34,26658.64
Project 0188,2025-01-01,159.23,45330.61,25367.24
Project 0188,2025-02-01,158.93,44335.82,31407.95
Project 0188,2025-03-01,161.3,41893.59,31046.6
Project 0188,2025-04-01,165.06,54018.54,37405.97
Project 0188,2025-05-01,154.95,42653.61,28947.08
Project 0188,2025-06-01,145.8,45558.54,31380.98
Project 0188,2025-07-01,132.94,54784.86,32831.06
Project 0188,2025-08-01,122.25,48857.76,32564.02
Project 0188,2025-09-01,145.64,40178.39,27083.57
Project 0188,2025-10-01,127.2,39861.28,24597.39
Project 0188,2025-11-01,157.7,44911.81,29453.35
Project 0188,2025-12-01,143.04,45140.39,24944.37
Project 0188,2026-01-01,116.42,51712.53,37019.11
Project 0188,2026-02-01,148.06,47828.83,33045.69
Project 0188,2026-03-01,175.02,53219.02,35053.98
Project 0188,2026-04-01,170.86,41224.18,23008.64
Project 0188,2026-05-01,157.98,52335.4,38254.32
Project 0188,2026-06-01,117.21,53860.36,36188.2
Project 0188,2026-07-01,118.85,40784.48,26088.01
Project 0188,2026-08-01,161.06,40326.38,29994.28
Project 0189,2024-09-01,259.79,69478.01,49929.76
Project 0189,2024-10-01,324.91,76376.92,51403.68
Project 0189,2024-11-01,250.39,76734.35,56501.04
Project 0189,2024-12-01,343.13,78666.65,47210.4
Project 0189,2025-01-01,294.14,76500.41,51177.7
Project 0189,2025-02-01,232.89,76072.69,47361.98
Project 0189,2025-03-01,335.54,75466.62,54316.16
Project 0189,2025-04-01,321.39,59735.87,34605.03
Project 0189,2025-05-01,261.1,74722.14,52123.44
Project 0189,2025-06-01,358.09,66689.9,44414.06
Project 0189,2025-07-01,277.2,71010.9,49487.78
Project 0189,2025-08-01,231.38,67660.4,45448.59
Project 0189,2025-09-01,260.01,75825.92,45056.73
Project 0189,2025-10-01,336.06,70434.37,42255.28
Project 0189,2025-11-01,350.38,78303.1,46207.23
Project 0189,2025-12-01,320.7,62037.0,45928.89
Project 0189,2026-01-01,287.24,72891.92,42554.32
Project 0189,2026-02-01,308.42,66836.1,41183.76
Project 0189,2026-03-01,246.06,68034.45,43571.82
Project 0189,2026-04-01,235.44,57827.18,41719.3
Project 0189,2026-05-01,304.29,60608.59,35140.65
Project 0189,2026-06-01,276.3,62006.42,35885.3
Project 0189,2026-07-01,343.81,56736.73,31339.48
Project 0189,2026-08-01,334.37,57110.46,34631.88
Project 0190,2024-09-01,37.92,8950.39,5347.47
Project 0190,2024-10-01,54.77,8504.01,4802.12
Project 0190,2024-11-01,35.86,7991.65,4713.84
Project 0190,2024-12-01,36.93,9499.73,6852.83
Project 0190,2025-01-01,52.24,7328.96,4819.56
Project 0190,2025-02-01,38.03,9412.66,6611.52
Project 0190,2025-03-01,45.86,8825.08,6284.49
Project 0190,2025-04-01,52.54,8728.62,5465.97
Project 0190,2025-05-01,52.41,8555.02,5072.81
Project 0190,2025-06-01,54.21,8245.08,5315.77
Project 0190,2025-07-01,42.02,7552.17,5490.55
Project 0190,2025-08-01,54.0,9640.78,6650.1
Project 0190,2025-09-01,38.65,8316.07,4778.78
Project 0190,2025-10-01,35.35,6977.81,5063.26
Project 0190,2025-11-01,46.36,9207.03,6902.92
Project 0190,2025-12-01,48.1,9635.33,6194.7
Project 0190,2026-01-01,45.31,7252.71,4217.8
Project 0190,2026-02-01,53.85,7985.39,4938.13
Project 0190,2026-03-01,46.65,7254.54,4863.97
Project 0190,2026-04-01,38.93,7376.57,5517.01
Project 0190,2026-05-01,51.76,7523.76,4845.79
Project 0190,2026-06-01,40.9,8094.09,5704.43
Project 0190,2026-07-01,40.22,9419.97,5360.14
Project 0190,2026-08-01,50.86,7207.34,4592.26
Project 0191,2024-09-01,308.81,23438.91,15302.03
Project 0191,2024-10-01,353.34,30420.64,17802.36
Project 0191,2024-11-01,319.45,23698.62,13390.64
Project 0191,2024-12-01,317.84,29485.32,18239.76
Project 0191,2025-01-01,363.27,27095.81,17988.08
Project 0191,2025-02-01,351.51,29939.29,21184.87
Project 0191,2025-03-01,287.06,28915.3,16206.19
Project 0191,2025-04-01,398.24,30918.43,21500.26
Project 0191,2025-05-01,298.44,29181.18,19215.46
Project 0191,2025-06-01,385.01,31779.76,19413.59
Project 0191,2025-07-01,329.97,25078.64,15822.61
Project 0191,2025-08-01,351.16,25758.33,14226.29
Project 0191,2025-09-01,367.86,29560.58,21167.3
Project 0191,2025-10-01,342.21,30317.86,21404.86
Project 0191,2025-11-01,399.11,26933.77,15840.82
Project 0191,2025-12-01,296.73,31036.91,17707.94
Project 0191,2026-01-01,349.38,26417.12,15749.83
Project 0191,2026-02-01,377.89,27548.44,16568.1
Project 0191,2026-03-01,308.66,27786.22,18226.48
Project 0191,2026-04-01,310.3,28625.78,21437.75
Project 0191,2026-05-01,380.33,27625.8,19200.68
Project 0191,2026-06-01,284.21,30427.95,18089.74
Project 0191,2026-07-01,384.45,26885.45,15849.55
Project 0191,2026-08-01,277.38,31574.48,18471.56
Project 0192,2024-09-01,203.93,39817.1,29206.17
Project 0192,2024-10-01,201.06,41243.56,24133.85
Project 0192,2024-11-01,163.53,47347.33,30693.48
Project 0192,2024-12-01,203.33,47737.64,27592.36
Project 0192,2025-01-01,211.39,39721.97,28273.38
Project 0192,2025-02-01,223.8,51842.68,38611.64
Project 0192,2025-03-01,181.69,43729.38,24297.66
Project 0192,2025-04-01,209.64,44405.36,31664.65
Project 0192,2025-05-01,197.61,41443.93,28281.42
Project 0192,2025-06-01,176.7,46056.31,32665.73
Project 0192,2025-07-01,231.78,39916.56,29558.98
Project 0192,2025-08-01,185.62,43036.61,30067.77
Project 0192,2025-09-01,155.27,44509.13,32668.61
Project 0192,2025-10-01,170.54,44094.59,29152.38
Project 0192,2025-11-01,170.76,40655.86,26798.16
Project 0192,2025-12-01,202.8,43450.03,32559.94
Project 0192,2026-01-01,153.44,51046.38,28591.65
Project 0192,2026-02-01,207.45,47005.52,34109.0
Project 0192,2026-03-01,172.65,47313.57,30455.9
Project 0192,2026-04-01,233.34,50234.23,30009.08
Project 0192,2026-05-01,166.65,45861.55,29782.49
Project 0192,2026-06-01,234.99,38565.26,26132.26
Project 0192,2026-07-01,239.93,50968.44,29894.68
Project 0192,2026-08-01,230.21,48370.07,32175.18
Project 0193,2024-09-01,206.2,62379.45,42726.94
Project 0193,2024-10-01,212.79,57174.03,32622.49
Project 0193,2024-11-01,172.51,48905.5,28781.1
Project 0193,2024-12-01,169.25,58475.31,33985.11
Project 0193,2025-01-01,240.08,65401.99,46301.08
Project 0193,2025-02-01,178.62,68389.31,39845.52
Project 0193,2025-03-01,254.7,55851.47,39380.62
Project 0193,2025-04-01,175.62,55650.34,37468.04
Project 0193,2025-05-01,218.0,54215.24,40030.4
Project 0193,2025-06-01,255.53,60949.1,38313.07
Project 0193,2025-07-01,252.67,62244.15,41554.04
Project 0193,2025-08-01,235.7,61850.68,44929.66
Project 0193,2025-09-01,199.43,50619.29,31866.71
Project 0193,2025-10-01,258.6,68137.02,39115.84
Project 0193,2025-11-01,256.58,51278.77,31236.69
Project 0193,2025-12-01,170.65,53895.28,32613.07
Project 0193,2026-01-01,207.96,63527.28,41507.08
Project 0193,2026-02-01,178.2,68298.78,38537.46
Project 0193,2026-03-01,241.29,66904.99,40326.77
Project 0193,2026-04-01,196.89,55652.75,37819.48
Project 0193,2026-05-01,214.01,50044.23,28864.24
Project 0193,2026-06-01,203.62,66218.54,43407.21
Project 0193,2026-07-01,172.81,49364.15,33814.98
Project 0193,2026-08-01,235.1,65089.09,45393.37
Project 0194,2024-09-01,364.73,28097.78,16475.12
Project 0194,2024-10-01,374.24,28020.15,20395.34
Project 0194,2024-11-01,381.46,35292.75,26406.65
Project 0194,2024-12-01,405.28,28452.02,19069.67
Project 0194,2025-01-01,358.27,36427.59,24188.19
Project 0194,2025-02-01,309.02,35138.87,25821.95
Project 0194,2025-03-01,308.69,28223.24,15698.68
Project 0194,2025-04-01,293.79,30057.33,16829.89
Project 0194,2025-05-01,331.17,32648.68,18464.43
Project 0194,2025-06-01,403.52,29945.99,17133.52
Project 0194,2025-07-01,266.57,30453.42,17656.2
Project 0194,2025-08-01,315.96,35089.24,22471.69
Project 0194,2025-09-01,363.04,28713.24,20108.01
Project 0194,2025-10-01,267.93,28996.93,16417.72
Project 0194,2025-11-01,281.44,34591.41,22442.34
Project 0194,2025-12-01,286.61,28662.26,15789.24
Project 0194,2026-01-01,274.62,30639.21,19265.7
Project 0194,2026-02-01,316.08,33894.81,23421.86
Project 0194,2026-03-01,365.2,35583.58,26237.29
Project 0194,2026-04-01,289.5,29657.33,19928.02
Project 0194,2026-05-01,337.36,33860.63,18652.83
Project 0194,2026-06-01,400.45,33394.69,20601.7
Project 0194,2026-07-01,314.47,38241.89,22102.7
Project 0194,2026-08-01,335.05,31551.13,21325.19
Project 0195,2024-09-01,226.31,30810.84,17094.27
Project 0195,2024-10-01,203.94,28036.71,20955.14
Project 0195,2024-11-01,261.92,28499.85,17411.91
Project 0195,2024-12-01,197.7,26297.65,15898.66
Project 0195,2025-01-01,239.92,36037.31,26535.58
Project 0195,2025-02-01,230.45,34455.65,23604.8
Project 0195,2025-03-01,239.13,32135.31,19376.14
Project 0195,2025-04-01,231.84,29742.6,16572.15
Project 0195,2025-05-01,258.28,30567.47,19822.19
Project 0195,2025-06-01,193.17,31334.69,22212.18
Project 0195,2025-07-01,267.86,29198.86,21862.44
Project 0195,2025-08-01,181.59,35350.03,21798.13
Project 0195,2025-09-01,252.81,35671.74,26120.15
Project 0195,2025-10-01,220.74,31558.04,18029.09
Project 0195,2025-11-01,246.94,34505.08,19384.1
Project 0195,2025-12-01,228.34,27548.64,18922.62
Project 0195,2026-01-01,197.42,26756.51,15749.47
Project 0195,2026-02-01,264.31,27665.48,19176.71
Project 0195,2026-03-01,251.77,33374.88,20736.3
Project 0195,2026-04-01,270.02,33706.96,23246.98
Project 0195,2026-05-01,244.09,29837.86,21786.38
Project 0195,2026-06-01,199.45,26658.15,19563.33
Project 0195,2026-07-01,221.11,35683.83,22299.19
Project 0195,2026-08-01,222.55,28358.69,20897.69
Project 0196,2024-09-01,53.88,17993.45,13176.99
Project 0196,2024-10-01,62.53,19465.93,12221.72
Project 0196,2024-11-01,67.82,22833.4,14329.43
Project 0196,2024-12-01,68.0,23130.19,17272.84
Project 0196,2025-01-01,55.52,20091.33,12269.38
Project 0196,2025-02-01,55.69,19206.61,11333.89
Project 0196,2025-03-01,56.78,22140.39,16153.93
Project 0196,2025-04-01,51.47,22875.18,14895.42
Project 0196,2025-05-01,48.26,22431.41,12479.03
Project 0196,2025-06-01,46.87,23183.42,16874.8
Project 0196,2025-07-01,54.9,23636.33,16813.85
Project 0196,2025-08-01,64.77,19569.89,13991.23
Project 0196,2025-09-01,57.93,17466.75,11842.46
Project 0196,2025-10-01,67.79,16893.0,10664.78
Project 0196,2025-11-01,48.3,20708.76,13920.09
Project 0196,2025-12-01,58.01,22875.46,16186.83
Project 0196,2026-01-01,49.36,22288.03,14201.1
Project 0196,2026-02-01,44.5,17984.71,10118.45
Project 0196,2026-03-01,67.91,23849.78,13570.42
Project 0196,2026-04-01,46.3,19363.05,13880.32
Project 0196,2026-05-01,58.89,20553.27,13523.68
Project 0196,2026-06-01,51.38,22133.96,12782.33
Project 0196,2026-07-01,54.53,17016.84,12448.96
Project 0196,2026-08-01,48.32,19141.95,14073.33
Project 0197,2024-09-01,240.84,20974.98,15225.38
Project 0197,2024-10-01,290.33,26198.29,18351.08
Project 0197,2024-11-01,239.27,26553.82,18195.99
Project 0197,2024-12-01,362.74,25671.65,19082.37
Project 0197,2025-01-01,312.76,23364.01,13510.74
Project 0197,2025-02-01,291.76,20632.95,14194.98
Project 0197,2025-03-01,291.35,25030.33,17862.21
Project 0197,2025-04-01,331.75,27018.62,15276.5
Project 0197,2025-05-01,356.81,27036.53,15191.51
Project 0197,2025-06-01,366.03,23573.41,15790.6
Project 0197,2025-07-01,257.64,24555.04,16282.38
Project 0197,2025-08-01,250.95,23901.23,15365.3
Project 0197,2025-09-01,331.58,21492.09,16005.8
Project 0197,2025-10-01,318.44,24169.07,15376.24
Project 0197,2025-11-01,363.65,21264.5,12246.56
Project 0197,2025-12-01,295.29,21029.18,14337.22
Project 0197,2026-01-01,259.65,23163.34,16533.82
Project 0197,2026-02-01,259.89,23235.1,14475.86
Project 0197,2026-03-01,303.35,21932.04,14994.01
Project 0197,2026-04-01,264.33,27063.62,15788.67
Project 0197,2026-05-01,264.4,20221.96,11218.76
Project 0197,2026-06-01,253.39,23080.46,15371.1
Project 0197,2026-07-01,246.43,23416.0,14751.46
Project 0197,2026-08-01,324.83,21886.38,13632.74
Project 0198,2024-09-01,31.07,2835.36,1686.69
Project 0198,2024-10-01,40.45,3591.48,1993.62
Project 0198,2024-11-01,29.81,3468.22,1953.58
Project 0198,2024-12-01,38.94,2680.73,1663.98
Project 0198,2025-01-01,32.45,3823.14,2246.17
Project 0198,2025-02-01,39.61,3569.76,2545.68
Project 0198,2025-03-01,30.85,3532.53,1988.45
Project 0198,2025-04-01,32.51,2898.61,2148.57
Project 0198,2025-05-01,38.16,3506.49,2123.03
Project 0198,2025-06-01,38.66,3461.0,2235.4
Project 0198,2025-07-01,36.55,3165.04,2095.2
Project 0198,2025-08-01,32.19,3821.54,2236.32
Project 0198,2025-09-01,29.38,3214.04,2128.5
Project 0198,2025-10-01,39.96,2810.62,2029.17
Project 0198,2025-11-01,28.45,2845.31,1856.53
Project 0198,2025-12-01,29.14,3564.79,2004.11
Project 0198,2026-01-01,36.14,3299.82,1976.17
Project 0198,2026-02-01,39.97,3526.2,2036.08
Project 0198,2026-03-01,26.74,3259.6,1927.51
Project 0198,2026-04-01,31.88,2768.68,1977.3
Project 0198,2026-05-01,29.19,3336.65,1861.92
Project 0198,2026-06-01,27.87,3308.99,2046.76
Project 0198,2026-07-01,39.28,3258.63,1845.57
Project 0198,2026-08-01,26.11,3443.26,2327.58
Project 0199,2024-09-01,95.64,8341.51,5474.8
Project 0199,2024-10-01,74.4,7756.69,4398.43
Project 0199,2024-11-01,98.5,8291.76,5414.1
Project 0199,2024-12-01,76.47,8892.96,5688.17
Project 0199,2025-01-01,69.41,7674.33,4860.91
Project 0199,2025-02-01,80.08,8967.0,6097.88
Project 0199,2025-03-01,77.38,8950.33,6350.28
Project 0199,2025-04-01,74.89,7716.44,4587.34
Project 0199,2025-05-01,92.85,7307.72,5316.38
Project 0199,2025-06-01,68.52,7398.11,4533.21
Project 0199,2025-07-01,79.09,8654.07,5710.26
Project 0199,2025-08-01,80.58,8908.26,6680.65
Project 0199,2025-09-01,101.85,7595.97,4486.23
Project 0199,2025-10-01,93.36,7046.14,4865.09
Project 0199,2025-11-01,78.16,9104.84,6702.63
Project 0199,2025-12-01,66.46,7071.28,4314.28
Project 0199,2026-01-01,90.46,9064.13,5776.04
Project 0199,2026-02-01,67.55,7473.39,4614.82
Project 0199,2026-03-01,90.98,8072.46,5482.77
Project 0199,2026-04-01,69.08,9505.19,5867.25
Project 0199,2026-05-01,90.37,8135.84,5280.89
Project 0199,2026-06-01,88.06,9403.51,5246.53
Project 0199,2026-07-01,93.46,7054.15,4889.64
Project 0199,2026-08-01,67.53,7171.28,4774.23
Project 0200,2024-09-01,85.78,13957.24,8998.57
Project 0200,2024-10-01,122.0,12381.11,7352.4
Project 0200,2024-11-01,103.2,14423.15,7965.97
Project 0200,2024-12-01,84.15,13389.96,9129.44
Project 0200,2025-01-01,80.1,13621.79,8049.64
Project 0200,2025-02-01,92.17,14628.42,9506.37
Project 0200,2025-03-01,121.55,12410.57,8157.66
Project 0200,2025-04-01,83.42,14245.97,7950.21
Project 0200,2025-05-01,93.69,12158.46,8359.38
Project 0200,2025-06-01,96.67,13639.02,9285.77
Project 0200,2025-07-01,82.51,11701.44,8435.58
Project 0200,2025-08-01,109.16,13614.25,8324.41
Project 0200,2025-09-01,83.37,12697.01,9159.6
Project 0200,2025-10-01,83.43,13750.38,9775.23
Project 0200,2025-11-01,114.44,13041.76,7205.89
Project 0200,2025-12-01,87.4,11057.3,6547.95
Project 0200,2026-01-01,111.78,14569.8,9808.64
Project 0200,2026-02-01,90.87,15147.41,11070.96
Project 0200,2026-03-01,99.38,15265.0,8683.91
Project 0200,2026-04-01,94.96,14391.14,10203.12
Project 0200,2026-05-01,104.17,11702.03,7625.22
Project 0200,2026-06-01,96.16,11399.25,6462.82
Project 0200,2026-07-01,117.98,13140.3,7937.28
Project 0200,2026-08-01,87.97,14574.13,9979.59
Project 0201,2024-09-01,62.49,8862.67,6470.48
Project 0201,2024-10-01,62.28,7727.26,5635.5
Project 0201,2024-11-01,53.58,6416.7,4298.97
Project 0201,2024-12-01,75.38,8533.8,4829.23
Project 0201,2025-01-01,73.92,8958.77,6627.9
Project 0201,2025-02-01,73.64,7239.11,5226.55
Project 0201,2025-03-01,81.81,7381.32,4450.92
Project 0201,2025-04-01,80.47,7201.78,5357.63
Project 0201,2025-05-01,56.84,7117.56,4995.19
Project 0201,2025-06-01,70.83,8901.78,6025.65
Project 0201,2025-07-01,57.35,8440.21,6285.37
Project 0201,2025-08-01,71.66,7336.65,4722.77
Project 0201,2025-09-01,73.91,7624.16,5709.98
Project 0201,2025-10-01,76.66,8152.61,4528.96
Project 0201,2025-11-01,61.77,8571.67,4931.63
Project 0201,2025-12-01,73.22,6641.77,4978.16
Project 0201,2026-01-01,60.64,8172.36,4827.1
Project 0201,2026-02-01,54.69,7784.11,4902.95
Project 0201,2026-03-01,81.89,8172.47,5190.59
Project 0201,2026-04-01,77.36,6882.32,4809.64
Project 0201,2026-05-01,59.2,8708.09,5494.51
Project 0201,2026-06-01,57.5,9045.43,6189.7
Project 0201,2026-07-01,67.8,6984.65,4959.81
Project 0201,2026-08-01,77.01,7680.65,4879.26
Project 0202,2024-09-01,310.97,86898.92,50390.59
Project 0202,2024-10-01,354.61,71093.87,51158.26
Project 0202,2024-11-01,333.54,72634.31,52222.47
Project 0202,2024-12-01,342.54,81983.83,58454.92
Project 0202,2025-01-01,249.63,75697.73,42258.51
Project 0202,2025-02-01,269.59,86381.92,54498.64
Project 0202,2025-03-01,276.71,85165.17,61213.17
Project 0202,2025-04-01,389.29,82108.73,49785.51
Project 0202,2025-05-01,377.42,68804.54,41063.64
Project 0202,2025-06-01,349.6,74956.8,45302.15
Project 0202,2025-07-01,343.67,85286.9,47711.87
Project 0202,2025-08-01,276.11,64053.96,38367.78
Project 0202,2025-09-01,261.62,79791.73,49480.36
Project 0202,2025-10-01,328.16,84571.89,51005.25
Project 0202,2025-11-01,283.72,85780.06,62706.94
Project 0202,2025-12-01,354.32,79661.91,56001.35
Project 0202,2026-01-01,364.85,73863.46,52977.73
Project 0202,2026-02-01,305.92,69999.18,50942.0
Project 0202,2026-03-01,372.3,74343.84,50208.4
Project 0202,2026-04-01,253.37,76164.81,46123.8
Project 0202,2026-05-01,332.52,73744.12,49857.43
Project 0202,2026-06-01,342.33,79409.37,57152.14
Project 0202,2026-07-01,340.24,68279.32,38252.26
Project 0202,2026-08-01,287.1,73165.66,45814.69
Project 0203,2024-09-01,12.67,5498.59,3537.4
Project 0203,2024-10-01,14.34,6831.32,4762.99
Project 0203,2024-11-01,14.53,5900.77,3351.17
Project 0203,2024-12-01,17.72,5209.52,3155.95
Project 0203,2025-01-01,14.57,5060.51,3374.39
Project 0203,2025-02-01,14.96,6224.96,4043.92
Project 0203,2025-03-01,12.31,5707.36,3590.62
Project 0203,2025-04-01,16.24,5983.09,4187.89
Project 0203,2025-05-01,14.19,6156.06,3700.58
Project 0203,2025-06-01,17.38,5726.58,3257.08
Project 0203,2025-07-01,16.05,6734.89,4116.91
Project 0203,2025-08-01,12.56,6203.99,4013.23
Project 0203,2025-09-01,13.38,5772.03,4141.3
Project 0203,2025-10-01,13.32,6419.36,3997.76
Project 0203,2025-11-01,18.19,4969.14,3054.35
Project 0203,2025-12-01,14.52,5674.88,3473.05
Project 0203,2026-01-01,17.48,6316.26,4128.04
Project 0203,2026-02-01,15.83,6129.49,3406.27
Project 0203,2026-03-01,14.94,4897.46,3427.97
Project 0203,2026-04-01,12.46,6661.79,4154.33
Project 0203,2026-05-01,17.96,5226.03,3758.53
Project 0203,2026-06-01,17.23,5189.85,3613.96
Project 0203,2026-07-01,15.29,5128.72,3457.11
Project 0203,2026-08-01,15.08,4814.28,2797.06
Project 0204,2024-09-01,93.69,6704.97,4391.43
Project 0204,2024-10-01,64.3,5505.33,3694.63
Project 0204,2024-11-01,83.93,6197.73,3611.59
Project 0204,2024-12-01,94.33,7262.13,5285.71
Project 0204,2025-01-01,87.11,6141.04,3720.29
Project 0204,2025-02-01,67.59,7228.69,5078.54
Project 0204,2025-03-01,94.15,6462.71,4509.59
Project 0204,2025-04-01,95.88,6312.82,3829.78
Project 0204,2025-05-01,90.95,7712.97,5770.34
Project 0204,2025-06-01,73.14,5547.82,3873.78
Project 0204,2025-07-01,64.27,7606.88,4183.8
Project 0204,2025-08-01,94.05,6027.62,4240.01
Project 0204,2025-09-01,63.31,6226.88,4115.6
Project 0204,2025-10-01,90.17,5984.25,3825.55
Project 0204,2025-11-01,94.03,7029.13,4619.21
Project 0204,2025-12-01,91.04,6216.63,3748.86
Project 0204,2026-01-01,65.81,7534.01,5402.59
Project 0204,2026-02-01,65.26,5637.1,3509.95
Project 0204,2026-03-01,98.77,7688.22,4539.23
Project 0204,2026-04-01,75.99,5772.46,3564.02
Project 0204,2026-05-01,79.28,7221.18,5097.99
Project 0204,2026-06-01,84.13,7195.39,5156.95
Project 0204,2026-07-01,69.08,5883.93,4119.52
Project 0204,2026-08-01,63.33,6000.48,4394.7
Project 0205,2024-09-01,219.49,15270.42,10615.19
Project 0205,2024-10-01,270.37,13749.99,7751.2
Project 0205,2024-11-01,252.73,15364.98,9892.36
Project 0205,2024-12-01,267.69,15963.58,11155.33
Project 0205,2025-01-01,231.18,13624.18,9977.27
Project 0205,2025-02-01,243.17,14357.76,9233.52
Project 0205,2025-03-01,180.86,12637.06,9357.17
Project 0205,2025-04-01,185.38,15215.84,10978.04
Project 0205,2025-05-01,252.19,14744.14,8483.06
Project 0205,2025-06-01,234.05,16761.28,11693.54
Project 0205,2025-07-01,206.53,12164.74,7341.29
Project 0205,2025-08-01,193.53,16985.37,11743.86
Project 0205,2025-09-01,194.77,12224.46,7551.28
Project 0205,2025-10-01,254.0,16171.16,11975.07
Project 0205,2025-11-01,183.15,16813.03,12037.68
Project 0205,2025-12-01,261.59,14368.66,8159.35
Project 0205,2026-01-01,190.96,16319.54,10065.37
Project 0205,2026-02-01,187.37,12151.45,7766.54
Project 0205,2026-03-01,252.37,16296.28,9729.85
Project 0205,2026-04-01,213.93,12796.37,9298.53
Project 0205,2026-05-01,229.29,12479.98,7085.65
Project 0205,2026-06-01,187.68,14468.61,8190.21
Project 0205,2026-07-01,200.53,13001.96,7869.48
Project 0205,2026-08-01,180.5,15387.66,8711.9
Project 0206,2024-09-01,80.93,8520.82,5757.7
Project 0206,2024-10-01,65.45,10386.07,6155.24
Project 0206,2024-11-01,69.1,8001.72,5319.99
Project 0206,2024-12-01,81.24,10959.89,6958.84
Project 0206,2025-01-01,58.99,9329.62,5611.67
Project 0206,2025-02-01,58.37,11058.58,8224.71
Project 0206,2025-03-01,68.11,9609.1,5620.63
Project 0206,2025-04-01,68.21,10149.06,6334.36
Project 0206,2025-05-01,56.07,8781.88,5742.17
Project 0206,2025-06-01,75.87,8948.52,6216.58
Project 0206,2025-07-01,74.67,9014.63,5424.42
Project 0206,2025-08-01,54.51,10375.07,6020.88
Project 0206,2025-09-01,77.87,8714.7,4908.78
Project 0206,2025-10-01,65.09,8518.59,4700.85
Project 0206,2025-11-01,71.31,10495.41,7663.08
Project 0206,2025-12-01,62.39,7977.86,5554.59
Project 0206,2026-01-01,61.52,10195.92,6822.47
Project 0206,2026-02-01,55.05,10604.35,7354.39
Project 0206,2026-03-01,83.27,8739.11,5747.22
Project 0206,2026-04-01,66.47,7985.97,5935.67
Project 0206,2026-05-01,63.29,10386.09,6907.3
Project 0206,2026-06-01,54.74,9934.04,5819.03
Project 0206,2026-07-01,66.45,9771.08,5745.47
Project 0206,2026-08-01,69.11,10531.73,6445.36
Project 0207,2024-09-01,166.38,25653.36,17527.71
Project 0207,2024-10-01,138.84,30977.33,20725.93
Project 0207,2024-11-01,148.2,33449.06,19806.98
Project 0207,2024-12-01,135.78,32052.27,19255.4
Project 0207,2025-01-01,142.19,25013.61,15810.28
Project 0207,2025-02-01,184.74,24631.16,16077.62
Project 0207,2025-03-01,149.48,30123.12,20603.22
Project 0207,2025-04-01,176.96,28484.57,20345.97
Project 0207,2025-05-01,157.94,31000.93,21900.73
Project 0207,2025-06-01,131.17,29139.72,16704.87
Project 0207,2025-07-01,138.37,33901.64,24178.14
Project 0207,2025-08-01,153.67,26544.61,18076.61
Project 0207,2025-09-01,175.27,25623.9,17628.8
Project 0207,2025-10-01,163.19,29651.22,16935.42
Project 0207,2025-11-01,129.42,28528.25,17447.1
Project 0207,2025-12-01,163.8,33395.66,23328.23
Project 0207,2026-01-01,137.0,29974.09,20051.52
Project 0207,2026-02-01,133.07,31876.58,22740.16
Project 0207,2026-03-01,123.62,29780.24,19474.96
Project 0207,2026-04-01,144.21,28106.06,19793.73
Project 0207,2026-05-01,177.06,33387.15,24017.2
Project 0207,2026-06-01,187.63,33484.43,19184.16
Project 0207,2026-07-01,123.34,28742.46,18719.75
Project 0207,2026-08-01,137.35,33646.51,22810.9
Project 0208,2024-09-01,12.86,3668.42,2192.63
Project 0208,2024-10-01,13.05,3440.11,2294.55
Project 0208,2024-11-01,15.28,3468.3,2000.84
Project 0208,2024-12-01,12.12,3509.26,2548.8
Project 0208,2025-01-01,17.55,3291.41,2272.16
Project 0208,2025-02-01,13.9,3820.9,2275.53
Project 0208,2025-03-01,11.95,3370.9,2473.4
Project 0208,2025-04-01,18.44,3346.2,2350.0
Project 0208,2025-05-01,16.23,2962.47,1789.83
Project 0208,2025-06-01,13.51,3166.8,2321.94
Project 0208,2025-07-01,16.29,3487.63,2114.17
Project 0208,2025-08-01,14.14,3516.39,2159.87
Project 0208,2025-09-01,14.54,3170.87,2162.55
Project 0208,2025-10-01,18.28,3139.66,1805.06
Project 0208,2025-11-01,12.36,3462.88,1920.28
Project 0208,2025-12-01,17.24,4016.84,2766.92
Project 0208,2026-01-01,17.19,3944.87,2680.33
Project 0208,2026-02-01,14.41,3922.52,2591.02
Project 0208,2026-03-01,12.35,3833.59,2766.81
Project 0208,2026-04-01,17.6,3058.02,1872.32
Project 0208,2026-05-01,12.28,3270.79,2378.45
Project 0208,2026-06-01,16.03,3080.15,2090.79
Project 0208,2026-07-01,18.42,3213.66,1808.76
Project 0208,2026-08-01,15.01,3622.71,2170.35
Project 0209,2024-09-01,123.53,13571.23,9951.28
Project 0209,2024-10-01,96.55,13260.91,9909.27
Project 0209,2024-11-01,112.16,12748.24,8327.44
Project 0209,2024-12-01,119.85,14123.16,10436.85
Project 0209,2025-01-01,124.14,15159.61,10296.62
Project 0209,2025-02-01,89.39,15285.54,10674.66
Project 0209,2025-03-01,98.07,14677.75,10856.46
Project 0209,2025-04-01,134.71,16950.93,10191.63
Project 0209,2025-05-01,117.1,17296.08,12908.08
Project 0209,2025-06-01,135.24,17908.48,13258.61
Project 0209,2025-07-01,123.72,12707.45,7680.22
Project 0209,2025-08-01,135.62,16571.51,9244.78
Project 0209,2025-09-01,123.42,15806.64,9494.6
Project 0209,2025-10-01,89.91,13912.39,7913.14
Project 0209,2025-11-01,112.01,16304.01,9065.27
Project 0209,2025-12-01,119.5,18037.84,11780.4
Project 0209,2026-01-01,119.6,14176.15,8829.38
Project 0209,2026-02-01,120.82,16557.48,9413.73
Project 0209,2026-03-01,111.1,17703.16,11128.01
Project 0209,2026-04-01,108.68,17959.16,12468.04
Project 0209,2026-05-01,95.12,16295.07,12192.44
Project 0209,2026-06-01,106.52,15233.8,11180.43
Project 0209,2026-07-01,121.94,15597.48,11218.47
Project 0209,2026-08-01,95.33,13969.86,7874.83
Project 0210,2024-09-01,101.09,24540.42,15007.71
Project 0210,2024-10-01,106.5,19826.96,13553.96
Project 0210,2024-11-01,107.79,24979.75,15775.45
Project 0210,2024-12-01,113.12,23569.04,17328.16
Project 0210,2025-01-01,108.73,21503.25,16005.18
Project 0210,2025-02-01,102.69,20906.2,12241.42
Project 0210,2025-03-01,129.74,25296.39,15980.54
Project 0210,2025-04-01,119.05,23994.77,14720.26
Project 0210,2025-05-01,129.37,23354.99,15181.54
Project 0210,2025-06-01,94.7,17971.51,12719.34
Project 0210,2025-07-01,125.87,23972.51,17207.79
Project 0210,2025-08-01,137.2,23170.73,13440.87
Project 0210,2025-09-01,114.76,20612.9,12564.24
Project 0210,2025-10-01,138.0,23216.06,14684.08
Project 0210,2025-11-01,117.49,24882.82,16285.88
Project 0210,2025-12-01,104.62,22251.15,13944.18
Project 0210,2026-01-01,139.53,21888.91,14852.47
Project 0210,2026-02-01,91.25,20191.73,15069.76
Project 0210,2026-03-01,139.35,21424.35,14137.26
Project 0210,2026-04-01,127.61,22291.59,13691.39
Project 0210,2026-05-01,118.01,23012.65,15752.06
Project 0210,2026-06-01,100.26,24067.78,16190.64
Project 0210,2026-07-01,96.0,18025.12,12345.75
Project 0210,2026-08-01,121.57,18170.28,10793.19
Project 0211,2024-09-01,74.12,22786.51,13665.83
Project 0211,2024-10-01,94.2,27337.19,20228.21
Project 0211,2024-11-01,100.26,20539.88,14168.73
Project 0211,2024-12-01,97.76,22406.48,15534.63
Project 0211,2025-01-01,96.16,24152.58,15431.47
Project 0211,2025-02-01,87.4,23063.32,16813.76
Project 0211,2025-03-01,84.93,23494.78,15780.99
Project 0211,2025-04-01,97.98,26736.31,14810.84
Project 0211,2025-05-01,86.78,26159.27,17129.56
Project 0211,2025-06-01,97.86,25052.83,17944.51
Project 0211,2025-07-01,91.25,25797.17,16116.88
Project 0211,2025-08-01,106.81,21324.13,13697.95
Project 0211,2025-09-01,98.63,25092.85,14144.39
Project 0211,2025-10-01,100.44,27633.87,19478.72
Project 0211,2025-11-01,89.77,20304.42,11387.81
Project 0211,2025-12-01,97.34,24957.89,14335.06
Project 0211,2026-01-01,86.73,26224.97,18680.33
Project 0211,2026-02-01,82.26,24805.82,15290.26
Project 0211,2026-03-01,86.87,28007.59,17677.01
Project 0211,2026-04-01,83.37,20461.83,14730.99
Project 0211,2026-05-01,77.72,26806.6,16958.16
Project 0211,2026-06-01,106.64,21840.62,14624.99
Project 0211,2026-07-01,97.16,26748.24,19385.46
Project 0211,2026-08-01,70.29,28463.72,21207.19
Project 0212,2024-09-01,16.78,5540.02,3974.49
Project 0212,2024-10-01,20.01,5304.84,3151.81
Project 0212,2024-11-01,13.97,5150.39,3706.46
Project 0212,2024-12-01,18.98,5681.32,3707.25
Project 0212,2025-01-01,16.33,5285.84,3569.41
Project 0212,2025-02-01,14.89,5273.98,3048.43
Project 0212,2025-03-01,17.16,5269.0,3834.99
Project 0212,2025-04-01,14.1,4559.53,3100.37
Project 0212,2025-05-01,18.12,5213.01,3579.6
Project 0212,2025-06-01,19.22,4931.32,2755.56
Project 0212,2025-07-01,15.43,4658.63,2654.79
Project 0212,2025-08-01,15.27,4422.89,3293.4
Project 0212,2025-09-01,15.58,4514.96,3237.11
Project 0212,2025-10-01,17.08,4747.65,3032.41
Project 0212,2025-11-01,16.34,4743.12,2880.35
Project 0212,2025-12-01,15.04,5560.06,3259.38
Project 0212,2026-01-01,16.47,5015.51,3181.37
Project 0212,2026-02-01,20.88,5427.69,3843.41
Project 0212,2026-03-01,21.48,4424.36,2754.76
Project 0212,2026-04-01,17.7,4308.75,2994.83
Project 0212,2026-05-01,18.76,4158.16,3000.59
Project 0212,2026-06-01,19.22,4471.49,2816.96
Project 0212,2026-07-01,15.98,4738.91,3198.19
Project 0212,2026-08-01,20.3,4645.64,3449.77
Project 0213,2024-09-01,211.15,92533.07,51155.8
Project 0213,2024-10-01,273.59,78265.28,58346.07
Project 0213,2024-11-01,257.21,88175.75,48961.4
Project 0213,2024-12-01,212.69,89385.8,50156.28
Project 0213,2025-01-01,255.64,90098.83,51870.82
Project 0213,2025-02-01,202.58,76773.47,52021.87
Project 0213,2025-03-01,288.73,73782.25,45860.04
Project 0213,2025-04-01,200.15,79878.91,48336.21
Project 0213,2025-05-01,274.4,85111.57,50944.75
Project 0213,2025-06-01,283.37,80142.83,50167.97
Project 0213,2025-07-01,240.81,69511.39,46581.37
Project 0213,2025-08-01,231.61,65880.73,44238.06
Project 0213,2025-09-01,238.23,93016.43,54190.86
Project 0213,2025-10-01,224.68,81016.19,48039.02
Project 0213,2025-11-01,294.22,82630.35,59249.66
Project 0213,2025-12-01,277.67,70905.4,42257.75
Project 0213,2026-01-01,294.68,74019.96,54198.16
Project 0213,2026-02-01,200.23,70512.9,42915.82
Project 0213,2026-03-01,289.92,82382.46,47268.38
Project 0213,2026-04-01,223.13,77589.85,42906.09
Project 0213,2026-05-01,282.9,88320.09,52483.84
Project 0213,2026-06-01,209.1,70013.27,45003.79
Project 0213,2026-07-01,249.58,72749.94,45612.06
Project 0213,2026-08-01,276.05,71727.01,41606.88
Project 0214,2024-09-01,318.21,39014.62,27950.36
Project 0214,2024-10-01,344.05,28970.19,16232.09
Project 0214,2024-11-01,337.66,40926.97,25130.57
Project 0214,2024-12-01,359.52,32955.51,24076.24
Project 0214,2025-01-01,352.25,40186.73,28685.55
Project 0214,2025-02-01,244.8,36154.44,20512.39
Project 0214,2025-03-01,296.14,37125.63,24631.44
Project 0214,2025-04-01,330.32,31832.7,19053.97
Project 0214,2025-05-01,306.82,34738.42,20340.51
Project 0214,2025-06-01,313.3,39992.38,28928.76
Project 0214,2025-07-01,264.64,32230.58,17842.96
Project 0214,2025-08-01,261.22,30097.21,17028.13
Project 0214,2025-09-01,366.39,40253.84,29686.1
Project 0214,2025-10-01,308.63,41050.44,26929.29
Project 0214,2025-11-01,259.78,30564.76,21534.44
Project 0214,2025-12-01,348.95,39733.37,28485.45
Project 0214,2026-01-01,305.08,32408.1,20800.81
Project 0214,2026-02-01,371.59,41498.47,27791.41
Project 0214,2026-03-01,276.52,30655.1,19090.54
Project 0214,2026-04-01,264.41,39954.49,23730.94
Project 0214,2026-05-01,368.52,33329.06,21689.3
Project 0214,2026-06-01,294.22,37091.26,21798.7
Project 0214,2026-07-01,351.42,31728.01,23120.09
Project 0214,2026-08-01,290.06,35146.48,25009.08
Project 0215,2024-09-01,139.63,25736.18,15960.25
Project 0215,2024-10-01,181.17,25815.15,19248.12
Project 0215,2024-11-01,141.1,27415.11,19057.72
Project 0215,2024-12-01,189.62,22806.92,15359.21
Project 0215,2025-01-01,202.94,24257.11,16779.56
Project 0215,2025-02-01,158.4,27618.99,17113.43
Project 0215,2025-03-01,211.79,25291.33,15789.79
Project 0215,2025-04-01,171.21,20162.4,13282.7
Project 0215,2025-05-01,193.25,26848.61,19946.71
Project 0215,2025-06-01,159.72,26689.4,18102.78
Project 0215,2025-07-01,214.25,25728.76,14864.73
Project 0215,2025-08-01,148.57,21545.68,14388.46
Project 0215,2025-09-01,187.59,21058.37,14967.34
Project 0215,2025-10-01,180.16,23646.0,17321.75
Project 0215,2025-11-01,152.71,24835.67,15364.31
Project 0215,2025-12-01,148.52,24490.18,16469.74
Project 0215,2026-01-01,187.32,28573.1,17843.39
Project 0215,2026-02-01,209.08,22767.08,16490.26
Project 0215,2026-03-01,164.0,23990.15,16603.41
Project 0215,2026-04-01,145.75,22617.09,13842.35
Project 0215,2026-05-01,156.36,23659.07,14038.41
Project 0215,2026-06-01,185.63,19934.91,13414.0
Project 0215,2026-07-01,210.01,21516.97,13596.88
Project 0215,2026-08-01,153.58,20103.12,13839.26
Project 0216,2024-09-01,168.61,9154.01,6165.6
Project 0216,2024-10-01,234.72,10319.68,7270.48
Project 0216,2024-11-01,168.9,11944.8,6662.79
Project 0216,2024-12-01,223.84,12045.13,8348.17
Project 0216,2025-01-01,170.09,8767.08,5102.88
Project 0216,2025-02-01,173.86,9984.19,6382.56
Project 0216,2025-03-01,163.6,10478.59,6002.65
Project 0216,2025-04-01,168.55,9792.81,5647.57
Project 0216,2025-05-01,203.72,9265.07,6420.39
Project 0216,2025-06-01,232.54,8900.33,6417.24
Project 0216,2025-07-01,167.65,10809.6,6897.94
Project 0216,2025-08-01,255.03,10841.21,8026.41
Project 0216,2025-09-01,221.14,9868.29,7185.72
Project 0216,2025-10-01,208.38,11470.46,6908.06
Project 0216,2025-11-01,209.18,8916.56,6193.17
Project 0216,2025-12-01,244.12,11980.99,7078.95
Project 0216,2026-01-01,190.59,11060.96,7595.5
Project 0216,2026-02-01,189.03,10862.33,6483.48
Project 0216,2026-03-01,168.29,8794.52,6346.92
Project 0216,2026-04-01,171.86,8595.46,5138.11
Project 0216,2026-05-01,194.69,11678.8,6871.34
Project 0216,2026-06-01,193.39,11045.42,6811.42
Project 0216,2026-07-01,187.09,11131.62,8118.87
Project 0216,2026-08-01,213.84,10478.17,6317.82
Project 0217,2024-09-01,386.74,135262.18,78601.3
Project 0217,2024-10-01,369.34,108008.88,76246.54
Project 0217,2024-11-01,401.85,139778.47,91027.74
Project 0217,2024-12-01,403.41,109934.73,82060.56
Project 0217,2025-01-01,318.37,119707.95,68313.51
Project 0217,2025-02-01,386.19,110737.61,81875.08
Project 0217,2025-03-01,342.22,112033.92,72400.35
Project 0217,2025-04-01,361.15,138878.99,82583.82
Project 0217,2025-05-01,367.47,106137.93,75372.31
Project 0217,2025-06-01,376.71,111695.31,74903.06
Project 0217,2025-07-01,323.29,118591.8,87087.79
Project 0217,2025-08-01,412.78,123575.22,83686.2
Project 0217,2025-09-01,367.35,142324.93,90375.54
Project 0217,2025-10-01,351.59,114676.69,69397.06
Project 0217,2025-11-01,436.36,141570.0,86829.78
Project 0217,2025-12-01,308.61,112296.75,81460.75
Project 0217,2026-01-01,386.72,115180.6,84090.54
Project 0217,2026-02-01,425.72,116755.41,74263.11
Project 0217,2026-03-01,363.17,129447.7,81364.59
Project 0217,2026-04-01,393.33,142006.85,88538.18
Project 0217,2026-05-01,298.0,110241.92,76211.7
Project 0217,2026-06-01,428.11,115197.56,71742.01
Project 0217,2026-07-01,421.11,115248.35,74668.63
Project 0217,2026-08-01,389.63,137420.64,82195.26
Project 0218,2024-09-01,170.66,18223.59,11161.58
Project 0218,2024-10-01,233.93,15922.84,9190.79
Project 0218,2024-11-01,202.51,16447.36,9056.88
Project 0218,2024-12-01,200.55,14893.62,8853.83
Project 0218,2025-01-01,185.27,15341.49,11001.49
Project 0218,2025-02-01,217.38,18958.21,13873.14
Project 0218,2025-03-01,203.84,14783.7,10565.57
Project 0218,2025-04-01,265.79,18606.82,13748.64
Project 0218,2025-05-01,264.85,15680.14,11589.3
Project 0218,2025-06-01,265.91,16980.62,9461.07
Project 0218,2025-07-01,196.17,18814.1,10834.9
Project 0218,2025-08-01,200.08,18282.74,12493.79
Project 0218,2025-09-01,208.47,18042.95,10579.74
Project 0218,2025-10-01,250.96,18434.17,12350.91
Project 0218,2025-11-01,220.08,18493.38,11607.33
Project 0218,2025-12-01,266.56,17516.01,12260.05
Project 0218,2026-01-01,214.77,17344.26,11272.49
Project 0218,2026-02-01,215.61,18804.93,12923.42
Project 0218,2026-03-01,210.23,16696.97,12068.75
Project 0218,2026-04-01,264.11,16695.17,9758.34
Project 0218,2026-05-01,215.39,16138.2,11449.76
Project 0218,2026-06-01,187.25,19266.34,11508.5
Project 0218,2026-07-01,198.99,18268.23,11590.56
Project 0218,2026-08-01,228.1,17702.06,10624.96
Project 0219,2024-09-01,252.74,30247.03,17132.07
Project 0219,2024-10-01,304.62,34738.34,19932.69
Project 0219,2024-11-01,215.29,29624.39,21316.89
Project 0219,2024-12-01,321.55,29228.83,18170.58
Project 0219,2025-01-01,216.64,32292.71,21543.38
Project 0219,2025-02-01,263.95,35468.52,21713.97
Project 0219,2025-03-01,243.56,32784.53,20825.69
Project 0219,2025-04-01,285.32,32453.6,19769.34
Project 0219,2025-05-01,257.08,32565.38,17936.76
Project 0219,2025-06-01,235.95,34309.96,19255.78
Project 0219,2025-07-01,243.79,39484.48,25081.21
Project 0219,2025-08-01,225.48,38450.93,27687.04
Project 0219,2025-09-01,275.15,31216.59,21450.03
Project 0219,2025-10-01,277.34,39410.28,25248.05
Project 0219,2025-11-01,229.63,35300.38,24280.13
Project 0219,2025-12-01,271.41,30540.26,20752.74
Project 0219,2026-01-01,258.82,39330.85,27730.87
Project 0219,2026-02-01,224.23,30301.25,19846.1
Project 0219,2026-03-01,280.24,35597.7,24887.59
Project 0219,2026-04-01,279.1,31874.85,18730.55
Project 0219,2026-05-01,213.78,30936.95,21637.31
Project 0219,2026-06-01,233.88,34494.12,22809.15
Project 0219,2026-07-01,304.34,32607.4,21378.37
Project 0219,2026-08-01,321.74,28600.21,16155.1
Project 0220,2024-09-01,241.84,21634.83,12977.95
Project 0220,2024-10-01,207.41,21493.34,15510.65
Project 0220,2024-11-01,233.46,18403.42,12450.45
Project 0220,2024-12-01,245.76,16592.47,12093.42
Project 0220,2025-01-01,236.38,21522.05,14679.87
Project 0220,2025-02-01,214.26,23380.69,15346.19
Project 0220,2025-03-01,287.94,18288.24,12695.88
Project 0220,2025-04-01,297.76,22397.56,13359.29
Project 0220,2025-05-01,225.66,16938.5,10668.34
Project 0220,2025-06-01,281.69,21121.12,13094.26
Project 0220,2025-07-01,280.34,20020.66,11913.61
Project 0220,2025-08-01,258.64,18160.5,11572.07
Project 0220,2025-09-01,232.97,23470.14,16473.95
Project 0220,2025-10-01,199.53,20815.88,11800.05
Project 0220,2025-11-01,209.32,18059.09,11122.13
Project 0220,2025-12-01,260.09,20786.11,13875.84
Project 0220,2026-01-01,259.86,17438.36,11020.16
Project 0220,2026-02-01,294.33,23137.49,16280.34
Project 0220,2026-03-01,206.2,21686.7,12295.03
Project 0220,2026-04-01,240.71,22686.04,14525.24
Project 0220,2026-05-01,262.2,22736.53,13320.91
Project 0220,2026-06-01,194.2,18116.1,12538.77
Project 0220,2026-07-01,298.53,20108.57,13931.27
Project 0220,2026-08-01,211.35,17333.47,11272.73
Project 0221,2024-09-01,315.77,46635.2,33349.58
Project 0221,2024-10-01,319.35,37736.89,27558.44
Project 0221,2024-11-01,381.14,33887.2,18930.53
Project 0221,2024-12-01,407.8,44832.44,32668.12
Project 0221,2025-01-01,296.36,35904.04,23363.01
Project 0221,2025-02-01,372.53,37146.58,24247.41
Project 0221,2025-03-01,393.55,35305.04,25093.3
Project 0221,2025-04-01,339.21,47189.62,29141.81
Project 0221,2025-05-01,305.27,35993.7,22107.71
Project 0221,2025-06-01,291.26,47462.32,28566.3
Project 0221,2025-07-01,319.94,34449.87,19584.07
Project 0221,2025-08-01,345.98,40584.41,23734.17
Project 0221,2025-09-01,375.66,35740.16,22424.24
Project 0221,2025-10-01,422.16,34017.26,21464.57
Project 0221,2025-11-01,416.66,41786.22,26343.36
Project 0221,2025-12-01,421.3,45121.45,26387.63
Project 0221,2026-01-01,295.62,46164.84,27930.91
Project 0221,2026-02-01,419.07,44940.62,30866.47
Project 0221,2026-03-01,359.36,34723.64,23074.79
Project 0221,2026-04-01,433.4,37295.14,23015.78
Project 0221,2026-05-01,294.09,36255.04,22684.79
Project 0221,2026-06-01,313.26,43261.59,30452.22
Project 0221,2026-07-01,346.31,35167.76,24282.45
Project 0221,2026-08-01,371.19,35166.43,24960.8
Project 0222,2024-09-01,58.12,7775.09,5579.87
Project 0222,2024-10-01,49.63,8827.16,6075.46
Project 0222,2024-11-01,46.08,6385.65,3870.75
Project 0222,2024-12-01,59.17,8788.03,5304.93
Project 0222,2025-01-01,68.62,6525.78,4062.13
Project 0222,2025-02-01,67.02,6995.62,4693.23
Project 0222,2025-03-01,55.81,6623.06,4872.23
Project 0222,2025-04-01,46.78,8599.9,5191.95
Project 0222,2025-05-01,58.69,6585.02,4609.5
Project 0222,2025-06-01,64.46,6965.52,4762.63
Project 0222,2025-07-01,69.34,8133.11,5163.89
Project 0222,2025-08-01,62.55,7092.42,5046.34
Project 0222,2025-09-01,66.74,6684.62,3753.88
Project 0222,2025-10-01,49.05,6185.25,4612.55
Project 0222,2025-11-01,46.17,7580.84,5681.35
Project 0222,2025-12-01,66.51,8178.14,4846.27
Project 0222,2026-01-01,58.21,6452.56,4545.41
Project 0222,2026-02-01,61.19,7889.05,5533.53
Project 0222,2026-03-01,61.98,6780.62,4261.09
Project 0222,2026-04-01,50.17,6356.23,4505.3
Project 0222,2026-05-01,52.24,8585.67,5048.99
Project 0222,2026-06-01,69.33,6240.12,4285.53
Project 0222,2026-07-01,67.18,8750.55,5408.65
Project 0222,2026-08-01,57.8,6472.08,3594.35
Project 0223,2024-09-01,81.98,22462.61,15344.86
Project 0223,2024-10-01,84.83,25782.35,17092.5
Project 0223,2024-11-01,103.57,22234.68,15395.45
Project 0223,2024-12-01,97.4,23076.7,15015.09
Project 0223,2025-01-01,83.83,21640.88,16228.42
Project 0223,2025-02-01,93.27,21997.97,15835.61
Project 0223,2025-03-01,83.11,23852.76,17368.59
Project 0223,2025-04-01,99.26,23891.29,16677.62
Project 0223,2025-05-01,113.45,28353.03,20148.75
Project 0223,2025-06-01,109.35,27139.29,19842.87
Project 0223,2025-07-01,104.43,30055.03,17701.97
Project 0223,2025-08-01,75.44,27626.19,16951.22
Project 0223,2025-09-01,111.6,22148.03,13681.97
Project 0223,2025-10-01,95.95,27657.63,15806.4
Project 0223,2025-11-01,99.66,26257.0,19070.55
Project 0223,2025-12-01,84.55,21726.36,14957.91
Project 0223,2026-01-01,80.75,21396.62,12703.9
Project 0223,2026-02-01,84.15,27252.86,18257.21
Project 0223,2026-03-01,105.12,29982.93,18486.89
Project 0223,2026-04-01,80.63,25436.71,14070.16
Project 0223,2026-05-01,87.6,23751.9,15744.5
Project 0223,2026-06-01,111.51,29786.65,16800.26
Project 0223,2026-07-01,74.08,26748.57,18178.76
Project 0223,2026-08-01,111.45,22165.52,16022.74
Project 0224,2024-09-01,215.48,20623.52,13965.82
Project 0224,2024-10-01,200.21,24850.37,17038.66
Project 0224,2024-11-01,214.23,28327.07,18839.64
Project 0224,2024-12-01,232.91,27792.35,16954.35
Project 0224,2025-01-01,211.17,21482.15,16019.65
Project 0224,2025-02-01,185.66,21466.83,12074.09
Project 0224,2025-03-01,229.66,27362.7,17780.25
Project 0224,2025-04-01,226.17,24083.28,13888.29
Project 0224,2025-05-01,182.29,28390.75,18791.31
Project 0224,2025-06-01,201.34,25144.55,18567.36
Project 0224,2025-07-01,219.66,28922.8,17015.54
Project 0224,2025-08-01,190.44,23404.14,17110.58
Project 0224,2025-09-01,232.1,25078.19,18727.59
Project 0224,2025-10-01,223.6,25772.65,19325.48
Project 0224,2025-11-01,204.83,28016.64,20144.71
Project 0224,2025-12-01,202.95,21162.56,12555.84
Project 0224,2026-01-01,224.91,21461.09,14549.09
Project 0224,2026-02-01,181.84,22600.21,16829.37
Project 0224,2026-03-01,150.25,28128.03,20982.39
Project 0224,2026-04-01,208.11,23717.0,16424.86
Project 0224,2026-05-01,224.24,28570.36,17323.52
Project 0224,2026-06-01,182.43,26174.31,17147.02
Project 0224,2026-07-01,182.65,25380.33,16313.94
Project 0224,2026-08-01,200.64,22285.64,15639.88
Project 0225,2024-09-01,238.94,18732.57,10517.31
Project 0225,2024-10-01,204.42,19832.32,11051.75
Project 0225,2024-11-01,232.63,17317.2,11410.35
Project 0225,2024-12-01,189.7,18778.41,13663.77
Project 0225,2025-01-01,228.56,18299.96,11196.62
Project 0225,2025-02-01,165.9,19434.58,13895.84
Project 0225,2025-03-01,199.74,20845.12,11572.8
Project 0225,2025-04-01,173.03,19087.95,12076.47
Project 0225,2025-05-01,220.72,21676.06,12970.75
Project 0225,2025-06-01,232.42,22562.7,14795.15
Project 0225,2025-07-01,232.25,19425.24,13155.34
Project 0225,2025-08-01,218.93,19470.35,11624.17
Project 0225,2025-09-01,199.85,21827.49,14639.69
Project 0225,2025-10-01,180.41,16388.48,10412.37
Project 0225,2025-11-01,221.48,18623.35,11294.4
Project 0225,2025-12-01,204.34,17024.28,11457.39
Project 0225,2026-01-01,153.52,16606.74,12181.54
Project 0225,2026-02-01,231.95,16317.38,10277.38
Project 0225,2026-03-01,169.56,20273.11,14490.88
Project 0225,2026-04-01,187.16,17011.06,10165.9
Project 0225,2026-05-01,228.49,21545.53,13453.16
Project 0225,2026-06-01,221.06,17888.45,12981.69
Project 0225,2026-07-01,234.54,20072.8,12577.79
Project 0225,2026-08-01,169.04,16815.79,11501.43
Project 0226,2024-09-01,266.82,24738.26,15051.88
Project 0226,2024-10-01,261.94,25868.77,14245.64
Project 0226,2024-11-01,287.61,29420.67,17484.69
Project 0226,2024-12-01,364.39,27410.76,18542.17
Project 0226,2025-01-01,365.54,23332.5,15214.79
Project 0226,2025-02-01,329.58,24496.36,16905.49
Project 0226,2025-03-01,373.75,26449.51,17869.39
Project 0226,2025-04-01,327.1,29065.04,17902.2
Project 0226,2025-05-01,257.03,25884.31,15427.95
Project 0226,2025-06-01,337.53,28033.08,16351.8
Project 0226,2025-07-01,264.82,25018.31,18042.29
Project 0226,2025-08-01,336.51,21997.76,14769.29
Project 0226,2025-09-01,283.89,25337.6,15982.74
Project 0226,2025-10-01,351.53,28401.96,19817.8
Project 0226,2025-11-01,265.08,27882.36,15887.91
Project 0226,2025-12-01,362.12,28908.13,19838.6
Project 0226,2026-01-01,296.29,26560.43,15798.58
Project 0226,2026-02-01,372.74,27127.63,17291.13
Project 0226,2026-03-01,282.84,23780.1,13191.8
Project 0226,2026-04-01,383.26,25774.27,18378.28
Project 0226,2026-05-01,331.88,29238.59,18896.58
Project 0226,2026-06-01,307.53,30092.66,22068.94
Project 0226,2026-07-01,291.27,27992.78,18212.45
Project 0226,2026-08-01,264.01,24525.18,15238.8
Project 0227,2024-09-01,296.65,29634.12,17943.94
Project 0227,2024-10-01,280.5,24770.29,15685.24
Project 0227,2024-11-01,290.19,26031.67,16750.08
Project 0227,2024-12-01,269.14,23118.61,14361.83
Project 0227,2025-01-01,246.33,24049.86,15339.01
Project 0227,2025-02-01,294.44,29612.09,20242.13
Project 0227,2025-03-01,207.65,25734.98,15907.05
Project 0227,2025-04-01,253.44,28926.74,19171.6
Project 0227,2025-05-01,315.99,23247.14,17078.14
Project 0227,2025-06-01,293.27,22699.49,12826.3
Project 0227,2025-07-01,228.61,26923.14,15592.3
Project 0227,2025-08-01,318.96,21374.46,15300.92
Project 0227,2025-09-01,278.48,22059.2,13160.07
Project 0227,2025-10-01,311.05,23800.46,13634.45
Project 0227,2025-11-01,255.0,26950.61,15851.27
Project 0227,2025-12-01,318.91,25554.43,18049.66
Project 0227,2026-01-01,308.12,22569.19,16644.51
Project 0227,2026-02-01,246.95,23921.32,13761.03
Project 0227,2026-03-01,287.22,24555.84,14842.31
Project 0227,2026-04-01,247.56,21399.71,13709.4
Project 0227,2026-05-01,288.49,26622.65,14971.43
Project 0227,2026-06-01,239.01,25720.9,19023.02
Project 0227,2026-07-01,219.3,24695.47,13787.44
Project 0227,2026-08-01,228.64,23813.43,16192.18
Project 0228,2024-09-01,89.24,30242.51,20128.15
Project 0228,2024-10-01,92.96,29116.28,16400.18
Project 0228,2024-11-01,113.92,24278.52,17356.62
Project 0228,2024-12-01,85.41,22901.37,16118.74
Project 0228,2025-01-01,108.6,26756.8,15845.87
Project 0228,2025-02-01,109.62,31263.23,18429.38
Project 0228,2025-03-01,80.61,27457.2,17086.26
Project 0228,2025-04-01,90.0,28433.9,19373.49
Project 0228,2025-05-01,106.92,24429.07,15192.88
Project 0228,2025-06-01,81.63,29697.21,18483.41
Project 0228,2025-07-01,94.06,26544.75,16898.89
Project 0228,2025-08-01,118.5,26360.08,15516.37
Project 0228,2025-09-01,99.59,29486.58,18656.92
Project 0228,2025-10-01,112.65,28182.01,18130.27
Project 0228,2025-11-01,79.78,30414.68,20700.75
Project 0228,2025-12-01,92.45,25282.48,16792.72
Project 0228,2026-01-01,92.23,26699.06,16330.87
Project 0228,2026-02-01,97.59,28035.14,17232.13
Project 0228,2026-03-01,109.23,24044.67,17070.34
Project 0228,2026-04-01,87.04,24129.88,14425.53
Project 0228,2026-05-01,109.21,30605.53,17289.51
Project 0228,2026-06-01,77.31,30104.45,18081.94
Project 0228,2026-07-01,113.11,30937.83,21850.98
Project 0228,2026-08-01,89.62,26483.1,19234.92
Project 0229,2024-09-01,271.23,15364.67,9873.94
Project 0229,2024-10-01,351.85,16536.42,11275.53
Project 0229,2024-11-01,237.26,15758.77,10572.87
Project 0229,2024-12-01,234.75,15531.32,11163.47
Project 0229,2025-01-01,263.6,16780.69,12067.99
Project 0229,2025-02-01,309.05,15408.72,11073.1
Project 0229,2025-03-01,336.92,13425.21,8228.37
Project 0229,2025-04-01,291.86,16045.41,9200.26
Project 0229,2025-05-01,263.01,13925.96,7939.28
Project 0229,2025-06-01,335.49,12509.82,9085.63
Project 0229,2025-07-01,345.28,16774.66,12011.41
Project 0229,2025-08-01,336.82,12293.4,8687.21
Project 0229,2025-09-01,319.83,12619.48,8082.8
Project 0229,2025-10-01,324.26,16633.08,12311.77
Project 0229,2025-11-01,237.43,12481.81,9295.41
Project 0229,2025-12-01,283.26,12352.69,8399.76
Project 0229,2026-01-01,265.81,16528.89,9186.95
Project 0229,2026-02-01,294.52,14655.7,8960.18
Project 0229,2026-03-01,331.41,16496.74,11904.43
Project 0229,2026-04-01,323.86,12778.82,9520.48
Project 0229,2026-05-01,254.77,15128.88,11333.89
Project 0229,2026-06-01,343.44,14692.44,8519.74
Project 0229,2026-07-01,353.06,15411.77,10116.34
Project 0229,2026-08-01,248.95,13441.13,8188.19
Project 0230,2024-09-01,346.53,82996.32,48612.96
Project 0230,2024-10-01,301.02,75176.97,48243.37
Project 0230,2024-11-01,346.18,91592.69,66666.25
Project 0230,2024-12-01,320.98,80924.06,50432.54
Project 0230,2025-01-01,328.14,71886.68,51266.65
Project 0230,2025-02-01,247.01,72987.32,50767.33
Project 0230,2025-03-01,303.69,93336.31,63685.32
Project 0230,2025-04-01,281.43,101807.76,61001.71
Project 0230,2025-05-01,348.5,77695.44,48220.73
Project 0230,2025-06-01,347.19,102917.49,64166.52
Project 0230,2025-07-01,329.91,76531.05,46605.93
Project 0230,2025-08-01,308.7,100302.94,61037.35
Project 0230,2025-09-01,265.81,90340.7,59833.53
Project 0230,2025-10-01,332.01,73605.63,48287.71
Project 0230,2025-11-01,342.89,88210.13,49299.88
Project 0230,2025-12-01,309.07,86291.76,55395.56
Project 0230,2026-01-01,266.14,102640.83,70625.71
Project 0230,2026-02-01,318.6,84477.09,59343.36
Project 0230,2026-03-01,354.08,76788.45,43313.76
Project 0230,2026-04-01,351.05,87032.84,51219.72
Project 0230,2026-05-01,270.01,96072.55,68196.89
Project 0230,2026-06-01,342.96,86581.06,63505.58
Project 0230,2026-07-01,279.33,84679.05,61259.6
Project 0230,2026-08-01,335.47,76921.75,56510.62
Project 0231,2024-09-01,141.39,14116.03,8193.75
Project 0231,2024-10-01,155.61,12103.18,7042.02
Project 0231,2024-11-01,153.11,14704.58,10840.47
Project 0231,2024-12-01,193.21,14917.63,9083.32
Project 0231,2025-01-01,150.53,13635.98,8200.54
Project 0231,2025-02-01,186.61,13795.05,7845.51
Project 0231,2025-03-01,142.07,12215.07,8668.67
Project 0231,2025-04-01,132.98,15351.02,9607.32
Project 0231,2025-05-01,152.21,15261.06,10568.78
Project 0231,2025-06-01,159.46,11380.05,7404.55
Project 0231,2025-07-01,148.15,14513.11,8749.05
Project 0231,2025-08-01,167.55,12344.78,8952.44
Project 0231,2025-09-01,131.38,14862.55,10787.11
Project 0231,2025-10-01,157.35,11353.55,7982.47
Project 0231,2025-11-01,130.1,11288.71,6953.83
Project 0231,2025-12-01,165.08,14380.83,9108.82
Project 0231,2026-01-01,182.88,14777.34,10450.66
Project 0231,2026-02-01,128.58,13092.32,7651.51
Project 0231,2026-03-01,181.9,14435.08,10746.33
Project 0231,2026-04-01,136.1,11806.95,6821.56
Project 0231,2026-05-01,165.57,11781.21,8777.5
Project 0231,2026-06-01,165.15,13710.85,9387.43
Project 0231,2026-07-01,186.42,11252.56,7644.72
Project 0231,2026-08-01,173.0,11716.37,7841.08
Project 0232,2024-09-01,79.6,10349.55,6501.47
Project 0232,2024-10-01,78.66,11142.24,7405.02
Project 0232,2024-11-01,95.4,12137.19,8997.08
Project 0232,2024-12-01,92.04,12972.43,9333.82
Project 0232,2025-01-01,75.6,12847.02,7874.58
Project 0232,2025-02-01,98.21,13292.99,9935.2
Project 0232,2025-03-01,104.57,12824.57,7193.51
Project 0232,2025-04-01,105.37,12557.08,7627.78
Project 0232,2025-05-01,82.9,10745.92,7612.92
Project 0232,2025-06-01,92.76,10436.94,6023.43
Project 0232,2025-07-01,107.19,11981.65,7057.54
Project 0232,2025-08-01,85.93,10213.77,6797.67
Project 0232,2025-09-01,90.45,11373.97,8424.48
Project 0232,2025-10-01,81.28,11436.73,7394.46
Project 0232,2025-11-01,69.12,12332.94,8302.23
Project 0232,2025-12-01,80.59,14455.36,9774.17
Project 0232,2026-01-01,92.92,10084.35,6448.07
Project 0232,2026-02-01,90.53,12398.88,7258.19
Project 0232,2026-03-01,90.99,13454.17,8126.84
Project 0232,2026-04-01,69.57,14191.29,9865.61
Project 0232,2026-05-01,89.69,11742.58,7143.03
Project 0232,2026-06-01,69.67,11478.47,7988.66
Project 0232,2026-07-01,94.89,13193.65,9573.18
Project 0232,2026-08-01,91.03,14032.28,9639.68
Project 0233,2024-09-01,401.91,79327.88,56583.2
Project 0233,2024-10-01,354.93,79647.38,58248.61
Project 0233,2024-11-01,325.49,85213.1,52509.22
Project 0233,2024-12-01,277.38,91242.1,55274.78
Project 0233,2025-01-01,404.94,89132.26,55299.72
Project 0233,2025-02-01,329.84,94394.75,54195.3
Project 0233,2025-03-01,398.74,113154.67,74476.6
Project 0233,2025-04-01,371.4,95401.51,58699.24
Project 0233,2025-05-01,333.49,80684.76,60255.02
Project 0233,2025-06-01,352.59,85246.21,47030.7
Project 0233,2025-07-01,361.8,83162.94,50686.38
Project 0233,2025-08-01,333.78,110230.12,65212.88
Project 0233,2025-09-01,393.96,97792.6,54165.75
Project 0233,2025-10-01,390.63,96408.54,55022.06
Project 0233,2025-11-01,311.85,110130.44,64329.47
Project 0233,2025-12-01,297.99,99300.76,68114.39
Project 0233,2026-01-01,287.92,95876.0,70228.98
Project 0233,2026-02-01,355.42,102200.35,63861.74
Project 0233,2026-03-01,380.42,83606.03,59588.62
Project 0233,2026-04-01,347.46,83293.75,53888.49
Project 0233,2026-05-01,393.09,91033.86,51880.74
Project 0233,2026-06-01,271.15,86029.31,53733.66
Project 0233,2026-07-01,405.11,89005.22,62229.07
Project 0233,2026-08-01,385.6,81865.65,56084.52
Project 0234,2024-09-01,42.72,6931.6,3972.03
Project 0234,2024-10-01,62.11,6845.79,4402.27
Project 0234,2024-11-01,61.45,8650.5,5254.5
Project 0234,2024-12-01,45.17,8453.32,4710.39
Project 0234,2025-01-01,50.62,7813.94,4812.49
Project 0234,2025-02-01,62.92,8026.33,4931.66
Project 0234,2025-03-01,55.27,7048.48,4797.45
Project 0234,2025-04-01,64.44,6718.81,4574.72
Project 0234,2025-05-01,64.23,7858.82,5748.36
Project 0234,2025-06-01,45.86,6536.96,4591.49
Project 0234,2025-07-01,58.48,8754.4,5535.08
Project 0234,2025-08-01,47.89,8016.25,6008.93
Project 0234,2025-09-01,64.9,7334.85,4666.13
Project 0234,2025-10-01,50.47,8676.8,6092.06
Project 0234,2025-11-01,57.98,8738.53,5990.37
Project 0234,2025-12-01,53.83,6448.77,4690.52
Project 0234,2026-01-01,61.43,6821.41,4673.64
Project 0234,2026-02-01,49.19,6773.02,4304.34
Project 0234,2026-03-01,64.45,6508.83,4542.32
Project 0234,2026-04-01,49.6,7156.33,4922.96
Project 0234,2026-05-01,47.9,7316.32,4653.4
Project 0234,2026-06-01,44.01,8523.34,5315.76
Project 0234,2026-07-01,42.71,8769.14,6385.05
Project 0234,2026-08-01,46.94,7182.98,3972.16
Project 0235,2024-09-01,77.9,7521.11,4174.83
Project 0235,2024-10-01,72.75,8368.03,5760.92
Project 0235,2024-11-01,106.91,9909.95,6538.84
Project 0235,2024-12-01,71.16,10317.26,5951.03
Project 0235,2025-01-01,102.92,8231.79,5985.15
Project 0235,2025-02-01,86.47,9269.09,6332.35
Project 0235,2025-03-01,89.49,7873.43,5129.61
Project 0235,2025-04-01,72.31,7630.75,5341.69
Project 0235,2025-05-01,84.4,9002.78,5738.79
Project 0235,2025-06-01,86.54,10352.99,5908.41
Project 0235,2025-07-01,97.2,8775.82,4847.96
Project 0235,2025-08-01,86.88,8356.83,5371.29
Project 0235,2025-09-01,97.97,8258.98,6102.9
Project 0235,2025-10-01,97.86,10213.48,6652.83
Project 0235,2025-11-01,104.82,9932.0,7110.47
Project 0235,2025-12-01,71.96,7799.84,5823.67
Project 0235,2026-01-01,93.81,10359.22,7755.04
Project 0235,2026-02-01,91.9,9755.59,6125.2
Project 0235,2026-03-01,91.84,9188.42,6879.93
Project 0235,2026-04-01,104.82,8861.55,6315.85
Project 0235,2026-05-01,74.46,7523.93,5131.03
Project 0235,2026-06-01,97.59,8123.07,4702.65
Project 0235,2026-07-01,75.09,8563.44,5193.03
Project 0235,2026-08-01,110.27,7577.85,4766.56
Project 0236,2024-09-01,269.21,82074.17,60071.12
Project 0236,2024-10-01,250.19,70582.17,40989.89
Project 0236,2024-11-01,259.89,61307.61,34100.77
Project 0236,2024-12-01,239.63,83906.25,53190.07
Project 0236,2025-01-01,244.69,62506.25,41418.04
Project 0236,2025-02-01,214.48,77179.4,43471.45
Project 0236,2025-03-01,204.3,66977.0,36953.61
Project 0236,2025-04-01,205.86,59112.08,41113.91
Project 0236,2025-05-01,196.78,74936.7,50248.99
Project 0236,2025-06-01,224.83,75537.63,49422.06
Project 0236,2025-07-01,185.34,68387.67,42885.68
Project 0236,2025-08-01,231.7,67758.93,48871.27
Project 0236,2025-09-01,243.35,68532.59,48820.29
Project 0236,2025-10-01,262.34,64318.69,36281.47
Project 0236,2025-11-01,189.32,82087.84,50683.82
Project 0236,2025-12-01,262.74,74452.31,44756.28
Project 0236,2026-01-01,243.42,78530.1,45699.94
Project 0236,2026-02-01,220.77,71213.25,43505.77
Project 0236,2026-03-01,264.74,78951.1,54737.94
Project 0236,2026-04-01,178.13,83922.4,46782.09
Project 0236,2026-05-01,261.96,81885.4,46791.29
Project 0236,2026-06-01,255.78,68070.85,39188.94
Project 0236,2026-07-01,240.51,65752.56,49076.39
Project 0236,2026-08-01,250.04,79394.51,49108.09
Project 0237,2024-09-01,139.3,65551.64,49062.35
Project 0237,2024-10-01,178.6,61531.01,44624.4
Project 0237,2024-11-01,203.81,50862.8,31628.11
Project 0237,2024-12-01,141.69,58394.88,42139.9
Project 0237,2025-01-01,132.34,70211.49,39398.83
Project 0237,2025-02-01,140.03,71268.08,48047.91
Project 0237,2025-03-01,195.87,64624.27,42944.82
Project 0237,2025-04-01,203.69,60495.09,36040.74
Project 0237,2025-05-01,137.18,56684.99,42233.91
Project 0237,2025-06-01,131.75,66552.96,45978.97
Project 0237,2025-07-01,203.18,59830.57,36226.06
Project 0237,2025-08-01,177.75,66640.29,36812.76
Project 0237,2025-09-01,141.28,70531.29,48152.96
Project 0237,2025-10-01,178.01,68091.92,38773.09
Project 0237,2025-11-01,148.55,72532.32,49000.88
Project 0237,2025-12-01,201.07,68573.03,45998.93
Project 0237,2026-01-01,193.39,56603.5,32979.69
Project 0237,2026-02-01,198.74,51336.96,34143.07
Project 0237,2026-03-01,174.19,52390.37,30334.18
Project 0237,2026-04-01,139.55,51539.45,36336.42
Project 0237,2026-05-01,176.02,67649.56,40039.45
Project 0237,2026-06-01,161.35,67278.24,43875.55
Project 0237,2026-07-01,165.07,70807.63,47814.5
Project 0237,2026-08-01,164.59,72233.65,47829.19
Project 0238,2024-09-01,175.71,19950.27,13913.0
Project 0238,2024-10-01,173.32,20938.85,11572.23
Project 0238,2024-11-01,205.8,22831.64,13384.06
Project 0238,2024-12-01,209.0,17859.06,10314.02
Project 0238,2025-01-01,224.95,16147.14,11192.7
Project 0238,2025-02-01,159.63,18040.04,11676.49
Project 0238,2025-03-01,189.58,17807.77,10770.03
Project 0238,2025-04-01,188.62,17106.29,12709.61
Project 0238,2025-05-01,184.12,17738.55,10924.26
Project 0238,2025-06-01,228.92,19226.49,12120.85
Project 0238,2025-07-01,164.62,21491.53,15666.93
Project 0238,2025-08-01,157.93,17176.05,9990.81
Project 0238,2025-09-01,199.35,17213.9,11016.68
Project 0238,2025-10-01,158.96,20864.04,13552.06
Project 0238,2025-11-01,210.14,18199.01,10168.51
Project 0238,2025-12-01,192.18,16130.83,11489.47
Project 0238,2026-01-01,155.94,20552.77,12037.65
Project 0238,2026-02-01,191.81,17464.01,11654.49
Project 0238,2026-03-01,188.23,17392.61,11597.2
Project 0238,2026-04-01,167.1,18553.26,12028.68
Project 0238,2026-05-01,230.75,18140.08,12791.03
Project 0238,2026-06-01,167.94,17210.6,10662.58
Project 0238,2026-07-01,236.73,18753.02,11445.42
Project 0238,2026-08-01,199.07,21918.58,15937.54
Project 0239,2024-09-01,239.28,43256.45,28279.32
Project 0239,2024-10-01,195.1,45259.54,33106.0
Project 0239,2024-11-01,213.03,42312.79,31583.87
Project 0239,2024-12-01,245.48,45573.86,27562.18
Project 0239,2025-01-01,242.65,47191.48,31667.53
Project 0239,2025-02-01,186.12,46439.45,26832.86
Project 0239,2025-03-01,175.85,41254.96,28168.78
Project 0239,2025-04-01,181.92,36578.86,23114.15
Project 0239,2025-05-01,186.93,39839.51,22242.68
Project 0239,2025-06-01,244.26,39088.17,28332.67
Project 0239,2025-07-01,221.4,34505.67,20795.9
Project 0239,2025-08-01,261.19,38517.41,23896.78
Project 0239,2025-09-01,190.71,38382.93,28480.28
Project 0239,2025-10-01,225.85,39702.51,25434.76
Project 0239,2025-11-01,249.21,36755.18,20424.64
Project 0239,2025-12-01,228.18,43086.91,24941.12
Project 0239,2026-01-01,234.5,35495.36,21738.34
Project 0239,2026-02-01,176.09,36940.78,25980.32
Project 0239,2026-03-01,250.13,45872.95,29505.8
Project 0239,2026-04-01,193.91,40824.13,23864.6
Project 0239,2026-05-01,248.04,45009.02,31752.6
Project 0239,2026-06-01,254.48,39802.0,29264.28
Project 0239,2026-07-01,192.2,37847.21,24330.18
Project 0239,2026-08-01,256.38,35689.68,22041.88
Project 0240,2024-09-01,167.96,22871.03,14934.73
Project 0240,2024-10-01,196.35,19517.39,11408.32
Project 0240,2024-11-01,182.05,24272.24,14054.42
Project 0240,2024-12-01,160.3,25723.96,17383.65
Project 0240,2025-01-01,161.53,23398.59,13533.85
Project 0240,2025-02-01,167.03,24274.21,13926.99
Project 0240,2025-03-01,175.7,23863.19,15742.48
Project 0240,2025-04-01,150.62,18990.13,10637.98
Project 0240,2025-05-01,190.29,22083.25,12155.74
Project 0240,2025-06-01,182.65,20397.37,11258.78
Project 0240,2025-07-01,169.11,18347.8,12987.31
Project 0240,2025-08-01,181.2,24472.02,15226.52
Project 0240,2025-09-01,126.28,25320.87,15507.46
Project 0240,2025-10-01,137.22,20961.17,12938.18
Project 0240,2025-11-01,162.63,22948.65,14087.84
Project 0240,2025-12-01,176.56,24254.82,14701.8
Project 0240,2026-01-01,145.95,20849.61,12004.58
Project 0240,2026-02-01,128.67,24282.43,14086.63
Project 0240,2026-03-01,184.48,19108.05,10677.61
Project 0240,2026-04-01,128.54,23577.93,16676.4
Project 0240,2026-05-01,160.23,25560.54,18171.2
Project 0240,2026-06-01,182.35,23911.85,16818.52
Project 0240,2026-07-01,161.14,19907.72,14773.17
Project 0240,2026-08-01,194.88,21011.88,14007.2
Project 0241,2024-09-01,23.19,2778.92,1981.84
Project 0241,2024-10-01,17.18,2710.74,1875.19
Project 0241,2024-11-01,22.88,3279.16,1927.11
Project 0241,2024-12-01,25.62,2563.1,1416.66
Project 0241,2025-01-01,18.39,2867.06,1739.02
Project 0241,2025-02-01,18.97,2622.51,1857.97
Project 0241,2025-03-01,20.19,2648.03,1696.33
Project 0241,2025-04-01,23.49,3224.67,1813.39
Project 0241,2025-05-01,22.31,2351.71,1710.66
Project 0241,2025-06-01,19.25,2638.97,1846.32
Project 0241,2025-07-01,22.3,2921.02,1693.78
Project 0241,2025-08-01,19.57,2489.98,1472.5
Project 0241,2025-09-01,17.04,3294.62,2224.56
Project 0241,2025-10-01,19.97,2835.55,2062.91
Project 0241,2025-11-01,26.48,2989.87,1745.28
Project 0241,2025-12-01,18.2,2400.88,1449.79
Project 0241,2026-01-01,25.17,2733.58,1658.51
Project 0241,2026-02-01,21.32,3237.77,2199.79
Project 0241,2026-03-01,18.36,2579.45,1867.24
Project 0241,2026-04-01,24.31,2422.77,1614.04
Project 0241,2026-05-01,23.77,3183.04,1929.98
Project 0241,2026-06-01,16.98,2893.03,1866.13
Project 0241,2026-07-01,20.99,2399.0,1372.04
Project 0241,2026-08-01,21.9,3278.47,2401.95
Project 0242,2024-09-01,166.74,10577.5,6466.99
Project 0242,2024-10-01,183.18,12453.99,9290.73
Project 0242,2024-11-01,188.43,11604.63,7981.03
Project 0242,2024-12-01,161.48,14835.15,11009.93
Project 0242,2025-01-01,131.19,14564.96,8916.05
Project 0242,2025-02-01,162.16,11588.91,8234.62
Project 0242,2025-03-01,172.96,13955.24,8722.76
Project 0242,2025-04-01,136.91,11114.93,7761.95
Project 0242,2025-05-01,137.78,11151.12,7079.96
Project 0242,2025-06-01,137.06,10805.48,6266.68
Project 0242,2025-07-01,135.58,14834.73,10715.93
Project 0242,2025-08-01,182.94,11001.1,7369.49
Project 0242,2025-09-01,182.78,14369.04,9616.84
Project 0242,2025-10-01,163.09,14680.62,10166.52
Project 0242,2025-11-01,186.04,12381.82,8850.93
Project 0242,2025-12-01,162.46,11239.01,8197.35
Project 0242,2026-01-01,189.43,14109.47,8412.91
Project 0242,2026-02-01,157.63,12159.0,7253.25
Project 0242,2026-03-01,159.75,12280.84,7224.42
Project 0242,2026-04-01,130.93,11651.35,8070.62
Project 0242,2026-05-01,137.59,12131.92,7903.52
Project 0242,2026-06-01,186.69,10787.77,6568.61
Project 0242,2026-07-01,156.96,14537.5,10467.44
Project 0242,2026-08-01,134.45,11607.25,8355.85
Project 0243,2024-09-01,205.52,22950.77,14204.62
Project 0243,2024-10-01,218.81,27867.39,20798.21
Project 0243,2024-11-01,174.34,24299.96,18134.52
Project 0243,2024-12-01,147.8,28908.41,19215.13
Project 0243,2025-01-01,225.92,22659.79,13092.48
Project 0243,2025-02-01,198.85,26132.78,19270.65
Project 0243,2025-03-01,164.32,28777.33,19123.25
Project 0243,2025-04-01,204.66,29753.87,20460.77
Project 0243,2025-05-01,170.64,27929.0,19434.41
Project 0243,2025-06-01,179.33,23133.84,16841.11
Project 0243,2025-07-01,178.2,21169.26,12772.77
Project 0243,2025-08-01,213.13,22819.11,15729.2
Project 0243,2025-09-01,184.79,22029.57,14173.41
Project 0243,2025-10-01,209.93,22304.16,13902.96
Project 0243,2025-11-01,159.9,27993.64,17160.51
Project 0243,2025-12-01,155.9,21869.17,15890.95
Project 0243,2026-01-01,151.97,21997.23,16235.62
Project 0243,2026-02-01,152.39,26927.83,20043.55
Project 0243,2026-03-01,207.18,22346.16,12446.15
Project 0243,2026-04-01,189.1,26731.61,15814.44
Project 0243,2026-05-01,194.89,26902.5,19091.91
Project 0243,2026-06-01,186.08,29040.18,18819.75
Project 0243,2026-07-01,204.12,26704.55,16589.78
Project 0243,2026-08-01,192.26,25630.29,19163.15
Project 0244,2024-09-01,86.01,37242.72,24863.16
Project 0244,2024-10-01,113.6,40246.94,28577.34
Project 0244,2024-11-01,90.83,41137.49,26801.66
Project 0244,2024-12-01,87.76,39729.68,24803.89
Project 0244,2025-01-01,109.79,40398.01,30065.81
Project 0244,2025-02-01,86.73,42534.24,31053.82
Project 0244,2025-03-01,107.17,30850.36,18325.73
Project 0244,2025-04-01,117.47,33517.69,20198.77
Project 0244,2025-05-01,84.0,38350.45,21809.06
Project 0244,2025-06-01,103.44,34023.25,20399.97
Project 0244,2025-07-01,107.12,33515.85,19122.77
Project 0244,2025-08-01,117.27,35417.71,22291.7
Project 0244,2025-09-01,108.4,35253.05,24881.68
Project 0244,2025-10-01,119.72,39600.27,22346.04
Project 0244,2025-11-01,117.64,42356.4,30514.73
Project 0244,2025-12-01,114.18,35511.29,21099.62
Project 0244,2026-01-01,84.31,39886.05,28441.64
Project 0244,2026-02-01,80.51,37590.3,27405.73
Project 0244,2026-03-01,104.83,37116.28,22518.52
Project 0244,2026-04-01,99.99,40922.67,25954.14
Project 0244,2026-05-01,106.88,36550.2,25183.44
Project 0244,2026-06-01,93.03,34259.92,22695.4
Project 0244,2026-07-01,108.72,41606.65,26132.43
Project 0244,2026-08-01,99.05,33993.64,24611.34
Project 0245,2024-09-01,90.14,25005.26,15225.76
Project 0245,2024-10-01,64.55,27181.87,19824.23
Project 0245,2024-11-01,66.36,34852.73,22806.34
Project 0245,2024-12-01,91.9,26573.49,18151.77
Project 0245,2025-01-01,68.39,28148.92,20161.5
Project 0245,2025-02-01,64.36,32258.95,21793.32
Project 0245,2025-03-01,85.75,33741.61,21423.99
Project 0245,2025-04-01,86.81,31274.45,21204.3
Project 0245,2025-05-01,70.65,35449.93,23915.18
Project 0245,2025-06-01,71.8,26959.5,18436.29
Project 0245,2025-07-01,69.93,34893.12,25907.9
Project 0245,2025-08-01,78.44,28391.32,16487.87
Project 0245,2025-09-01,85.96,31622.31,20189.39
Project 0245,2025-10-01,86.93,30099.31,20067.19
Project 0245,2025-11-01,96.5,28989.54,19815.28
Project 0245,2025-12-01,75.83,27149.27,19210.16
Project 0245,2026-01-01,91.59,26049.83,16196.96
Project 0245,2026-02-01,74.39,30923.23,23108.66
Project 0245,2026-03-01,98.12,34782.89,20416.0
Project 0245,2026-04-01,83.72,34083.76,23571.37
Project 0245,2026-05-01,90.19,27281.12,19993.06
Project 0245,2026-06-01,72.66,27825.79,15885.27
Project 0245,2026-07-01,83.74,27818.44,19933.11
Project 0245,2026-08-01,86.86,27949.15,18052.86
Project 0246,2024-09-01,324.66,68751.2,40122.68
Project 0246,2024-10-01,267.97,78125.25,54390.5
Project 0246,2024-11-01,394.73,65790.31,47022.6
Project 0246,2024-12-01,312.58,70227.05,42265.32
Project 0246,2025-01-01,306.04,81531.36,57156.51
Project 0246,2025-02-01,270.84,61535.61,38336.37
Project 0246,2025-03-01,337.7,63952.77,35824.19
Project 0246,2025-04-01,360.71,84005.7,49836.49
Project 0246,2025-05-01,316.25,73964.71,51403.47
Project 0246,2025-06-01,256.09,71767.19,43401.01
Project 0246,2025-07-01,391.33,73494.78,53374.24
Project 0246,2025-08-01,355.24,65888.95,48584.21
Project 0246,2025-09-01,354.91,61278.99,39332.94
Project 0246,2025-10-01,338.34,79211.11,59165.4
Project 0246,2025-11-01,364.27,68757.51,41043.28
Project 0246,2025-12-01,391.46,72677.87,51109.06
Project 0246,2026-01-01,340.32,69478.75,38903.82
Project 0246,2026-02-01,354.54,68158.73,45258.67
Project 0246,2026-03-01,350.59,73587.64,46337.53
Project 0246,2026-04-01,314.7,61742.71,45098.47
Project 0246,2026-05-01,310.1,83921.64,46529.87
Project 0246,2026-06-01,357.82,78037.91,47513.28
Project 0246,2026-07-01,393.82,73774.35,49079.76
Project 0246,2026-08-01,341.49,70420.26,41266.59
Project 0247,2024-09-01,130.71,18063.02,10798.79
Project 0247,2024-10-01,112.09,18873.77,13776.69
Project 0247,2024-11-01,87.66,22294.95,15352.44
Project 0247,2024-12-01,108.76,20278.65,13958.03
Project 0247,2025-01-01,133.48,18041.06,12250.99
Project 0247,2025-02-01,114.85,19272.59,11434.32
Project 0247,2025-03-01,86.9,21222.01,13120.22
Project 0247,2025-04-01,125.0,22048.3,13241.86
Project 0247,2025-05-01,111.34,20535.59,13025.54
Project 0247,2025-06-01,119.88,18275.13,10973.71
Project 0247,2025-07-01,111.34,23236.84,16825.69
Project 0247,2025-08-01,124.96,18728.05,10726.17
Project 0247,2025-09-01,104.43,22188.69,14289.47
Project 0247,2025-10-01,86.43,17827.18,12180.23
Project 0247,2025-11-01,115.93,20886.74,12552.94
Project 0247,2025-12-01,126.09,18353.95,12889.07
Project 0247,2026-01-01,116.68,19062.77,13641.89
Project 0247,2026-02-01,85.8,23075.49,16445.73
Project 0247,2026-03-01,120.62,19161.64,11962.23
Project 0247,2026-04-01,117.12,21021.44,13264.5
Project 0247,2026-05-01,121.01,20342.06,13125.94
Project 0247,2026-06-01,86.15,16716.29,11404.89
Project 0247,2026-07-01,123.89,22773.17,13939.0
Project 0247,2026-08-01,96.96,20039.26,14985.96
Project 0248,2024-09-01,281.76,30427.02,20879.81
Project 0248,2024-10-01,234.31,37782.3,23054.91
Project 0248,2024-11-01,308.04,34113.31,19240.09
Project 0248,2024-12-01,296.3,35249.66,25222.03
Project 0248,2025-01-01,252.98,29969.13,21238.15
Project 0248,2025-02-01,330.59,35725.15,25235.77
Project 0248,2025-03-01,263.85,28556.8,17191.68
Project 0248,2025-04-01,291.02,38482.2,22019.96
Project 0248,2025-05-01,341.02,30774.42,22139.53
Project 0248,2025-06-01,278.15,38072.94,25823.67
Project 0248,2025-07-01,251.14,30638.14,16985.18
Project 0248,2025-08-01,306.23,29984.09,21913.64
Project 0248,2025-09-01,347.02,28908.36,17896.5
Project 0248,2025-10-01,275.09,32414.55,20476.97
Project 0248,2025-11-01,318.48,30411.33,21337.7
Project 0248,2025-12-01,272.01,37150.1,26113.75
Project 0248,2026-01-01,352.21,34934.14,22181.68
Project 0248,2026-02-01,323.92,39171.98,27626.25
Project 0248,2026-03-01,292.31,27621.17,18110.3
Project 0248,2026-04-01,268.21,27799.17,20602.76
Project 0248,2026-05-01,251.9,32405.98,21150.34
Project 0248,2026-06-01,294.73,27717.49,18538.95
Project 0248,2026-07-01,326.8,31588.4,18231.02
Project 0248,2026-08-01,351.89,37808.18,20803.84
Project 0249,2024-09-01,64.75,8249.1,5298.24
Project 0249,2024-10-01,63.06,6656.35,4926.27
Project 0249,2024-11-01,55.36,6582.81,3939.02
Project 0249,2024-12-01,76.92,7482.08,4973.91
Project 0249,2025-01-01,62.87,6669.02,4188.68
Project 0249,2025-02-01,64.88,6149.79,3537.37
Project 0249,2025-03-01,65.98,8247.84,5929.55
Project 0249,2025-04-01,77.29,8547.91,4873.04
Project 0249,2025-05-01,73.06,8518.31,6009.93
Project 0249,2025-06-01,55.38,6264.65,4667.37
Project 0249,2025-07-01,55.08,6589.62,4101.84
Project 0249,2025-08-01,63.89,8435.35,6192.53
Project 0249,2025-09-01,56.73,6908.59,4483.95
Project 0249,2025-10-01,61.46,7649.9,4736.86
Project 0249,2025-11-01,58.12,6601.98,4519.87
Project 0249,2025-12-01,52.51,7002.29,4044.74
Project 0249,2026-01-01,76.76,7008.89,4386.21
Project 0249,2026-02-01,62.22,6186.9,4230.38
Project 0249,2026-03-01,58.23,7592.2,5220.53
Project 0249,2026-04-01,55.17,7689.84,4478.78
Project 0249,2026-05-01,69.15,7469.82,5545.46
Project 0249,2026-06-01,72.18,7139.55,4093.13
Project 0249,2026-07-01,68.4,8372.73,5658.34
Project 0249,2026-08-01,51.36,6402.59,4419.65
Project 0250,2024-09-01,296.56,34879.22,20491.54
Project 0250,2024-10-01,375.31,34598.91,21949.58
Project 0250,2024-11-01,346.14,37042.72,26627.34
Project 0250,2024-12-01,353.52,46637.72,30937.16
Project 0250,2025-01-01,357.65,36913.58,25825.62
Project 0250,2025-02-01,324.23,40323.99,26872.18
Project 0250,2025-03-01,416.8,46921.9,33025.9
Project 0250,2025-04-01,314.67,37189.53,26691.2
Project 0250,2025-05-01,372.19,35812.05,22840.42
Project 0250,2025-06-01,348.32,39973.41,29180.19
Project 0250,2025-07-01,400.2,34444.28,24696.64
Project 0250,2025-08-01,348.01,46867.04,30464.19
Project 0250,2025-09-01,348.94,47134.39,30670.81
Project 0250,2025-10-01,281.5,38003.09,24193.18
Project 0250,2025-11-01,385.51,42689.47,23534.78
Project 0250,2025-12-01,354.3,44808.28,29311.3
Project 0250,2026-01-01,321.44,47140.91,33108.5
Project 0250,2026-02-01,387.23,41523.6,26307.83
Project 0250,2026-03-01,362.79,37233.05,23270.22
Project 0250,2026-04-01,409.1,36415.83,23494.27
Project 0250,2026-05-01,351.4,45479.85,30078.53
Project 0250,2026-06-01,426.84,47627.74,28783.25
Project 0250,2026-07-01,338.18,45789.62,25836.78
Project 0250,2026-08-01,430.87,41538.18,30940.24
Project 0251,2024-09-01,50.68,12621.2,8968.21
Project 0251,2024-10-01,48.41,13888.88,8994.88
Project 0251,2024-11-01,50.48,13151.9,7924.68
Project 0251,2024-12-01,38.99,13740.82,9534.13
Project 0251,2025-01-01,44.09,14359.67,9634.09
Project 0251,2025-02-01,53.23,12782.35,8219.33
Project 0251,2025-03-01,37.72,13877.27,8098.65
Project 0251,2025-04-01,44.35,16775.08,11649.24
Project 0251,2025-05-01,48.11,12380.78,9091.26
Project 0251,2025-06-01,46.82,13528.99,9984.99
Project 0251,2025-07-01,36.43,15723.2,9838.75
Project 0251,2025-08-01,52.49,12408.29,8367.31
Project 0251,2025-09-01,35.57,16963.56,10765.37
Project 0251,2025-10-01,42.22,12505.56,7282.96
Project 0251,2025-11-01,51.64,13679.84,7963.58
Project 0251,2025-12-01,53.7,14437.85,10824.86
Project 0251,2026-01-01,53.98,13270.92,7992.78
Project 0251,2026-02-01,52.82,14123.2,9988.42
Project 0251,2026-03-01,51.26,16446.12,9818.53
Project 0251,2026-04-01,42.92,14883.27,9554.2
Project 0251,2026-05-01,41.52,12765.04,9210.35
Project 0251,2026-06-01,47.44,16655.78,10820.48
Project 0251,2026-07-01,47.41,15689.28,11715.73
Project 0251,2026-08-01,44.2,12954.1,9503.75
Project 0252,2024-09-01,366.96,58353.93,33667.99
Project 0252,2024-10-01,381.64,56534.65,39836.19
Project 0252,2024-11-01,319.33,50108.71,27800.2
Project 0252,2024-12-01,312.33,51870.29,30470.03
Project 0252,2025-01-01,358.26,49630.67,30020.47
Project 0252,2025-02-01,440.45,44080.84,25405.03
Project 0252,2025-03-01,335.83,48071.15,34768.3
Project 0252,2025-04-01,306.28,49152.18,27134.57
Project 0252,2025-05-01,402.78,54838.83,34743.51
Project 0252,2025-06-01,346.75,43978.48,29376.59
Project 0252,2025-07-01,298.8,54510.51,36045.7
Project 0252,2025-08-01,386.89,46710.08,31745.48
Project 0252,2025-09-01,353.08,58278.57,38319.21
Project 0252,2025-10-01,332.84,46565.87,26039.95
Project 0252,2025-11-01,296.44,46891.4,34830.15
Project 0252,2025-12-01,314.31,53057.71,30420.81
Project 0252,2026-01-01,336.29,48423.96,29337.7
Project 0252,2026-02-01,435.2,50212.13,33321.28
Project 0252,2026-03-01,417.83,51179.13,28189.72
Project 0252,2026-04-01,367.1,45274.44,31287.44
Project 0252,2026-05-01,312.76,50519.03,37181.84
Project 0252,2026-06-01,414.83,47668.06,34715.82
Project 0252,2026-07-01,424.16,47992.32,33218.11
Project 0252,2026-08-01,327.08,58163.28,42823.04
Project 0253,2024-09-01,269.54,74116.13,47221.83
Project 0253,2024-10-01,193.86,77665.33,48766.8
Project 0253,2024-11-01,209.81,84330.8,50016.86
Project 0253,2024-12-01,228.9,84652.05,54048.05
Project 0253,2025-01-01,250.21,99445.05,55101.17
Project 0253,2025-02-01,266.24,88421.98,49629.74
Project 0253,2025-03-01,233.25,85380.08,63249.91
Project 0253,2025-04-01,264.91,87053.31,53153.05
Project 0253,2025-05-01,219.63,96625.04,61453.98
Project 0253,2025-06-01,283.61,87173.05,48877.12
Project 0253,2025-07-01,260.23,78263.59,52085.63
Project 0253,2025-08-01,216.09,79986.88,49868.77
Project 0253,2025-09-01,272.13,86254.56,47678.34
Project 0253,2025-10-01,229.21,100367.48,59829.01
Project 0253,2025-11-01,255.34,88085.09,49235.2
Project 0253,2025-12-01,266.06,94622.27,55187.16
Project 0253,2026-01-01,207.04,77349.81,54866.21
Project 0253,2026-02-01,269.78,80632.25,53064.47
Project 0253,2026-03-01,244.11,96242.47,59396.41
Project 0253,2026-04-01,261.24,100767.67,65177.64
Project 0253,2026-05-01,250.7,92152.32,57284.02
Project 0253,2026-06-01,219.17,85416.77,64054.35
Project 0253,2026-07-01,195.2,90343.91,59068.79
Project 0253,2026-08-01,216.03,73632.39,47065.25
Project 0254,2024-09-01,355.68,33802.1,25231.39
Project 0254,2024-10-01,298.53,28573.52,20384.97
Project 0254,2024-11-01,326.24,30247.37,21951.24
Project 0254,2024-12-01,271.07,35338.99,25960.96
Project 0254,2025-01-01,321.71,37988.42,23656.67
Project 0254,2025-02-01,269.56,36890.16,22155.89
Project 0254,2025-03-01,358.41,33571.27,23864.62
Project 0254,2025-04-01,287.29,36145.75,22135.3
Project 0254,2025-05-01,302.39,37657.36,26836.56
Project 0254,2025-06-01,326.68,33244.52,24054.01
Project 0254,2025-07-01,230.09,32089.45,19285.29
Project 0254,2025-08-01,318.02,38364.74,26757.25
Project 0254,2025-09-01,319.81,31297.11,21258.76
Project 0254,2025-10-01,354.7,29536.1,18336.16
Project 0254,2025-11-01,276.48,31345.04,17814.76
Project 0254,2025-12-01,259.45,34889.2,24794.45
Project 0254,2026-01-01,288.14,32122.6,21820.38
Project 0254,2026-02-01,258.47,36530.26,27151.44
Project 0254,2026-03-01,229.05,34857.54,22069.16
Project 0254,2026-04-01,333.89,32633.97,19940.27
Project 0254,2026-05-01,237.51,31368.29,19031.43
Project 0254,2026-06-01,311.13,35991.95,20381.48
Project 0254,2026-07-01,277.49,28772.79,20105.03
Project 0254,2026-08-01,230.22,37381.88,23019.84
Project 0255,2024-09-01,336.28,26967.99,17536.78
Project 0255,2024-10-01,270.43,25429.89,16206.14
Project 0255,2024-11-01,226.33,29413.38,18468.38
Project 0255,2024-12-01,256.94,29180.11,19502.53
Project 0255,2025-01-01,317.02,26301.42,14784.54
Project 0255,2025-02-01,242.83,31880.98,18545.47
Project 0255,2025-03-01,330.99,31111.55,17689.86
Project 0255,2025-04-01,255.68,31789.0,21417.02
Project 0255,2025-05-01,269.24,23428.6,14997.7
Project 0255,2025-06-01,287.52,28715.1,18443.67
Project 0255,2025-07-01,244.52,32295.74,18783.16
Project 0255,2025-08-01,230.56,29845.5,19297.45
Project 0255,2025-09-01,260.32,27562.99,20288.81
Project 0255,2025-10-01,257.59,25557.7,15254.37
Project 0255,2025-11-01,267.14,24196.79,16603.29
Project 0255,2025-12-01,323.93,30131.54,17762.81
Project 0255,2026-01-01,344.31,23100.59,12771.54
Project 0255,2026-02-01,325.88,32306.08,23661.45
Project 0255,2026-03-01,246.06,26599.03,17855.74
Project 0255,2026-04-01,237.68,30122.47,21372.62
Project 0255,2026-05-01,283.27,24821.79,17903.87
Project 0255,2026-06-01,251.71,24670.84,13878.69
Project 0255,2026-07-01,239.66,24205.01,14297.55
Project 0255,2026-08-01,324.13,25594.09,18764.38
Project 0256,2024-09-01,35.94,13407.87,7974.49
Project 0256,2024-10-01,46.44,15051.11,11189.62
Project 0256,2024-11-01,47.85,11456.5,7460.0
Project 0256,2024-12-01,44.51,15880.33,10152.83
Project 0256,2025-01-01,49.43,14700.7,8915.97
Project 0256,2025-02-01,41.77,11919.89,7067.35
Project 0256,2025-03-01,52.45,13523.73,8990.9
Project 0256,2025-04-01,46.45,14838.91,10597.06
Project 0256,2025-05-01,46.09,16086.7,10379.45
Project 0256,2025-06-01,40.38,12967.34,7999.5
Project 0256,2025-07-01,46.77,13000.38,8678.3
Project 0256,2025-08-01,52.04,12390.4,7874.66
Project 0256,2025-09-01,46.93,14203.81,9555.41
Project 0256,2025-10-01,48.75,12933.57,7398.4
Project 0256,2025-11-01,38.71,14218.3,9571.08
Project 0256,2025-12-01,48.26,12470.08,7426.02
Project 0256,2026-01-01,49.97,15819.06,9847.03
Project 0256,2026-02-01,46.91,13305.97,7558.78
Project 0256,2026-03-01,36.09,11787.36,7809.07
Project 0256,2026-04-01,38.8,12126.46,8238.5
Project 0256,2026-05-01,36.93,11462.15,8435.98
Project 0256,2026-06-01,39.33,14689.38,8212.25
Project 0256,2026-07-01,37.75,14303.23,10613.5
Project 0256,2026-08-01,52.12,14805.84,10656.95
Project 0257,2024-09-01,26.53,3188.21,2271.35
Project 0257,2024-10-01,19.87,3297.77,2124.06
Project 0257,2024-11-01,27.03,2782.36,1909.05
Project 0257,2024-12-01,26.09,3775.33,2680.59
Project 0257,2025-01-01,22.92,2940.93,2156.89
Project 0257,2025-02-01,26.38,3501.6,2103.78
Project 0257,2025-03-01,28.92,3436.41,2048.65
Project 0257,2025-04-01,23.51,3445.1,1976.64
Project 0257,2025-05-01,21.02,3511.12,2108.71
Project 0257,2025-06-01,27.33,3533.56,2123.09
Project 0257,2025-07-01,21.55,3715.52,2781.9
Project 0257,2025-08-01,23.5,3481.69,2005.7
Project 0257,2025-09-01,21.32,3001.07,2023.82
Project 0257,2025-10-01,22.43,3042.92,2134.38
Project 0257,2025-11-01,25.63,2897.54,1706.41
Project 0257,2025-12-01,26.05,3455.09,2451.84
Project 0257,2026-01-01,21.5,2710.87,1574.73
Project 0257,2026-02-01,20.32,2851.43,1888.83
Project 0257,2026-03-01,28.44,3315.34,2100.42
Project 0257,2026-04-01,30.06,3245.04,2129.94
Project 0257,2026-05-01,30.11,3292.47,2465.49
Project 0257,2026-06-01,26.15,3120.27,2016.2
Project 0257,2026-07-01,29.48,3461.9,2118.45
Project 0257,2026-08-01,26.37,3574.93,2166.54
Project 0258,2024-09-01,162.99,25750.3,14782.72
Project 0258,2024-10-01,162.88,27388.32,18030.02
Project 0258,2024-11-01,202.95,25839.35,18722.61
Project 0258,2024-12-01,171.87,23476.41,14230.87
Project 0258,2025-01-01,201.9,22956.47,15963.66
Project 0258,2025-02-01,139.74,19190.2,14100.23
Project 0258,2025-03-01,167.41,26179.77,17629.34
Project 0258,2025-04-01,190.37,21510.21,14426.12
Project 0258,2025-05-01,159.08,24894.4,15835.02
Project 0258,2025-06-01,201.99,20825.63,15396.62
Project 0258,2025-07-01,201.06,25921.11,17705.82
Project 0258,2025-08-01,187.93,21050.89,12947.46
Project 0258,2025-09-01,151.56,22770.04,14452.7
Project 0258,2025-10-01,139.3,24764.87,14141.77
Project 0258,2025-11-01,189.38,24802.06,16376.64
Project 0258,2025-12-01,163.27,20608.12,14459.38
Project 0258,2026-01-01,139.24,24818.46,18460.7
Project 0258,2026-02-01,147.52,20956.6,13453.54
Project 0258,2026-03-01,204.68,21824.24,12337.2
Project 0258,2026-04-01,159.67,21650.48,14044.49
Project 0258,2026-05-01,137.18,19228.03,11566.85
Project 0258,2026-06-01,188.5,23718.2,16301.5
Project 0258,2026-07-01,160.76,23826.97,17254.04
Project 0258,2026-08-01,153.42,22931.16,15498.42
Project 0259,2024-09-01,262.54,54128.75,30075.48
Project 0259,2024-10-01,317.18,43259.05,24281.72
Project 0259,2024-11-01,236.3,52309.29,31165.1
Project 0259,2024-12-01,218.53,46516.46,27232.92
Project 0259,2025-01-01,274.79,53372.3,37865.82
Project 0259,2025-02-01,322.47,42661.21,31965.18
Project 0259,2025-03-01,332.1,41834.11,24982.18
Project 0259,2025-04-01,249.59,54136.53,35424.92
Project 0259,2025-05-01,257.98,50826.0,35248.31
Project 0259,2025-06-01,275.96,52447.74,39155.8
Project 0259,2025-07-01,330.6,58634.78,42584.38
Project 0259,2025-08-01,256.62,46186.02,27536.61
Project 0259,2025-09-01,232.51,59473.98,37070.27
Project 0259,2025-10-01,241.16,45166.08,27073.34
Project 0259,2025-11-01,223.14,53175.45,35335.41
Project 0259,2025-12-01,307.52,56440.37,32748.64
Project 0259,2026-01-01,307.96,58175.31,32058.11
Project 0259,2026-02-01,303.96,54951.42,35683.43
Project 0259,2026-03-01,284.71,42383.83,29802.17
Project 0259,2026-04-01,295.37,46471.75,28848.97
Project 0259,2026-05-01,260.84,51979.1,31746.36
Project 0259,2026-06-01,305.97,57106.17,35353.85
Project 0259,2026-07-01,298.38,49448.41,35217.94
Project 0259,2026-08-01,279.95,53987.44,39998.06
Project 0260,2024-09-01,192.22,33103.07,21901.91
Project 0260,2024-10-01,262.21,29158.79,16297.8
Project 0260,2024-11-01,213.1,29171.41,16868.0
Project 0260,2024-12-01,249.63,28826.09,17939.5
Project 0260,2025-01-01,241.39,31002.8,20691.96
Project 0260,2025-02-01,192.36,30456.74,18081.9
Project 0260,2025-03-01,232.07,33383.53,23075.2
Project 0260,2025-04-01,184.29,30893.56,21911.03
Project 0260,2025-05-01,277.49,25423.89,15078.28
Project 0260,2025-06-01,186.86,30271.47,22067.49
Project 0260,2025-07-01,195.38,35329.48,21521.21
Project 0260,2025-08-01,261.39,24899.74,15245.93
Project 0260,2025-09-01,184.35,31098.34,21554.01
Project 0260,2025-10-01,255.01,30455.36,21559.74
Project 0260,2025-11-01,239.87,25693.47,17471.27
Project 0260,2025-12-01,199.1,30318.12,21499.17
Project 0260,2026-01-01,280.18,35519.0,25058.87
Project 0260,2026-02-01,215.06,29251.3,16489.22
Project 0260,2026-03-01,196.39,29231.59,17564.3
Project 0260,2026-04-01,280.1,34376.88,25428.98
Project 0260,2026-05-01,273.13,26819.82,15509.93
Project 0260,2026-06-01,246.63,30220.12,19416.23
Project 0260,2026-07-01,214.64,35025.45,22958.33
Project 0260,2026-08-01,268.12,25544.26,16161.15
Project 0261,2024-09-01,207.55,75810.84,51949.57
Project 0261,2024-10-01,173.01,70896.14,47856.24
Project 0261,2024-11-01,220.5,82443.35,47137.28
Project 0261,2024-12-01,191.91,58615.32,41333.52
Project 0261,2025-01-01,209.17,65995.61,48598.13
Project 0261,2025-02-01,170.17,69678.75,51112.96
Project 0261,2025-03-01,184.14,70015.87,43456.91
Project 0261,2025-04-01,206.82,68765.66,43786.11
Project 0261,2025-05-01,212.79,66257.63,39131.38
Project 0261,2025-06-01,208.76,63153.09,45681.24
Project 0261,2025-07-01,165.64,64150.21,43882.67
Project 0261,2025-08-01,187.5,73786.77,41997.37
Project 0261,2025-09-01,215.67,60356.79,38649.7
Project 0261,2025-10-01,198.38,79807.59,53770.18
Project 0261,2025-11-01,163.38,81742.75,53836.17
Project 0261,2025-12-01,179.96,59502.61,34488.89
Project 0261,2026-01-01,229.1,62795.2,42206.94
Project 0261,2026-02-01,187.18,80675.59,54014.62
Project 0261,2026-03-01,189.4,58841.44,39000.77
Project 0261,2026-04-01,216.7,58452.6,35602.58
Project 0261,2026-05-01,195.04,69513.81,52026.87
Project 0261,2026-06-01,196.72,60544.62,39724.47
Project 0261,2026-07-01,203.43,59776.05,36306.24
Project 0261,2026-08-01,164.58,60660.99,43355.66
Project 0262,2024-09-01,178.24,21435.96,12626.95
Project 0262,2024-10-01,157.24,21957.95,14240.97
Project 0262,2024-11-01,148.48,22634.87,16077.1
Project 0262,2024-12-01,153.31,25344.0,16328.78
Project 0262,2025-01-01,187.37,21115.19,13050.47
Project 0262,2025-02-01,155.46,21430.61,13268.56
Project 0262,2025-03-01,154.67,27735.17,15862.66
Project 0262,2025-04-01,185.62,25129.78,14274.93
Project 0262,2025-05-01,161.83,23053.72,13538.17
Project 0262,2025-06-01,143.68,23333.16,15873.78
Project 0262,2025-07-01,191.68,29368.36,18273.44
Project 0262,2025-08-01,186.65,26492.9,19057.71
Project 0262,2025-09-01,191.68,26079.98,15500.19
Project 0262,2025-10-01,168.39,24230.02,13381.88
Project 0262,2025-11-01,179.78,23312.01,15618.34
Project 0262,2025-12-01,159.92,28884.73,16767.18
Project 0262,2026-01-01,216.42,28300.6,18327.21
Project 0262,2026-02-01,179.73,21535.45,12315.88
Project 0262,2026-03-01,197.64,28423.84,17003.92
Project 0262,2026-04-01,191.99,28455.28,21075.48
Project 0262,2026-05-01,140.96,29296.54,16817.47
Project 0262,2026-06-01,217.55,25407.69,19026.46
Project 0262,2026-07-01,154.67,25591.44,14909.83
Project 0262,2026-08-01,188.29,27353.52,18046.61
Project 0263,2024-09-01,67.57,13966.77,10078.57
Project 0263,2024-10-01,53.81,13140.34,8988.52
Project 0263,2024-11-01,57.28,16245.77,9820.4
Project 0263,2024-12-01,54.72,12750.28,7356.74
Project 0263,2025-01-01,55.44,14631.8,9847.04
Project 0263,2025-02-01,50.93,12023.98,7902.5
Project 0263,2025-03-01,55.19,14199.08,10158.39
Project 0263,2025-04-01,57.62,12551.97,8298.14
Project 0263,2025-05-01,59.2,16004.54,10078.39
Project 0263,2025-06-01,56.42,14544.29,10062.24
Project 0263,2025-07-01,70.25,12864.9,7776.46
Project 0263,2025-08-01,56.41,16641.54,12077.85
Project 0263,2025-09-01,54.49,13619.52,8106.78
Project 0263,2025-10-01,56.2,15918.15,9832.84
Project 0263,2025-11-01,74.02,12602.46,7548.23
Project 0263,2025-12-01,73.54,12858.55,9389.05
Project 0263,2026-01-01,71.38,12865.99,7719.14
Project 0263,2026-02-01,70.17,12031.25,8473.75
Project 0263,2026-03-01,50.24,13098.26,7744.84
Project 0263,2026-04-01,74.11,15516.46,9337.81
Project 0263,2026-05-01,54.0,15756.06,10807.4
Project 0263,2026-06-01,63.75,12026.93,7262.32
Project 0263,2026-07-01,55.69,16302.18,10265.29
Project 0263,2026-08-01,59.74,15869.87,9485.14
Project 0264,2024-09-01,41.53,4173.57,2657.04
Project 0264,2024-10-01,34.2,3562.75,2639.63
Project 0264,2024-11-01,34.61,3473.09,2360.33
Project 0264,2024-12-01,33.59,3482.66,2570.61
Project 0264,2025-01-01,40.11,3412.13,2450.85
Project 0264,2025-02-01,31.5,3775.13,2767.03
Project 0264,2025-03-01,29.88,4492.42,2661.49
Project 0264,2025-04-01,34.78,4282.29,2787.07
Project 0264,2025-05-01,34.8,4768.68,3463.67
Project 0264,2025-06-01,30.01,4340.32,3033.45
Project 0264,2025-07-01,31.67,4133.3,2512.67
Project 0264,2025-08-01,37.71,4187.99,3114.33
Project 0264,2025-09-01,31.36,4626.06,3260.44
Project 0264,2025-10-01,30.14,3379.21,1993.53
Project 0264,2025-11-01,31.18,4246.71,2645.93
Project 0264,2025-12-01,33.47,3724.63,2750.6
Project 0264,2026-01-01,39.05,4836.2,3213.47
Project 0264,2026-02-01,40.43,4410.59,3077.72
Project 0264,2026-03-01,33.03,3487.63,2157.75
Project 0264,2026-04-01,33.58,3910.93,2766.67
Project 0264,2026-05-01,28.13,4468.27,2722.41
Project 0264,2026-06-01,29.99,4285.7,2418.16
Project 0264,2026-07-01,35.32,4587.28,3308.06
Project 0264,2026-08-01,42.38,4580.14,2563.3
Project 0265,2024-09-01,82.39,6531.85,3770.48
Project 0265,2024-10-01,102.64,7322.85,5420.64
Project 0265,2024-11-01,88.88,8390.7,5683.01
Project 0265,2024-12-01,86.69,6649.61,4815.89
Project 0265,2025-01-01,91.92,6117.15,4432.24
Project 0265,2025-02-01,110.03,6362.41,3515.09
Project 0265,2025-03-01,84.71,8381.57,4832.3
Project 0265,2025-04-01,98.7,6455.82,4674.94
Project 0265,2025-05-01,107.86,7734.02,5556.86
Project 0265,2025-06-01,97.42,6063.87,3704.58
Project 0265,2025-07-01,74.25,7241.02,4391.1
Project 0265,2025-08-01,79.26,7711.87,5240.27
Project 0265,2025-09-01,70.67,8479.11,5996.04
Project 0265,2025-10-01,72.34,7734.69,5476.42
Project 0265,2025-11-01,81.17,6633.3,3772.38
Project 0265,2025-12-01,90.53,7452.1,4616.09
Project 0265,2026-01-01,104.21,6485.93,4704.09
Project 0265,2026-02-01,80.3,7468.48,4251.22
Project 0265,2026-03-01,74.33,8335.13,4606.29
Project 0265,2026-04-01,99.91,7280.38,4670.42
Project 0265,2026-05-01,98.25,6175.85,4190.11
Project 0265,2026-06-01,78.97,7840.94,5560.32
Project 0265,2026-07-01,92.06,7306.2,4816.0
Project 0265,2026-08-01,80.54,6797.89,3745.32
Project 0266,2024-09-01,24.21,4322.45,3019.5
Project 0266,2024-10-01,28.97,3790.7,2285.0
Project 0266,2024-11-01,19.48,4274.29,2909.2
Project 0266,2024-12-01,29.02,4825.73,2979.24
Project 0266,2025-01-01,26.82,4098.07,2833.24
Project 0266,2025-02-01,21.18,5193.47,3588.99
Project 0266,2025-03-01,24.16,3791.09,2175.62
Project 0266,2025-04-01,25.47,4735.85,2650.97
Project 0266,2025-05-01,23.24,4198.38,2517.4
Project 0266,2025-06-01,22.41,3745.65,2653.89
Project 0266,2025-07-01,22.46,4263.63,3148.06
Project 0266,2025-08-01,27.27,3750.42,2425.09
Project 0266,2025-09-01,23.22,5205.3,3600.03
Project 0266,2025-10-01,29.02,3796.03,2349.4
Project 0266,2025-11-01,20.46,4527.74,3346.51
Project 0266,2025-12-01,19.54,4767.8,2770.29
Project 0266,2026-01-01,21.31,4327.65,2643.87
Project 0266,2026-02-01,26.09,5290.75,3885.76
Project 0266,2026-03-01,26.65,4385.6,2815.29
Project 0266,2026-04-01,24.58,4212.25,2676.73
Project 0266,2026-05-01,24.33,5263.43,3748.74
Project 0266,2026-06-01,24.15,4757.89,3068.03
Project 0266,2026-07-01,20.12,4234.28,2973.71
Project 0266,2026-08-01,21.32,5162.8,3795.36
Project 0267,2024-09-01,262.13,64592.05,39964.68
Project 0267,2024-10-01,207.27,61570.37,38362.61
Project 0267,2024-11-01,213.17,59847.46,34619.33
Project 0267,2024-12-01,218.81,58682.14,39050.37
Project 0267,2025-01-01,223.43,79655.36,45098.83
Project 0267,2025-02-01,202.13,77346.45,53897.52
Project 0267,2025-03-01,227.44,61996.41,35586.81
Project 0267,2025-04-01,292.96,64977.7,37460.22
Project 0267,2025-05-01,238.8,84135.27,61788.41
Project 0267,2025-06-01,222.79,63507.72,42109.88
Project 0267,2025-07-01,293.28,59930.99,38231.36
Project 0267,2025-08-01,221.27,76568.74,51949.71
Project 0267,2025-09-01,288.07,73872.06,45023.56
Project 0267,2025-10-01,311.71,82570.51,59750.06
Project 0267,2025-11-01,249.51,73306.77,41168.97
Project 0267,2025-12-01,310.61,82931.23,45922.15
Project 0267,2026-01-01,302.37,67787.86,38379.48
Project 0267,2026-02-01,313.71,63675.31,45811.69
Project 0267,2026-03-01,217.53,82029.2,48582.87
Project 0267,2026-04-01,258.87,74163.11,45217.3
Project 0267,2026-05-01,304.82,81305.37,49461.05
Project 0267,2026-06-01,218.33,62628.37,40513.36
Project 0267,2026-07-01,255.61,62042.62,39855.36
Project 0267,2026-08-01,235.25,81312.14,53839.25
Project 0268,2024-09-01,365.18,24756.25,18339.77
Project 0268,2024-10-01,412.81,23602.11,14137.93
Project 0268,2024-11-01,356.99,23262.75,17397.99
Project 0268,2024-12-01,294.36,20351.33,13682.9
Project 0268,2025-01-01,371.91,20508.12,15268.25
Project 0268,2025-02-01,308.39,26415.32,15431.28
Project 0268,2025-03-01,363.76,23262.64,15875.59
Project 0268,2025-04-01,365.97,24739.83,14159.86
Project 0268,2025-05-01,284.79,25137.57,13926.17
Project 0268,2025-06-01,357.78,24970.03,17222.29
Project 0268,2025-07-01,274.14,21808.0,13438.16
Project 0268,2025-08-01,307.55,23649.99,16260.8
Project 0268,2025-09-01,343.13,25172.24,18253.51
Project 0268,2025-10-01,409.1,25665.99,17509.53
Project 0268,2025-11-01,347.33,21170.89,14652.42
Project 0268,2025-12-01,387.43,20400.83,13456.75
Project 0268,2026-01-01,359.17,19464.7,10965.54
Project 0268,2026-02-01,410.9,18796.93,12180.09
Project 0268,2026-03-01,315.99,23120.03,15225.67
Project 0268,2026-04-01,388.49,20060.08,14336.33
Project 0268,2026-05-01,289.02,25674.64,16985.08
Project 0268,2026-06-01,292.38,25289.52,14412.61
Project 0268,2026-07-01,396.44,25356.46,16221.51
Project 0268,2026-08-01,352.76,19576.61,12312.92
Project 0269,2024-09-01,351.26,47229.38,31346.27
Project 0269,2024-10-01,404.99,50742.32,34494.45
Project 0269,2024-11-01,344.4,41846.56,23611.7
Project 0269,2024-12-01,436.34,46103.09,31273.85
Project 0269,2025-01-01,323.78,41099.98,23135.79
Project 0269,2025-02-01,358.95,41568.21,25729.53
Project 0269,2025-03-01,304.21,41931.13,28564.08
Project 0269,2025-04-01,415.86,47895.56,28097.96
Project 0269,2025-05-01,373.4,52777.77,31837.91
Project 0269,2025-06-01,343.32,43103.18,27673.34
Project 0269,2025-07-01,415.76,39885.55,22906.6
Project 0269,2025-08-01,342.13,46638.43,30429.59
Project 0269,2025-09-01,439.35,53442.98,29610.31
Project 0269,2025-10-01,411.84,45118.94,27762.61
Project 0269,2025-11-01,439.86,49427.07,33578.49
Project 0269,2025-12-01,415.91,40368.69,30007.31
Project 0269,2026-01-01,347.92,50496.07,37350.93
Project 0269,2026-02-01,430.69,54808.69,34659.03
Project 0269,2026-03-01,385.63,51796.26,30349.57
Project 0269,2026-04-01,400.63,47515.14,34647.21
Project 0269,2026-05-01,305.51,53023.88,34338.62
Project 0269,2026-06-01,424.86,46551.0,25621.09
Project 0269,2026-07-01,379.93,50937.41,37404.07
Project 0269,2026-08-01,386.19,46191.4,34391.78
Project 0270,2024-09-01,161.99,40168.44,23438.56
Project 0270,2024-10-01,185.82,41196.61,28474.42
Project 0270,2024-11-01,244.56,39584.0,25491.09
Project 0270,2024-12-01,160.33,40087.95,25757.23
Project 0270,2025-01-01,230.91,32780.47,23535.77
Project 0270,2025-02-01,184.35,33439.19,23089.61
Project 0270,2025-03-01,214.6,40093.69,30043.77
Project 0270,2025-04-01,193.16,41822.84,25737.58
Project 0270,2025-05-01,228.86,38218.72,24653.7
Project 0270,2025-06-01,157.69,40086.09,29470.01
Project 0270,2025-07-01,191.12,40565.29,25426.42
Project 0270,2025-08-01,228.73,31669.47,22286.62
Project 0270,2025-09-01,165.03,38661.55,23292.36
Project 0270,2025-10-01,179.69,36389.89,23172.89
Project 0270,2025-11-01,187.14,33301.21,22660.12
Project 0270,2025-12-01,190.3,42136.78,29006.18
Project 0270,2026-01-01,204.19,32092.5,23566.83
Project 0270,2026-02-01,179.83,30675.72,17684.51
Project 0270,2026-03-01,216.56,37373.77,20987.46
Project 0270,2026-04-01,233.5,31237.21,20030.75
Project 0270,2026-05-01,240.18,36443.42,22377.79
Project 0270,2026-06-01,242.82,42198.6,25249.06
Project 0270,2026-07-01,203.61,37120.76,26846.98
Project 0270,2026-08-01,227.12,34334.72,25551.95
Project 0271,2024-09-01,44.5,5835.75,4036.42
Project 0271,2024-10-01,32.04,5954.52,4123.34
Project 0271,2024-11-01,36.63,5633.28,3188.14
Project 0271,2024-12-01,30.15,5428.99,3401.15
Project 0271,2025-01-01,46.0,5001.91,3050.97
Project 0271,2025-02-01,30.17,5798.63,3803.63
Project 0271,2025-03-01,39.8,5268.9,3751.46
Project 0271,2025-04-01,42.02,5689.37,3621.05
Project 0271,2025-05-01,37.5,5625.05,3169.1
Project 0271,2025-06-01,44.18,5928.8,3643.7
Project 0271,2025-07-01,41.97,5973.08,3764.0
Project 0271,2025-08-01,45.6,4885.86,3383.58
Project 0271,2025-09-01,40.03,4974.17,3304.37
Project 0271,2025-10-01,40.07,5246.22,3449.52
Project 0271,2025-11-01,44.47,5489.37,4109.63
Project 0271,2025-12-01,44.81,5591.11,4035.0
Project 0271,2026-01-01,44.89,4817.78,2718.01
Project 0271,2026-02-01,39.99,4882.9,3200.17
Project 0271,2026-03-01,42.58,5279.58,3109.36
Project 0271,2026-04-01,36.6,6100.35,4514.07
Project 0271,2026-05-01,39.35,4982.21,3188.92
Project 0271,2026-06-01,32.36,5528.84,3483.87
Project 0271,2026-07-01,39.29,4394.65,3263.19
Project 0271,2026-08-01,40.32,4352.7,3068.74
Project 0272,2024-09-01,224.16,72072.61,42545.63
Project 0272,2024-10-01,206.1,74504.16,46495.78
Project 0272,2024-11-01,283.35,76566.89,54377.16
Project 0272,2024-12-01,256.73,88905.59,54692.6
Project 0272,2025-01-01,229.11,77779.3,51831.0
Project 0272,2025-02-01,225.42,92979.78,59671.67
Project 0272,2025-03-01,287.49,84821.29,50949.33
Project 0272,2025-04-01,291.98,74010.3,41893.65
Project 0272,2025-05-01,289.24,83388.7,61236.37
Project 0272,2025-06-01,234.86,66291.93,39871.48
Project 0272,2025-07-01,264.02,82309.55,61728.45
Project 0272,2025-08-01,255.0,80715.42,51081.78
Project 0272,2025-09-01,227.51,70185.4,42068.92
Project 0272,2025-10-01,254.38,89035.28,54243.74
Project 0272,2025-11-01,218.15,80032.72,46981.24
Project 0272,2025-12-01,298.59,90728.99,51352.87
Project 0272,2026-01-01,244.13,87987.23,55237.88
Project 0272,2026-02-01,223.4,85810.43,47548.95
Project 0272,2026-03-01,214.39,72098.4,40145.1
Project 0272,2026-04-01,246.48,75193.58,52422.39
Project 0272,2026-05-01,215.46,75318.93,44899.42
Project 0272,2026-06-01,216.58,91629.89,66509.38
Project 0272,2026-07-01,297.43,78821.51,49785.12
Project 0272,2026-08-01,254.73,71050.84,47429.37
Project 0273,2024-09-01,55.77,8408.14,4706.2
Project 0273,2024-10-01,69.22,8382.9,6216.02
Project 0273,2024-11-01,45.66,8297.02,4739.32
Project 0273,2024-12-01,66.56,8979.49,6637.66
Project 0273,2025-01-01,67.44,8201.72,5864.04
Project 0273,2025-02-01,65.37,8275.54,4759.61
Project 0273,2025-03-01,69.75,8418.83,4903.05
Project 0273,2025-04-01,53.43,8720.59,6221.45
Project 0273,2025-05-01,69.05,8585.79,5944.69
Project 0273,2025-06-01,45.43,7760.0,5498.61
Project 0273,2025-07-01,62.45,7754.69,4428.03
Project 0273,2025-08-01,56.39,9143.49,6710.76
Project 0273,2025-09-01,48.28,8614.02,5735.55
Project 0273,2025-10-01,65.79,9198.08,5827.86
Project 0273,2025-11-01,52.08,9327.97,5830.18
Project 0273,2025-12-01,51.16,8736.91,5705.86
Project 0273,2026-01-01,61.76,8676.68,5041.79
Project 0273,2026-02-01,59.93,8391.36,5551.46
Project 0273,2026-03-01,49.89,8956.62,6272.44
Project 0273,2026-04-01,63.79,8769.18,5710.44
Project 0273,2026-05-01,55.33,7717.48,5377.25
Project 0273,2026-06-01,53.88,8012.1,5408.92
Project 0273,2026-07-01,46.74,8988.18,6691.05
Project 0273,2026-08-01,58.35,6857.19,4539.75
Project 0274,2024-09-01,304.77,30917.92,19920.21
Project 0274,2024-10-01,281.44,30980.55,21149.83
Project 0274,2024-11-01,250.56,41436.65,25009.47
Project 0274,2024-12-01,283.9,29920.24,20149.95
Project 0274,2025-01-01,281.51,41560.96,30615.14
Project 0274,2025-02-01,249.07,41802.9,24248.15
Project 0274,2025-03-01,236.48,31653.14,20630.86
Project 0274,2025-04-01,234.58,30716.51,18784.95
Project 0274,2025-05-01,240.58,29207.11,16742.41
Project 0274,2025-06-01,222.55,34636.1,24744.82
Project 0274,2025-07-01,299.06,30182.13,20104.47
Project 0274,2025-08-01,262.94,35005.1,21885.96
Project 0274,2025-09-01,287.65,30782.73,22643.23
Project 0274,2025-10-01,276.77,41273.41,26087.66
Project 0274,2025-11-01,275.2,35256.63,25194.9
Project 0274,2025-12-01,304.9,33932.72,20863.68
Project 0274,2026-01-01,310.0,35926.28,26500.66
Project 0274,2026-02-01,237.19,38029.45,22582.15
Project 0274,2026-03-01,281.11,30177.25,19636.04
Project 0274,2026-04-01,254.09,36454.71,23571.22
Project 0274,2026-05-01,304.61,36441.77,20257.01
Project 0274,2026-06-01,244.73,39380.13,27526.11
Project 0274,2026-07-01,235.1,41253.75,23428.46
Project 0274,2026-08-01,225.48,32118.04,22430.27
Project 0275,2024-09-01,225.3,15418.27,10618.9
Project 0275,2024-10-01,271.19,18668.4,12415.86
Project 0275,2024-11-01,231.87,19840.92,13108.05
Project 0275,2024-12-01,264.26,20426.56,14351.78
Project 0275,2025-01-01,321.62,20564.51,13985.33
Project 0275,2025-02-01,317.46,19723.34,13742.08
Project 0275,2025-03-01,238.83,17978.52,11001.89
Project 0275,2025-04-01,264.14,16373.14,10607.61
Project 0275,2025-05-01,338.95,21310.78,15001.03
Project 0275,2025-06-01,343.78,21449.32,15594.75
Project 0275,2025-07-01,272.22,15534.16,10203.21
Project 0275,2025-08-01,320.08,15826.94,9175.46
Project 0275,2025-09-01,227.55,17529.61,11480.47
Project 0275,2025-10-01,310.9,18933.22,11698.69
Project 0275,2025-11-01,310.77,18890.46,13268.79
Project 0275,2025-12-01,227.39,16993.11,9474.06
Project 0275,2026-01-01,267.14,20056.43,11568.32
Project 0275,2026-02-01,314.77,16223.68,10866.3
Project 0275,2026-03-01,296.86,18305.09,10571.19
Project 0275,2026-04-01,265.72,17107.39,10485.11
Project 0275,2026-05-01,291.66,20689.27,14396.92
Project 0275,2026-06-01,251.96,16566.63,9858.26
Project 0275,2026-07-01,262.59,19530.48,12324.06
Project 0275,2026-08-01,340.5,19669.33,11454.93
Project 0276,2024-09-01,101.59,36492.62,25435.07
Project 0276,2024-10-01,121.93,38543.06,25749.2
Project 0276,2024-11-01,95.0,40093.83,25252.7
Project 0276,2024-12-01,101.04,38421.2,25147.36
Project 0276,2025-01-01,95.35,45978.58,30606.3
Project 0276,2025-02-01,126.58,39344.5,28014.98
Project 0276,2025-03-01,110.73,48059.19,31885.06
Project 0276,2025-04-01,94.58,47852.23,32114.82
Project 0276,2025-05-01,110.86,48517.73,31103.83
Project 0276,2025-06-01,94.95,46376.49,29083.96
Project 0276,2025-07-01,92.3,40113.84,23634.85
Project 0276,2025-08-01,101.72,41670.47,27939.2
Project 0276,2025-09-01,93.47,42490.47,25707.07
Project 0276,2025-10-01,110.11,35821.32,21558.06
Project 0276,2025-11-01,107.47,46212.69,28884.4
Project 0276,2025-12-01,116.53,46789.93,30941.76
Project 0276,2026-01-01,102.21,48592.7,36339.43
Project 0276,2026-02-01,106.38,49505.77,36069.3
Project 0276,2026-03-01,140.02,47234.71,32508.2
Project 0276,2026-04-01,91.59,45999.65,29666.2
Project 0276,2026-05-01,108.34,38630.72,28809.37
Project 0276,2026-06-01,129.15,36847.32,21540.54
Project 0276,2026-07-01,117.6,35633.68,20747.46
Project 0276,2026-08-01,102.05,50521.45,29727.18
Project 0277,2024-09-01,297.34,86262.29,47860.25
Project 0277,2024-10-01,322.48,103631.74,58100.99
Project 0277,2024-11-01,369.16,93999.33,60395.41
Project 0277,2024-12-01,350.09,101239.62,70156.67
Project 0277,2025-01-01,368.92,113422.37,67650.79
Project 0277,2025-02-01,304.56,87535.59,63114.87
Project 0277,2025-03-01,332.53,87969.08,60717.72
Project 0277,2025-04-01,286.67,102981.22,63360.42
Project 0277,2025-05-01,292.02,87731.77,49031.15
Project 0277,2025-06-01,378.58,112096.09,75855.72
Project 0277,2025-07-01,317.69,109505.04,63645.13
Project 0277,2025-08-01,299.37,85352.67,59772.28
Project 0277,2025-09-01,311.82,120808.6,75273.2
Project 0277,2025-10-01,311.35,101661.96,68639.71
Project 0277,2025-11-01,362.41,112387.2,76414.42
Project 0277,2025-12-01,386.02,101355.51,70158.68
Project 0277,2026-01-01,314.04,100943.68,72033.02
Project 0277,2026-02-01,324.0,101460.34,61719.39
Project 0277,2026-03-01,324.86,116286.23,76807.89
Project 0277,2026-04-01,381.79,117840.39,84236.88
Project 0277,2026-05-01,313.6,87497.99,54132.05
Project 0277,2026-06-01,380.14,93011.33,67713.53
Project 0277,2026-07-01,269.43,102381.7,56583.61
Project 0277,2026-08-01,255.9,101383.16,68120.48
Project 0278,2024-09-01,283.88,32566.12,19149.2
Project 0278,2024-10-01,279.66,29899.11,19280.72
Project 0278,2024-11-01,199.41,26392.04,18809.36
Project 0278,2024-12-01,281.41,34088.46,19559.01
Project 0278,2025-01-01,257.75,34276.59,20444.57
Project 0278,2025-02-01,248.66,36678.86,26826.02
Project 0278,2025-03-01,223.24,35386.95,23256.0
Project 0278,2025-04-01,263.53,30573.97,20411.44
Project 0278,2025-05-01,188.8,34551.56,23756.23
Project 0278,2025-06-01,211.57,29310.28,20817.58
Project 0278,2025-07-01,212.02,26723.96,15787.1
Project 0278,2025-08-01,222.09,30444.09,21131.05
Project 0278,2025-09-01,222.42,33589.66,21409.92
Project 0278,2025-10-01,259.43,28059.49,17656.28
Project 0278,2025-11-01,201.18,27214.63,16722.41
Project 0278,2025-12-01,190.27,34129.27,20530.63
Project 0278,2026-01-01,290.04,27548.38,19037.48
Project 0278,2026-02-01,209.77,28344.45,20453.53
Project 0278,2026-03-01,294.39,27860.53,16896.31
Project 0278,2026-04-01,261.59,26668.95,17919.63
Project 0278,2026-05-01,273.5,36970.5,23504.63
Project 0278,2026-06-01,275.19,33333.57,21758.33
Project 0278,2026-07-01,210.06,28790.49,17535.03
Project 0278,2026-08-01,228.31,35262.89,21416.31
Project 0279,2024-09-01,81.79,15831.22,10587.79
Project 0279,2024-10-01,99.15,16178.12,9769.38
Project 0279,2024-11-01,113.26,14222.4,9291.8
Project 0279,2024-12-01,83.92,11743.62,8153.19
Project 0279,2025-01-01,116.35,13752.54,9350.32
Project 0279,2025-02-01,121.7,14682.28,8137.86
Project 0279,2025-03-01,108.98,12498.39,7038.66
Project 0279,2025-04-01,125.5,15007.21,10891.66
Project 0279,2025-05-01,121.36,14730.42,8444.27
Project 0279,2025-06-01,100.0,14032.86,8662.34
Project 0279,2025-07-01,121.22,11705.53,8258.74
Project 0279,2025-08-01,86.24,15047.6,9414.4
Project 0279,2025-09-01,108.64,16437.72,11024.48
Project 0279,2025-10-01,106.02,16380.36,10967.06
Project 0279,2025-11-01,97.37,13474.81,9258.83
Project 0279,2025-12-01,105.99,13345.36,8085.14
Project 0279,2026-01-01,101.18,12555.18,7451.36
Project 0279,2026-02-01,94.26,16305.44,10916.17
Project 0279,2026-03-01,92.17,13053.51,8094.84
Project 0279,2026-04-01,98.29,16394.44,11709.78
Project 0279,2026-05-01,82.54,12714.81,8980.92
Project 0279,2026-06-01,103.45,14479.29,8751.88
Project 0279,2026-07-01,102.49,12074.82,8735.47
Project 0279,2026-08-01,122.97,12319.1,7452.39
Project 0280,2024-09-01,183.47,18677.4,11860.32
Project 0280,2024-10-01,181.6,15984.47,11881.44
Project 0280,2024-11-01,249.37,19989.16,11356.04
Project 0280,2024-12-01,224.17,21309.85,15352.83
Project 0280,2025-01-01,206.87,15233.52,11413.1
Project 0280,2025-02-01,266.49,17985.76,11072.03
Project 0280,2025-03-01,263.03,18631.95,12505.09
Project 0280,2025-04-01,199.86,19956.67,11598.38
Project 0280,2025-05-01,226.55,16676.5,11843.53
Project 0280,2025-06-01,233.8,17496.32,12439.22
Project 0280,2025-07-01,265.93,16732.64,12392.47
Project 0280,2025-08-01,182.72,15408.3,8754.87
Project 0280,2025-09-01,195.87,20298.52,14110.3
Project 0280,2025-10-01,261.21,18074.83,12864.06
Project 0280,2025-11-01,202.1,21510.76,12817.14
Project 0280,2025-12-01,218.2,15358.84,9857.5
Project 0280,2026-01-01,260.66,21542.92,12567.24
Project 0280,2026-02-01,194.76,20442.49,11561.31
Project 0280,2026-03-01,275.32,20698.29,11748.84
Project 0280,2026-04-01,263.53,20544.8,11787.6
Project 0280,2026-05-01,250.85,17027.44,12115.81
Project 0280,2026-06-01,192.9,17496.18,11891.61
Project 0280,2026-07-01,227.61,19802.74,11465.55
Project 0280,2026-08-01,241.92,20747.36,15017.62
Project 0281,2024-09-01,173.62,20089.01,14900.65
Project 0281,2024-10-01,160.96,20221.88,14067.04
Project 0281,2024-11-01,161.08,18631.27,10319.32
Project 0281,2024-12-01,125.68,16487.35,10058.14
Project 0281,2025-01-01,181.38,14693.94,9408.03
Project 0281,2025-02-01,158.61,15447.89,9103.29
Project 0281,2025-03-01,139.67,19286.81,11822.43
Project 0281,2025-04-01,156.87,19695.69,14327.83
Project 0281,2025-05-01,142.25,16842.99,10968.84
Project 0281,2025-06-01,129.36,14649.79,8700.58
Project 0281,2025-07-01,168.73,19363.19,11398.36
Project 0281,2025-08-01,183.03,15993.29,9070.76
Project 0281,2025-09-01,154.35,17682.87,12292.1
Project 0281,2025-10-01,182.39,15897.72,10049.21
Project 0281,2025-11-01,141.77,16049.28,9946.45
Project 0281,2025-12-01,181.93,15507.59,9071.55
Project 0281,2026-01-01,146.39,19776.09,11941.9
Project 0281,2026-02-01,153.14,15504.97,10603.1
Project 0281,2026-03-01,163.21,19872.13,12851.96
Project 0281,2026-04-01,181.07,14474.94,10573.56
Project 0281,2026-05-01,120.86,16629.71,11585.49
Project 0281,2026-06-01,155.73,19207.18,12111.57
Project 0281,2026-07-01,131.96,19578.24,12489.19
Project 0281,2026-08-01,130.03,14418.83,10643.49
Project 0282,2024-09-01,393.48,40510.39,26222.38
Project 0282,2024-10-01,352.42,44142.2,24318.27
Project 0282,2024-11-01,292.32,45059.86,28843.31
Project 0282,2024-12-01,276.71,39075.89,21906.49
Project 0282,2025-01-01,315.7,43119.82,27248.52
Project 0282,2025-02-01,326.93,40312.76,28420.8
Project 0282,2025-03-01,278.64,44844.36,30363.25
Project 0282,2025-04-01,359.25,36826.52,23818.71
Project 0282,2025-05-01,284.04,37053.11,24525.01
Project 0282,2025-06-01,293.48,33928.53,25325.44
Project 0282,2025-07-01,359.43,36813.01,22251.49
Project 0282,2025-08-01,313.07,44576.23,27787.8
Project 0282,2025-09-01,403.39,40939.06,29199.49
Project 0282,2025-10-01,397.17,36065.48,24893.8
Project 0282,2025-11-01,413.47,46334.8,30424.7
Project 0282,2025-12-01,357.23,42941.26,28727.66
Project 0282,2026-01-01,269.79,33768.8,18898.28
Project 0282,2026-02-01,288.88,46006.66,25712.1
Project 0282,2026-03-01,360.0,36713.13,27156.41
Project 0282,2026-04-01,311.99,42233.39,31160.29
Project 0282,2026-05-01,420.18,32842.83,18448.74
Project 0282,2026-06-01,276.42,42996.73,31659.02
Project 0282,2026-07-01,277.21,33870.15,24652.49
Project 0282,2026-08-01,392.3,33688.07,23561.67
Project 0283,2024-09-01,40.57,12271.78,8996.64
Project 0283,2024-10-01,41.49,13429.8,8008.79
Project 0283,2024-11-01,37.57,10883.59,7164.13
Project 0283,2024-12-01,48.12,13418.98,9515.43
Project 0283,2025-01-01,39.51,11631.13,8158.9
Project 0283,2025-02-01,46.62,13098.89,7288.5
Project 0283,2025-03-01,39.98,12232.67,7207.96
Project 0283,2025-04-01,38.49,12678.13,9287.6
Project 0283,2025-05-01,43.95,10992.1,7865.43
Project 0283,2025-06-01,49.17,11434.71,7944.14
Project 0283,2025-07-01,39.58,13641.59,7789.43
Project 0283,2025-08-01,48.35,11554.81,7396.09
Project 0283,2025-09-01,33.89,10838.56,6639.75
Project 0283,2025-10-01,36.18,12758.9,7887.25
Project 0283,2025-11-01,47.13,9810.07,7123.45
Project 0283,2025-12-01,33.86,12142.66,7206.97
Project 0283,2026-01-01,44.57,11589.36,7524.45
Project 0283,2026-02-01,51.26,13620.32,7783.07
Project 0283,2026-03-01,40.19,10312.75,6540.83
Project 0283,2026-04-01,48.11,12217.27,7051.24
Project 0283,2026-05-01,45.0,13138.63,9803.74
Project 0283,2026-06-01,47.02,12494.23,7359.62
Project 0283,2026-07-01,34.88,12994.93,8853.53
Project 0283,2026-08-01,35.56,9960.42,5693.11
Project 0284,2024-09-01,21.06,5304.06,3972.05
Project 0284,2024-10-01,25.53,5974.93,3444.33
Project 0284,2024-11-01,19.67,6215.98,3657.61
Project 0284,2024-12-01,22.18,5411.14,3057.87
Project 0284,2025-01-01,22.35,7248.85,5202.6
Project 0284,2025-02-01,24.68,7406.85,5409.24
Project 0284,2025-03-01,26.23,5492.07,3318.55
Project 0284,2025-04-01,24.37,6257.06,4572.09
Project 0284,2025-05-01,18.73,7251.53,4517.06
Project 0284,2025-06-01,24.94,6984.27,3878.16
Project 0284,2025-07-01,26.22,6205.55,4328.6
Project 0284,2025-08-01,25.27,6119.26,4040.19
Project 0284,2025-09-01,23.76,7255.24,4571.87
Project 0284,2025-10-01,18.3,7142.48,5214.74
Project 0284,2025-11-01,27.35,6764.62,4059.45
Project 0284,2025-12-01,26.02,6761.39,4668.2
Project 0284,2026-01-01,20.59,5662.13,3755.96
Project 0284,2026-02-01,25.27,6198.43,3878.57
Project 0284,2026-03-01,22.18,7134.68,3981.21
Project 0284,2026-04-01,24.37,5224.39,3438.23
Project 0284,2026-05-01,25.82,6416.18,4011.04
Project 0284,2026-06-01,27.4,7443.11,4113.01
Project 0284,2026-07-01,24.71,7216.94,4694.03
Project 0284,2026-08-01,26.35,6506.93,4816.48
Project 0285,2024-09-01,150.45,24734.2,16768.57
Project 0285,2024-10-01,185.8,20526.9,14609.45
Project 0285,2024-11-01,141.87,22935.2,15789.63
Project 0285,2024-12-01,155.73,22813.51,15691.96
Project 0285,2025-01-01,194.39,28290.9,18340.14
Project 0285,2025-02-01,147.41,25083.37,17875.48
Project 0285,2025-03-01,211.56,25116.26,18734.13
Project 0285,2025-04-01,213.33,22946.11,17011.48
Project 0285,2025-05-01,162.3,25425.1,17814.55
Project 0285,2025-06-01,185.39,22221.75,12331.21
Project 0285,2025-07-01,210.46,25327.34,15121.14
Project 0285,2025-08-01,159.18,26627.44,18414.74
Project 0285,2025-09-01,150.72,25947.76,17370.1
Project 0285,2025-10-01,166.12,27331.3,18914.77
Project 0285,2025-11-01,156.39,25725.78,18875.74
Project 0285,2025-12-01,164.0,24761.83,14432.97
Project 0285,2026-01-01,193.2,23979.19,16179.43
Project 0285,2026-02-01,198.0,26183.11,16710.09
Project 0285,2026-03-01,213.17,24385.12,18133.02
Project 0285,2026-04-01,189.7,23469.56,14164.3
Project 0285,2026-05-01,196.18,21191.55,13504.02
Project 0285,2026-06-01,195.44,21403.22,15689.29
Project 0285,2026-07-01,182.78,27975.32,18070.05
Project 0285,2026-08-01,198.08,21097.42,15592.36
Project 0286,2024-09-01,321.4,45506.8,25070.32
Project 0286,2024-10-01,277.58,38602.91,28136.64
Project 0286,2024-11-01,293.06,33699.91,19452.49
Project 0286,2024-12-01,326.6,42251.04,28662.76
Project 0286,2025-01-01,302.86,44147.04,25957.04
Project 0286,2025-02-01,347.74,38243.36,23238.0
Project 0286,2025-03-01,274.25,33659.95,20978.95
Project 0286,2025-04-01,296.8,39499.5,29564.77
Project 0286,2025-05-01,229.43,43597.39,30193.05
Project 0286,2025-06-01,339.88,44571.94,28294.32
Project 0286,2025-07-01,332.64,37253.9,26283.49
Project 0286,2025-08-01,239.96,40441.59,27514.53
Project 0286,2025-09-01,237.71,33700.15,20766.98
Project 0286,2025-10-01,284.16,38078.71,23526.12
Project 0286,2025-11-01,245.04,33243.25,19049.13
Project 0286,2025-12-01,252.07,38938.75,23702.37
Project 0286,2026-01-01,255.08,39517.53,23678.35
Project 0286,2026-02-01,295.23,44699.67,32244.19
Project 0286,2026-03-01,341.63,40133.22,24117.99
Project 0286,2026-04-01,289.47,41597.15,30521.42
Project 0286,2026-05-01,334.63,38756.68,25687.18
Project 0286,2026-06-01,338.75,42913.88,32158.86
Project 0286,2026-07-01,265.22,43237.74,26366.48
Project 0286,2026-08-01,237.39,37189.1,20852.66
Project 0287,2024-09-01,137.25,34282.59,19103.18
Project 0287,2024-10-01,113.73,34112.66,24850.97
Project 0287,2024-11-01,124.0,29074.75,21636.97
Project 0287,2024-12-01,133.56,31462.42,22857.14
Project 0287,2025-01-01,147.0,29562.99,21045.22
Project 0287,2025-02-01,110.46,28981.2,19562.14
Project 0287,2025-03-01,104.24,37919.17,26400.89
Project 0287,2025-04-01,136.97,30572.81,20994.0
Project 0287,2025-05-01,128.63,33589.73,24362.26
Project 0287,2025-06-01,135.03,31957.46,18592.25
Project 0287,2025-07-01,134.04,35721.83,22811.94
Project 0287,2025-08-01,123.66,36827.32,27151.12
Project 0287,2025-09-01,100.81,28681.04,20606.91
Project 0287,2025-10-01,119.06,37410.22,27788.03
Project 0287,2025-11-01,146.48,35461.16,23279.51
Project 0287,2025-12-01,117.62,29747.19,22194.3
Project 0287,2026-01-01,145.1,31765.97,22534.91
Project 0287,2026-02-01,122.84,32623.37,21906.2
Project 0287,2026-03-01,97.91,35298.23,26004.83
Project 0287,2026-04-01,143.71,34475.82,23318.74
Project 0287,2026-05-01,124.19,32490.73,23260.13
Project 0287,2026-06-01,145.07,31236.3,20090.91
Project 0287,2026-07-01,141.01,38772.12,27277.44
Project 0287,2026-08-01,125.26,32926.32,23628.12
Project 0288,2024-09-01,124.41,14856.29,10520.21
Project 0288,2024-10-01,114.31,14693.75,8662.95
Project 0288,2024-11-01,132.75,13284.88,9539.42
Project 0288,2024-12-01,130.97,12053.14,6690.06
Project 0288,2025-01-01,90.87,14405.97,10714.65
Project 0288,2025-02-01,118.04,17104.68,10749.28
Project 0288,2025-03-01,125.61,14687.96,8734.03
Project 0288,2025-04-01,124.36,14319.04,9007.8
Project 0288,2025-05-01,112.87,12167.98,8486.95
Project 0288,2025-06-01,89.35,17128.29,11270.14
Project 0288,2025-07-01,99.62,14362.18,9731.13
Project 0288,2025-08-01,101.69,12859.02,9082.99
Project 0288,2025-09-01,137.18,14417.16,9043.77
Project 0288,2025-10-01,102.51,14432.12,8619.71
Project 0288,2025-11-01,124.94,16841.98,10386.12
Project 0288,2025-12-01,135.79,15675.82,8853.85
Project 0288,2026-01-01,97.53,13388.65,9692.8
Project 0288,2026-02-01,102.9,12940.75,8525.01
Project 0288,2026-03-01,127.91,15260.75,9636.62
Project 0288,2026-04-01,135.77,14804.78,9023.11
Project 0288,2026-05-01,123.03,13302.49,9367.98
Project 0288,2026-06-01,98.15,14177.59,10006.32
Project 0288,2026-07-01,131.31,15520.09,11156.85
Project 0288,2026-08-01,129.12,13077.27,7650.66
Project 0289,2024-09-01,220.53,30743.73,20412.99
Project 0289,2024-10-01,162.23,28581.69,15947.93
Project 0289,2024-11-01,225.0,25540.18,16426.35
Project 0289,2024-12-01,226.15,24493.21,14591.23
Project 0289,2025-01-01,192.76,30273.12,19456.5
Project 0289,2025-02-01,231.89,24974.71,14179.57
Project 0289,2025-03-01,208.76,23722.15,17080.5
Project 0289,2025-04-01,217.33,23244.27,16236.17
Project 0289,2025-05-01,195.71,27989.16,17191.43
Project 0289,2025-06-01,212.14,25743.37,14495.0
Project 0289,2025-07-01,177.51,28022.47,18027.45
Project 0289,2025-08-01,230.62,27769.1,18489.08
Project 0289,2025-09-01,160.08,24529.97,16567.48
Project 0289,2025-10-01,211.91,27633.11,17737.12
Project 0289,2025-11-01,233.64,30367.15,16944.89
Project 0289,2025-12-01,156.2,29576.06,18899.68
Project 0289,2026-01-01,214.04,26818.54,16640.39
Project 0289,2026-02-01,183.13,30325.91,18756.68
Project 0289,2026-03-01,212.96,24487.03,13842.94
Project 0289,2026-04-01,176.48,25856.54,15407.06
Project 0289,2026-05-01,169.78,22907.8,14643.79
Project 0289,2026-06-01,176.71,27229.88,18517.65
Project 0289,2026-07-01,185.26,25590.42,18080.27
Project 0289,2026-08-01,236.53,27700.64,17225.93
Project 0290,2024-09-01,125.74,12390.39,9020.67
Project 0290,2024-10-01,88.82,12903.55,7324.82
Project 0290,2024-11-01,108.15,11779.53,8408.52
Project 0290,2024-12-01,129.21,9143.67,5276.34
Project 0290,2025-01-01,137.4,10251.05,5743.86
Project 0290,2025-02-01,92.7,10485.01,7556.76
Project 0290,2025-03-01,128.88,11893.65,7795.76
Project 0290,2025-04-01,88.55,10519.55,6370.48
Project 0290,2025-05-01,122.01,11143.67,6639.26
Project 0290,2025-06-01,98.62,9648.76,5990.09
Project 0290,2025-07-01,96.36,9686.47,5412.32
Project 0290,2025-08-01,99.54,12505.34,8933.57
Project 0290,2025-09-01,120.39,10840.25,6126.26
Project 0290,2025-10-01,103.09,11418.36,6497.53
Project 0290,2025-11-01,118.94,12710.31,7605.11
Project 0290,2025-12-01,106.47,10765.99,7429.78
Project 0290,2026-01-01,89.43,11513.28,6787.83
Project 0290,2026-02-01,110.95,10998.71,7185.84
Project 0290,2026-03-01,122.9,11940.59,7457.65
Project 0290,2026-04-01,91.61,12588.34,8395.19
Project 0290,2026-05-01,116.18,12875.27,8253.32
Project 0290,2026-06-01,129.37,9628.93,6015.76
Project 0290,2026-07-01,98.42,11886.61,6637.16
Project 0290,2026-08-01,102.65,10311.61,7472.77
Project 0291,2024-09-01,26.26,6736.42,3730.63
Project 0291,2024-10-01,27.47,5375.72,3065.68
Project 0291,2024-11-01,20.26,6385.63,4383.78
Project 0291,2024-12-01,25.52,6693.36,4791.22
Project 0291,2025-01-01,27.85,6558.63,4191.16
Project 0291,2025-02-01,30.02,5468.91,3717.32
Project 0291,2025-03-01,26.47,6593.88,3853.29
Project 0291,2025-04-01,22.23,6981.81,5112.42
Project 0291,2025-05-01,24.42,5332.56,3402.26
Project 0291,2025-06-01,30.34,6857.66,4900.79
Project 0291,2025-07-01,20.18,5692.94,3907.16
Project 0291,2025-08-01,28.83,5766.23,4088.09
Project 0291,2025-09-01,28.73,5827.75,4184.25
Project 0291,2025-10-01,26.82,6872.84,4850.14
Project 0291,2025-11-01,20.6,5945.02,3454.32
Project 0291,2025-12-01,22.1,5161.68,2849.47
Project 0291,2026-01-01,26.57,6723.66,4213.25
Project 0291,2026-02-01,25.45,5763.72,3255.22
Project 0291,2026-03-01,29.92,5474.81,3825.44
Project 0291,2026-04-01,25.65,6092.22,3666.27
Project 0291,2026-05-01,27.0,5895.18,4082.57
Project 0291,2026-06-01,29.48,5243.82,3246.78
Project 0291,2026-07-01,27.12,5963.61,3862.15
Project 0291,2026-08-01,21.41,6110.5,3888.92
Project 0292,2024-09-01,206.8,15174.47,8927.6
Project 0292,2024-10-01,219.26,17078.41,10011.58
Project 0292,2024-11-01,299.01,16785.02,11879.41
Project 0292,2024-12-01,262.77,18868.02,11924.32
Project 0292,2025-01-01,226.55,17830.55,10085.15
Project 0292,2025-02-01,230.81,15553.79,10656.02
Project 0292,2025-03-01,212.68,16776.35,12275.27
Project 0292,2025-04-01,248.66,17024.56,12554.58
Project 0292,2025-05-01,286.04,14091.37,8777.98
Project 0292,2025-06-01,301.94,17628.01,11520.66
Project 0292,2025-07-01,200.36,13649.87,8409.85
Project 0292,2025-08-01,229.58,18138.14,11189.3
Project 0292,2025-09-01,210.2,18154.71,13059.82
Project 0292,2025-10-01,202.88,15087.7,8652.32
Project 0292,2025-11-01,247.94,19148.7,11513.87
Project 0292,2025-12-01,273.96,16598.41,10187.43
Project 0292,2026-01-01,225.52,17804.71,10192.62
Project 0292,2026-02-01,214.13,16766.56,12375.35
Project 0292,2026-03-01,282.22,13518.66,8190.88
Project 0292,2026-04-01,203.88,18519.12,13715.26
Project 0292,2026-05-01,285.85,14115.57,9224.08
Project 0292,2026-06-01,228.66,16061.03,11536.22
Project 0292,2026-07-01,278.34,14697.18,9393.82
Project 0292,2026-08-01,265.97,19420.35,11085.87
Project 0293,2024-09-01,184.78,18060.83,10965.29
Project 0293,2024-10-01,264.83,17552.07,12595.32
Project 0293,2024-11-01,232.18,15337.16,9121.14
Project 0293,2024-12-01,180.24,17397.02,12177.03
Project 0293,2025-01-01,200.34,21606.37,13360.4
Project 0293,2025-02-01,272.65,16638.2,9182.15
Project 0293,2025-03-01,266.62,19158.01,11250.76
Project 0293,2025-04-01,183.19,19198.96,13687.26
Project 0293,2025-05-01,278.62,17092.16,12552.51
Project 0293,2025-06-01,228.58,20150.46,14172.18
Project 0293,2025-07-01,209.59,16131.98,8959.37
Project 0293,2025-08-01,259.98,19566.35,14464.56
Project 0293,2025-09-01,252.51,19843.29,14467.57
Project 0293,2025-10-01,228.01,21511.49,12303.66
Project 0293,2025-11-01,234.6,18373.92,12426.45
Project 0293,2025-12-01,271.38,21864.71,13758.87
Project 0293,2026-01-01,199.88,16017.45,9366.36
Project 0293,2026-02-01,267.2,17636.83,11245.13
Project 0293,2026-03-01,196.26,19047.29,12353.49
Project 0293,2026-04-01,256.72,21092.56,11943.41
Project 0293,2026-05-01,205.89,21015.41,14356.54
Project 0293,2026-06-01,246.67,16237.29,9046.45
Project 0293,2026-07-01,243.75,19270.05,11540.82
Project 0293,2026-08-01,182.71,21515.49,15670.63
Project 0294,2024-09-01,106.77,10620.43,7225.18
Project 0294,2024-10-01,89.66,9769.83,6408.37
Project 0294,2024-11-01,117.21,12470.17,6909.94
Project 0294,2024-12-01,104.79,10503.62,6885.61
Project 0294,2025-01-01,76.57,12854.41,8195.3
Project 0294,2025-02-01,85.26,11762.68,8177.11
Project 0294,2025-03-01,95.38,9423.39,6457.35
Project 0294,2025-04-01,79.03,10162.03,7534.17
Project 0294,2025-05-01,115.98,12738.16,9498.85
Project 0294,2025-06-01,82.67,9835.33,5476.73
Project 0294,2025-07-01,108.45,12650.57,8560.04
Project 0294,2025-08-01,100.75,12793.31,7368.26
Project 0294,2025-09-01,81.56,9804.14,5995.54
Project 0294,2025-10-01,110.36,10610.87,6241.85
Project 0294,2025-11-01,97.12,11987.86,8990.08
Project 0294,2025-12-01,117.82,12191.77,7540.25
Project 0294,2026-01-01,97.76,9589.89,5512.73
Project 0294,2026-02-01,87.53,11060.57,7169.57
Project 0294,2026-03-01,88.36,12880.74,9643.64
Project 0294,2026-04-01,84.85,10013.02,6598.16
Project 0294,2026-05-01,108.31,12452.39,8650.77
Project 0294,2026-06-01,76.81,10225.23,5954.66
Project 0294,2026-07-01,117.94,10491.34,7700.18
Project 0294,2026-08-01,107.28,9898.82,6590.67
Project 0295,2024-09-01,322.36,32601.75,21100.33
Project 0295,2024-10-01,310.69,41224.58,30372.78
Project 0295,2024-11-01,303.64,38213.72,23435.93
Project 0295,2024-12-01,363.16,42401.47,29614.7
Project 0295,2025-01-01,315.54,35986.76,22648.05
Project 0295,2025-02-01,370.88,34538.55,21271.25
Project 0295,2025-03-01,306.81,36459.89,23354.95
Project 0295,2025-04-01,392.84,42681.92,30342.64
Project 0295,2025-05-01,308.49,40577.16,28281.11
Project 0295,2025-06-01,387.15,32455.45,22915.02
Project 0295,2025-07-01,280.76,41258.46,30921.91
Project 0295,2025-08-01,377.52,42464.62,23899.16
Project 0295,2025-09-01,278.98,37471.48,23315.03
Project 0295,2025-10-01,399.41,39869.34,24184.24
Project 0295,2025-11-01,290.9,40608.17,25209.26
Project 0295,2025-12-01,379.47,45128.37,29746.87
Project 0295,2026-01-01,323.57,35419.4,20590.67
Project 0295,2026-02-01,288.77,36840.0,26121.83
Project 0295,2026-03-01,294.66,33033.31,22734.62
Project 0295,2026-04-01,412.44,44504.12,31918.56
Project 0295,2026-05-01,309.29,34857.91,25242.37
Project 0295,2026-06-01,363.22,44320.09,27156.17
Project 0295,2026-07-01,395.37,35033.58,20706.63
Project 0295,2026-08-01,412.95,41144.04,28432.93
Project 0296,2024-09-01,240.58,67172.22,38192.71
Project 0296,2024-10-01,268.51,78490.92,46411.24
Project 0296,2024-11-01,208.21,66379.85,49498.38
Project 0296,2024-12-01,253.8,82235.43,60789.9
Project 0296,2025-01-01,296.09,78250.12,53678.88
Project 0296,2025-02-01,227.38,80355.8,53234.08
Project 0296,2025-03-01,209.45,82799.51,47583.93
Project 0296,2025-04-01,242.03,66854.49,39212.88
Project 0296,2025-05-01,241.94,76855.92,44700.94
Project 0296,2025-06-01,289.41,84290.38,50507.79
Project 0296,2025-07-01,294.83,69899.99,49501.91
Project 0296,2025-08-01,318.0,65026.78,45977.47
Project 0296,2025-09-01,224.17,82995.95,48027.55
Project 0296,2025-10-01,214.79,68431.96,38883.96
Project 0296,2025-11-01,291.47,64149.18,35669.9
Project 0296,2025-12-01,318.9,62565.54,35457.85
Project 0296,2026-01-01,283.2,74561.68,55303.8
Project 0296,2026-02-01,259.3,84131.3,62125.31
Project 0296,2026-03-01,286.44,71783.38,43207.97
Project 0296,2026-04-01,270.85,77181.14,51816.81
Project 0296,2026-05-01,227.67,78396.2,47841.48
Project 0296,2026-06-01,226.53,79811.55,49391.22
Project 0296,2026-07-01,318.13,77969.08,44057.21
Project 0296,2026-08-01,216.84,74009.66,46317.2
Project 0297,2024-09-01,111.17,10476.6,7350.03
Project 0297,2024-10-01,114.11,10782.91,6894.2
Project 0297,2024-11-01,105.33,10937.16,6845.9
Project 0297,2024-12-01,116.15,10709.07,7598.13
Project 0297,2025-01-01,98.79,13136.83,7670.67
Project 0297,2025-02-01,96.34,13307.53,9310.12
Project 0297,2025-03-01,116.67,13209.78,8295.23
Project 0297,2025-04-01,111.67,13723.02,9127.86
Project 0297,2025-05-01,83.16,12700.91,7977.48
Project 0297,2025-06-01,88.55,13481.23,8532.0
Project 0297,2025-07-01,97.58,11455.09,7588.66
Project 0297,2025-08-01,92.94,13970.69,9653.63
Project 0297,2025-09-01,108.17,12956.69,7378.77
Project 0297,2025-10-01,125.26,12166.52,7523.92
Project 0297,2025-11-01,125.54,12453.07,8836.68
Project 0297,2025-12-01,126.08,12660.04,7394.94
Project 0297,2026-01-01,99.93,13019.49,8099.25
Project 0297,2026-02-01,82.65,11946.44,7317.26
Project 0297,2026-03-01,87.51,10437.56,6444.86
Project 0297,2026-04-01,90.4,13145.14,8626.93
Project 0297,2026-05-01,92.25,12916.94,9491.89
Project 0297,2026-06-01,92.72,13418.57,10036.12
Project 0297,2026-07-01,94.34,12578.58,8631.51
Project 0297,2026-08-01,109.17,12566.14,8700.03
Project 0298,2024-09-01,192.3,18897.27,13635.87
Project 0298,2024-10-01,125.17,22429.74,14984.8
Project 0298,2024-11-01,183.5,22139.28,16366.05
Project 0298,2024-12-01,151.93,23688.4,17275.95
Project 0298,2025-01-01,148.08,16917.54,9689.96
Project 0298,2025-02-01,188.71,23445.82,14095.67
Project 0298,2025-03-01,192.65,19629.73,13018.69
Project 0298,2025-04-01,158.58,20589.72,14191.21
Project 0298,2025-05-01,149.15,23974.66,14013.95
Project 0298,2025-06-01,124.75,18280.91,12085.18
Project 0298,2025-07-01,173.56,23786.54,17806.43
Project 0298,2025-08-01,157.98,23641.59,15303.44
Project 0298,2025-09-01,131.13,21561.22,14479.15
Project 0298,2025-10-01,168.61,20345.68,13490.04
Project 0298,2025-11-01,166.14,19208.62,11970.87
Project 0298,2025-12-01,170.89,18352.0,11218.02
Project 0298,2026-01-01,137.36,23489.89,15738.91
Project 0298,2026-02-01,137.25,21140.89,13487.41
Project 0298,2026-03-01,145.76,21910.31,12549.48
Project 0298,2026-04-01,139.11,21464.17,14730.75
Project 0298,2026-05-01,132.01,23123.22,14741.56
Project 0298,2026-06-01,167.89,20203.98,12463.46
Project 0298,2026-07-01,124.16,20008.99,11494.87
Project 0298,2026-08-01,138.53,21128.41,12231.56
Project 0299,2024-09-01,176.3,53657.03,30151.2
Project 0299,2024-10-01,176.38,52823.34,37498.19
Project 0299,2024-11-01,230.1,48276.05,30247.81
Project 0299,2024-12-01,166.09,60870.75,44687.7
Project 0299,2025-01-01,174.15,62763.13,37266.04
Project 0299,2025-02-01,246.14,60226.79,38494.95
Project 0299,2025-03-01,183.14,56971.27,35698.32
Project 0299,2025-04-01,193.53,52867.74,29295.05
Project 0299,2025-05-01,223.95,47832.1,32829.99
Project 0299,2025-06-01,242.81,53776.63,32439.27
Project 0299,2025-07-01,228.62,55124.25,38516.06
Project 0299,2025-08-01,163.91,64691.2,37957.67
Project 0299,2025-09-01,192.39,60156.39,33610.12
Project 0299,2025-10-01,197.45,59044.14,36773.81
Project 0299,2025-11-01,161.79,52422.6,30744.39
Project 0299,2025-12-01,186.64,56736.97,41127.37
Project 0299,2026-01-01,241.88,49927.68,31502.63
Project 0299,2026-02-01,189.27,52658.52,32438.39
Project 0299,2026-03-01,193.84,57401.56,39000.99
Project 0299,2026-04-01,223.11,55728.51,37387.44
Project 0299,2026-05-01,236.12,52013.3,36918.85
Project 0299,2026-06-01,177.36,67318.72,48440.37
Project 0299,2026-07-01,220.4,64913.53,42276.69
Project 0299,2026-08-01,250.85,66666.62,45222.6
Project 0300,2024-09-01,22.76,6977.79,3962.35
Project 0300,2024-10-01,24.26,6795.88,4844.55
Project 0300,2024-11-01,20.79,8507.8,5372.97
Project 0300,2024-12-01,18.26,8613.59,6042.29
Project 0300,2025-01-01,17.54,7501.79,4152.22
Project 0300,2025-02-01,20.37,7041.64,4130.89
Project 0300,2025-03-01,20.97,7122.86,4936.03
Project 0300,2025-04-01,21.41,6168.46,3462.56
Project 0300,2025-05-01,16.87,6103.68,4154.95
Project 0300,2025-06-01,15.7,6168.67,3538.3
Project 0300,2025-07-01,23.56,8534.54,4841.59
Project 0300,2025-08-01,23.92,6831.27,3890.66
Project 0300,2025-09-01,16.28,6278.86,4679.61
Project 0300,2025-10-01,17.42,7989.53,4467.66
Project 0300,2025-11-01,19.29,8575.48,5742.78
Project 0300,2025-12-01,22.24,6765.81,3987.5
Project 0300,2026-01-01,17.56,8105.08,4616.51
Project 0300,2026-02-01,22.73,7292.39,4572.13
Project 0300,2026-03-01,20.42,6105.5,4188.95
Project 0300,2026-04-01,19.08,7983.16,4545.64
Project 0300,2026-05-01,18.44,7570.69,5597.6
Project 0300,2026-06-01,19.7,7355.4,4500.34
Project 0300,2026-07-01,20.06,6923.0,4232.26
Project 0300,2026-08-01,19.41,8383.08,5100.31
Project 0301,2024-09-01,240.14,53995.2,29975.83
Project 0301,2024-10-01,228.02,60511.51,37393.51
Project 0301,2024-11-01,240.46,67143.31,49973.41
Project 0301,2024-12-01,226.8,61811.48,37035.45
Project 0301,2025-01-01,176.15,59084.57,40641.61
Project 0301,2025-02-01,227.05,57450.82,34527.86
Project 0301,2025-03-01,217.85,64294.78,41558.35
Project 0301,2025-04-01,243.49,71407.65,43014.53
Project 0301,2025-05-01,219.75,61704.31,43749.0
Project 0301,2025-06-01,201.58,68991.09,49275.52
Project 0301,2025-07-01,249.1,54528.41,32703.79
Project 0301,2025-08-01,257.99,57147.98,36232.67
Project 0301,2025-09-01,188.55,72468.45,46573.28
Project 0301,2025-10-01,174.02,66759.16,38745.08
Project 0301,2025-11-01,271.91,51008.27,35814.18
Project 0301,2025-12-01,188.98,58820.8,33414.72
Project 0301,2026-01-01,270.23,62323.32,42686.63
Project 0301,2026-02-01,223.13,58634.54,43963.05
Project 0301,2026-03-01,269.07,62032.66,34320.95
Project 0301,2026-04-01,235.66,66505.07,45693.37
Project 0301,2026-05-01,177.86,63178.44,36637.99
Project 0301,2026-06-01,196.57,70957.39,53117.81
Project 0301,2026-07-01,217.53,65589.9,48143.63
Project 0301,2026-08-01,216.01,68142.4,38413.14
Project 0302,2024-09-01,369.79,48693.32,34482.03
Project 0302,2024-10-01,297.85,46787.5,33769.77
Project 0302,2024-11-01,292.2,35322.47,19756.28
Project 0302,2024-12-01,335.59,36995.44,20623.16
Project 0302,2025-01-01,291.53,38088.25,25940.68
Project 0302,2025-02-01,324.71,42525.89,29924.89
Project 0302,2025-03-01,308.55,42339.09,31436.36
Project 0302,2025-04-01,302.21,35416.04,23795.27
Project 0302,2025-05-01,377.35,47373.4,26491.9
Project 0302,2025-06-01,363.21,46235.94,27409.4
Project 0302,2025-07-01,367.54,37029.08,22213.74
Project 0302,2025-08-01,290.18,35313.84,19642.04
Project 0302,2025-09-01,306.57,39135.07,23648.54
Project 0302,2025-10-01,291.5,49490.45,31847.45
Project 0302,2025-11-01,386.58,50069.25,30634.95
Project 0302,2025-12-01,344.55,40328.52,29583.9
Project 0302,2026-01-01,315.11,35442.38,25516.92
Project 0302,2026-02-01,363.18,41625.04,28654.05
Project 0302,2026-03-01,323.41,38459.97,25508.09
Project 0302,2026-04-01,378.23,46333.67,32525.62
Project 0302,2026-05-01,355.91,35725.09,23202.13
Project 0302,2026-06-01,312.15,44147.56,30585.66
Project 0302,2026-07-01,342.51,45691.83,33004.17
Project 0302,2026-08-01,301.57,36861.18,23923.87
Project 0303,2024-09-01,217.06,43119.64,26622.73
Project 0303,2024-10-01,315.46,42684.84,30863.23
Project 0303,2024-11-01,309.37,34477.76,22447.36
Project 0303,2024-12-01,236.94,38616.36,26696.84
Project 0303,2025-01-01,249.45,34734.36,23527.79
Project 0303,2025-02-01,235.22,33566.56,20939.91
Project 0303,2025-03-01,235.25,40720.1,28807.99
Project 0303,2025-04-01,289.38,39624.16,25555.65
Project 0303,2025-05-01,210.09,40292.46,24623.58
Project 0303,2025-06-01,326.1,39405.29,21692.72
Project 0303,2025-07-01,318.54,37156.95,26853.62
Project 0303,2025-08-01,271.57,30686.5,16903.89
Project 0303,2025-09-01,245.28,40873.09,28738.61
Project 0303,2025-10-01,324.77,42936.07,31292.76
Project 0303,2025-11-01,231.67,33092.23,22342.42
Project 0303,2025-12-01,209.62,37609.92,23632.02
Project 0303,2026-01-01,315.51,42429.66,25066.65
Project 0303,2026-02-01,275.24,35455.6,25547.78
Project 0303,2026-03-01,323.83,37449.64,26582.14
Project 0303,2026-04-01,295.63,43046.37,31231.21
Project 0303,2026-05-01,238.72,41423.72,24684.69
Project 0303,2026-06-01,218.57,41867.36,26448.14
Project 0303,2026-07-01,305.37,41286.21,23853.38
Project 0303,2026-08-01,265.65,36861.06,22660.13
Project 0304,2024-09-01,253.05,75252.23,56140.98
Project 0304,2024-10-01,225.8,55271.68,39631.31
Project 0304,2024-11-01,211.85,63634.03,47697.62
Project 0304,2024-12-01,241.82,74217.12,49157.11
Project 0304,2025-01-01,287.57,53864.25,38311.43
Project 0304,2025-02-01,202.84,54565.96,38971.35
Project 0304,2025-03-01,283.45,55743.91,41806.72
Project 0304,2025-04-01,262.08,74529.79,48254.8
Project 0304,2025-05-01,261.19,55639.69,35018.12
Project 0304,2025-06-01,215.17,67100.56,40155.07
Project 0304,2025-07-01,269.97,61322.38,38958.0
Project 0304,2025-08-01,229.87,61026.6,33958.71
Project 0304,2025-09-01,242.38,74627.8,42609.88
Project 0304,2025-10-01,287.84,60479.14,40437.05
Project 0304,2025-11-01,229.17,60549.58,36432.37
Project 0304,2025-12-01,272.94,54450.24,33132.74
Project 0304,2026-01-01,234.67,73401.51,43055.78
Project 0304,2026-02-01,223.98,72542.96,50166.78
Project 0304,2026-03-01,285.68,73373.76,41614.88
Project 0304,2026-04-01,242.02,53900.04,32493.54
Project 0304,2026-05-01,191.93,64724.58,42091.54
Project 0304,2026-06-01,272.58,56636.49,39753.0
Project 0304,2026-07-01,272.34,55443.36,34097.21
Project 0304,2026-08-01,203.21,61993.46,44453.08
Project 0305,2024-09-01,26.14,8724.36,6484.38
Project 0305,2024-10-01,39.04,8241.78,5029.53
Project 0305,2024-11-01,35.09,10108.11,7300.65
Project 0305,2024-12-01,38.1,10577.31,6671.46
Project 0305,2025-01-01,35.78,10053.23,5653.14
Project 0305,2025-02-01,32.21,10426.98,6015.22
Project 0305,2025-03-01,34.2,8791.39,5842.67
Project 0305,2025-04-01,29.15,9275.91,6275.53
Project 0305,2025-05-01,31.08,10354.52,7000.86
Project 0305,2025-06-01,26.14,8203.19,5472.73
Project 0305,2025-07-01,35.95,7566.19,5175.81
Project 0305,2025-08-01,31.41,8609.63,6315.61
Project 0305,2025-09-01,33.62,7454.59,5476.68
Project 0305,2025-10-01,33.93,10375.83,6497.82
Project 0305,2025-11-01,27.96,7732.72,5304.14
Project 0305,2025-12-01,38.27,7465.94,4984.16
Project 0305,2026-01-01,28.92,7558.4,5055.36
Project 0305,2026-02-01,36.77,7527.45,5525.03
Project 0305,2026-03-01,36.1,10529.0,7595.25
Project 0305,2026-04-01,32.1,9392.37,6505.41
Project 0305,2026-05-01,27.03,8138.96,5716.56
Project 0305,2026-06-01,33.83,10519.16,6800.73
Project 0305,2026-07-01,32.39,9144.94,5838.5
Project 0305,2026-08-01,32.41,10483.0,5935.69
Project 0306,2024-09-01,24.84,7897.35,5466.06
Project 0306,2024-10-01,28.57,7416.07,4170.79
Project 0306,2024-11-01,24.69,6003.67,4134.33
Project 0306,2024-12-01,25.33,6494.95,4846.28
Project 0306,2025-01-01,30.14,6472.15,4628.18
Project 0306,2025-02-01,30.92,8223.04,5357.02
Project 0306,2025-03-01,27.48,7681.02,4699.17
Project 0306,2025-04-01,24.26,6640.16,3942.21
Project 0306,2025-05-01,31.49,7876.3,5698.93
Project 0306,2025-06-01,20.9,6480.08,4545.25
Project 0306,2025-07-01,29.87,6925.97,4888.68
Project 0306,2025-08-01,23.26,7534.72,4300.87
Project 0306,2025-09-01,26.21,6569.92,4900.45
Project 0306,2025-10-01,22.62,6080.84,4107.34
Project 0306,2025-11-01,30.26,6703.77,3874.0
Project 0306,2025-12-01,30.88,8408.89,6117.52
Project 0306,2026-01-01,24.12,6363.95,4523.62
Project 0306,2026-02-01,28.48,8006.81,5121.24
Project 0306,2026-03-01,31.47,6722.47,3884.6
Project 0306,2026-04-01,20.41,6029.25,4250.65
Project 0306,2026-05-01,26.55,6062.77,3779.88
Project 0306,2026-06-01,28.89,6296.23,3532.2
Project 0306,2026-07-01,26.82,6740.08,4249.51
Project 0306,2026-08-01,31.04,6586.74,4849.12
Project 0307,2024-09-01,193.44,72528.48,44349.5
Project 0307,2024-10-01,209.15,84330.94,47891.92
Project 0307,2024-11-01,206.17,84265.56,53350.08
Project 0307,2024-12-01,166.88,70428.45,52211.46
Project 0307,2025-01-01,169.8,81256.92,53000.13
Project 0307,2025-02-01,173.06,76272.76,48467.09
Project 0307,2025-03-01,183.54,78693.34,48500.42
Project 0307,2025-04-01,195.2,64634.45,43096.41
Project 0307,2025-05-01,213.38,64486.73,40598.18
Project 0307,2025-06-01,186.32,79564.07,52806.66
Project 0307,2025-07-01,220.22,77809.0,54574.28
Project 0307,2025-08-01,245.01,65018.95,46731.01
Project 0307,2025-09-01,238.25,76453.79,47897.27
Project 0307,2025-10-01,223.51,62279.07,46003.61
Project 0307,2025-11-01,216.01,65703.56,46825.95
Project 0307,2025-12-01,182.86,85654.66,49315.4
Project 0307,2026-01-01,210.04,68012.06,49903.55
Project 0307,2026-02-01,240.89,76996.5,54206.11
Project 0307,2026-03-01,159.88,77422.08,47739.63
Project 0307,2026-04-01,186.99,62901.13,35379.79
Project 0307,2026-05-01,194.97,65863.59,43007.4
Project 0307,2026-06-01,224.01,67187.71,44886.29
Project 0307,2026-07-01,224.03,79928.57,55581.06
Project 0307,2026-08-01,179.31,86491.32,52243.45
Project 0308,2024-09-01,140.63,5625.67,3538.76
Project 0308,2024-10-01,115.25,6575.92,4470.39
Project 0308,2024-11-01,120.95,6866.25,4415.57
Project 0308,2024-12-01,151.49,7516.96,4475.51
Project 0308,2025-01-01,109.1,7480.45,4733.52
Project 0308,2025-02-01,160.54,5592.38,3121.34
Project 0308,2025-03-01,159.99,5760.5,3838.98
Project 0308,2025-04-01,106.04,7282.68,4615.9
Project 0308,2025-05-01,139.87,7730.09,5565.18
Project 0308,2025-06-01,146.18,7680.67,4727.66
Project 0308,2025-07-01,109.34,6132.49,3897.53
Project 0308,2025-08-01,133.76,7566.81,5540.41
Project 0308,2025-09-01,164.14,7334.57,5424.2
Project 0308,2025-10-01,157.36,7072.99,4948.38
Project 0308,2025-11-01,148.02,7065.69,4905.07
Project 0308,2025-12-01,130.49,6299.88,3835.45
Project 0308,2026-01-01,132.58,5753.46,4199.97
Project 0308,2026-02-01,108.43,6942.47,4944.7
Project 0308,2026-03-01,154.85,7614.11,5295.68
Project 0308,2026-04-01,126.01,5757.86,3817.79
Project 0308,2026-05-01,111.44,5584.68,4115.08
Project 0308,2026-06-01,121.57,7064.03,4347.71
Project 0308,2026-07-01,109.57,6311.72,4404.54
Project 0308,2026-08-01,153.39,5821.0,4186.32
Project 0309,2024-09-01,161.69,27910.39,16309.91
Project 0309,2024-10-01,155.72,27313.88,18636.59
Project 0309,2024-11-01,134.39,22936.17,14105.92
Project 0309,2024-12-01,161.39,27281.32,18118.02
Project 0309,2025-01-01,118.64,29021.34,21058.69
Project 0309,2025-02-01,114.7,26938.56,18281.66
Project 0309,2025-03-01,126.43,26754.64,18805.44
Project 0309,2025-04-01,133.0,30727.38,19935.41
Project 0309,2025-05-01,171.95,23040.07,14141.06
Project 0309,2025-06-01,142.99,23675.85,13226.67
Project 0309,2025-07-01,116.63,24229.94,13943.71
Project 0309,2025-08-01,168.27,22887.19,16846.96
Project 0309,2025-09-01,152.74,26345.88,18157.06
Project 0309,2025-10-01,136.05,25551.67,17505.8
Project 0309,2025-11-01,149.57,25412.33,16595.23
Project 0309,2025-12-01,165.51,26822.53,18529.31
Project 0309,2026-01-01,163.05,30986.18,17945.91
Project 0309,2026-02-01,155.0,28865.34,19605.59
Project 0309,2026-03-01,116.3,26405.27,19547.74
Project 0309,2026-04-01,143.53,29948.11,17421.3
Project 0309,2026-05-01,139.93,29686.09,18643.54
Project 0309,2026-06-01,160.97,28167.6,15846.2
Project 0309,2026-07-01,159.39,29142.83,19462.81
Project 0309,2026-08-01,122.87,25046.8,14289.97
Project 0310,2024-09-01,302.4,78869.82,49866.82
Project 0310,2024-10-01,318.25,87231.73,54789.42
Project 0310,2024-11-01,382.49,89460.25,58001.14
Project 0310,2024-12-01,305.53,79495.55,55005.49
Project 0310,2025-01-01,412.71,89207.4,61779.05
Project 0310,2025-02-01,350.31,88827.91,60709.24
Project 0310,2025-03-01,308.54,85497.74,55695.34
Project 0310,2025-04-01,323.66,110726.48,69804.86
Project 0310,2025-05-01,362.18,85403.05,59613.9
Project 0310,2025-06-01,386.46,94025.73,57404.68
Project 0310,2025-07-01,310.42,103211.26,72880.56
Project 0310,2025-08-01,393.79,107475.91,63743.37
Project 0310,2025-09-01,353.73,102772.06,76792.04
Project 0310,2025-10-01,389.7,91298.95,56971.97
Project 0310,2025-11-01,287.65,92515.7,55318.12
Project 0310,2025-12-01,295.1,84501.68,46628.31
Project 0310,2026-01-01,342.82,106204.66,75493.83
Project 0310,2026-02-01,398.99,99954.45,65045.66
Project 0310,2026-03-01,365.82,82072.26,56264.88
Project 0310,2026-04-01,394.35,100435.68,69933.35
Project 0310,2026-05-01,397.1,93749.49,64533.15
Project 0310,2026-06-01,353.94,82980.17,57730.23
Project 0310,2026-07-01,417.18,97910.63,55838.26
Project 0310,2026-08-01,397.92,103740.2,71635.79
Project 0311,2024-09-01,208.21,13673.71,9124.65
Project 0311,2024-10-01,256.74,13732.65,7854.88
Project 0311,2024-11-01,183.7,14971.69,9851.85
Project 0311,2024-12-01,186.76,15362.88,10612.78
Project 0311,2025-01-01,231.13,12416.52,8084.53
Project 0311,2025-02-01,181.5,13225.77,9220.62
Project 0311,2025-03-01,179.06,13654.37,9620.29
Project 0311,2025-04-01,242.43,12892.13,8547.22
Project 0311,2025-05-01,178.07,12695.75,8489.01
Project 0311,2025-06-01,177.01,11829.05,8167.3
Project 0311,2025-07-01,202.44,14458.36,9511.37
Project 0311,2025-08-01,225.74,14728.5,9993.45
Project 0311,2025-09-01,208.53,16513.1,10076.79
Project 0311,2025-10-01,184.96,11896.74,6796.01
Project 0311,2025-11-01,230.1,13417.05,7503.71
Project 0311,2025-12-01,209.37,15424.74,11455.96
Project 0311,2026-01-01,245.83,14609.42,10551.45
Project 0311,2026-02-01,221.18,16249.78,10226.78
Project 0311,2026-03-01,209.83,14569.14,8714.43
Project 0311,2026-04-01,193.32,13358.06,8066.77
Project 0311,2026-05-01,212.21,12179.15,7271.65
Project 0311,2026-06-01,247.86,13995.08,8952.13
Project 0311,2026-07-01,185.04,16586.42,11943.1
Project 0311,2026-08-01,261.68,12970.77,7723.18
Project 0312,2024-09-01,20.11,6259.16,4230.96
Project 0312,2024-10-01,26.86,5168.82,3500.15
Project 0312,2024-11-01,26.38,6623.92,4184.0
Project 0312,2024-12-01,26.72,5117.01,2933.44
Project 0312,2025-01-01,22.17,6427.48,4208.92
Project 0312,2025-02-01,23.45,5947.48,4060.79
Project 0312,2025-03-01,19.81,5233.92,3882.81
Project 0312,2025-04-01,27.34,5378.04,3503.83
Project 0312,2025-05-01,20.66,6098.25,3986.85
Project 0312,2025-06-01,24.44,5527.0,4107.9
Project 0312,2025-07-01,27.8,4998.79,3079.6
Project 0312,2025-08-01,22.43,5316.77,3295.1
Project 0312,2025-09-01,22.43,5454.56,3728.18
Project 0312,2025-10-01,23.11,4815.99,2918.69
Project 0312,2025-11-01,21.05,6268.36,4626.91
Project 0312,2025-12-01,23.53,5069.43,2990.66
Project 0312,2026-01-01,27.87,5309.22,3425.94
Project 0312,2026-02-01,19.94,5053.04,3011.53
Project 0312,2026-03-01,28.81,6669.14,4255.14
Project 0312,2026-04-01,29.41,5712.29,3817.35
Project 0312,2026-05-01,24.88,6535.32,3855.97
Project 0312,2026-06-01,25.27,6215.75,4249.63
Project 0312,2026-07-01,26.61,5042.01,3158.57
Project 0312,2026-08-01,26.88,5402.71,3611.43
Project 0313,2024-09-01,400.51,28408.16,19608.43
Project 0313,2024-10-01,348.62,28328.7,17839.8
Project 0313,2024-11-01,314.31,30248.11,20872.67
Project 0313,2024-12-01,279.92,24962.54,14377.24
Project 0313,2025-01-01,306.5,28267.33,17102.01
Project 0313,2025-02-01,261.91,27855.95,16692.54
Project 0313,2025-03-01,362.61,25421.39,16752.7
Project 0313,2025-04-01,307.46,30410.7,18528.88
Project 0313,2025-05-01,398.5,22446.34,14596.82
Project 0313,2025-06-01,394.33,26989.27,16409.04
Project 0313,2025-07-01,354.94,25339.68,17916.05
Project 0313,2025-08-01,374.46,28894.11,19215.21
Project 0313,2025-09-01,339.27,30476.86,18160.19
Project 0313,2025-10-01,363.28,27368.5,18630.15
Project 0313,2025-11-01,264.18,24477.33,14698.54
Project 0313,2025-12-01,285.33,31650.22,20347.11
Project 0313,2026-01-01,387.85,28303.99,19870.86
Project 0313,2026-02-01,347.27,30923.38,22359.58
Project 0313,2026-03-01,321.63,24678.92,17738.08
Project 0313,2026-04-01,386.63,25276.35,15737.64
Project 0313,2026-05-01,303.71,25642.55,16908.4
Project 0313,2026-06-01,263.52,23374.35,17051.18
Project 0313,2026-07-01,269.36,31116.83,20535.23
Project 0313,2026-08-01,313.06,27348.95,18153.72
Project 0314,2024-09-01,163.12,22294.93,15630.25
Project 0314,2024-10-01,151.03,22846.17,15222.21
Project 0314,2024-11-01,175.7,23778.93,16018.94
Project 0314,2024-12-01,150.04,23972.71,15324.0
Project 0314,2025-01-01,182.4,24006.05,15287.75
Project 0314,2025-02-01,179.6,21541.0,12804.72
Project 0314,2025-03-01,161.77,18649.63,10903.96
Project 0314,2025-04-01,148.67,21646.22,15270.38
Project 0314,2025-05-01,174.12,21265.35,14562.14
Project 0314,2025-06-01,133.36,22281.41,15375.8
Project 0314,2025-07-01,134.68,19183.27,11302.78
Project 0314,2025-08-01,189.11,20850.68,14282.39
Project 0314,2025-09-01,198.74,21718.79,13003.48
Project 0314,2025-10-01,189.16,23527.53,16714.06
Project 0314,2025-11-01,178.24,19306.29,11614.14
Project 0314,2025-12-01,163.07,21463.0,15199.03
Project 0314,2026-01-01,135.36,19922.96,11569.03
Project 0314,2026-02-01,131.79,20345.67,14959.59
Project 0314,2026-03-01,140.35,21165.2,14340.84
Project 0314,2026-04-01,182.32,24967.21,17320.79
Project 0314,2026-05-01,184.43,18983.08,12346.13
Project 0314,2026-06-01,197.12,23846.63,16982.01
Project 0314,2026-07-01,140.68,25279.03,16312.14
Project 0314,2026-08-01,169.9,26286.21,14996.74
Project 0315,2024-09-01,79.67,39888.53,27860.52
Project 0315,2024-10-01,96.65,41844.31,26475.84
Project 0315,2024-11-01,116.72,34236.01,22580.6
Project 0315,2024-12-01,107.16,37871.86,23103.58
Project 0315,2025-01-01,110.71,35935.63,26847.42
Project 0315,2025-02-01,79.65,30668.15,19493.18
Project 0315,2025-03-01,94.93,38934.15,29197.8
Project 0315,2025-04-01,78.11,32797.1,19285.55
Project 0315,2025-05-01,84.21,41937.76,27083.2
Project 0315,2025-06-01,107.34,35757.04,20056.81
Project 0315,2025-07-01,93.52,38922.63,28616.23
Project 0315,2025-08-01,95.51,41436.04,31018.12
Project 0315,2025-09-01,112.8,30901.31,19676.94
Project 0315,2025-10-01,85.32,35942.49,23469.58
Project 0315,2025-11-01,105.15,31334.55,18748.03
Project 0315,2025-12-01,104.75,39796.5,27828.94
Project 0315,2026-01-01,86.5,40125.44,22074.41
Project 0315,2026-02-01,118.6,35049.63,23328.33
Project 0315,2026-03-01,116.84,39831.46,29125.22
Project 0315,2026-04-01,101.79,37207.81,26796.61
Project 0315,2026-05-01,108.81,40888.75,27431.97
Project 0315,2026-06-01,93.88,38373.58,27559.28
Project 0315,2026-07-01,87.69,38381.05,22950.66
Project 0315,2026-08-01,105.56,41604.13,26199.82
Project 0316,2024-09-01,248.92,13691.98,8035.3
Project 0316,2024-10-01,256.02,15259.31,10118.19
Project 0316,2024-11-01,188.76,17761.67,10762.84
Project 0316,2024-12-01,205.09,12972.09,7456.31
Project 0316,2025-01-01,223.52,16712.75,12284.02
Project 0316,2025-02-01,253.43,12785.44,9513.76
Project 0316,2025-03-01,231.23,13629.62,9409.59
Project 0316,2025-04-01,244.26,16161.69,9945.11
Project 0316,2025-05-01,253.46,16688.04,9721.79
Project 0316,2025-06-01,243.17,17994.17,11787.84
Project 0316,2025-07-01,252.11,17352.69,9802.46
Project 0316,2025-08-01,266.89,15460.99,10668.02
Project 0316,2025-09-01,187.19,18031.15,10859.15
Project 0316,2025-10-01,249.9,15696.68,9494.47
Project 0316,2025-11-01,201.9,17234.0,9481.63
Project 0316,2025-12-01,225.86,17929.39,13294.61
Project 0316,2026-01-01,191.26,14194.91,10000.37
Project 0316,2026-02-01,236.47,17283.93,9761.45
Project 0316,2026-03-01,203.78,16277.94,11718.1
Project 0316,2026-04-01,273.97,14173.27,9005.48
Project 0316,2026-05-01,267.84,15958.75,8906.39
Project 0316,2026-06-01,199.19,17202.8,10694.7
Project 0316,2026-07-01,279.0,15273.79,8469.13
Project 0316,2026-08-01,252.33,15752.3,9661.15
Project 0317,2024-09-01,330.32,84746.87,49782.01
Project 0317,2024-10-01,370.8,90590.27,65141.57
Project 0317,2024-11-01,349.02,87861.29,48324.07
Project 0317,2024-12-01,401.79,93295.43,57139.07
Project 0317,2025-01-01,370.39,94756.79,63656.34
Project 0317,2025-02-01,280.5,88958.0,57176.89
Project 0317,2025-03-01,360.61,84888.24,54191.17
Project 0317,2025-04-01,286.51,103148.7,65349.24
Project 0317,2025-05-01,276.59,93530.72,62439.43
Project 0317,2025-06-01,291.85,84761.17,49024.35
Project 0317,2025-07-01,394.97,86700.74,48223.05
Project 0317,2025-08-01,316.59,103223.58,68367.08
Project 0317,2025-09-01,394.49,92060.51,64812.98
Project 0317,2025-10-01,375.13,107587.82,65540.1
Project 0317,2025-11-01,403.02,106866.08,61407.25
Project 0317,2025-12-01,355.93,104831.81,76988.35
Project 0317,2026-01-01,389.43,105315.21,76569.96
Project 0317,2026-02-01,279.17,79061.1,45345.96
Project 0317,2026-03-01,310.09,78185.5,53697.15
Project 0317,2026-04-01,364.2,86858.99,62022.24
Project 0317,2026-05-01,326.58,97106.84,59148.12
Project 0317,2026-06-01,330.79,79283.38,55016.31
Project 0317,2026-07-01,364.38,93226.04,57524.56
Project 0317,2026-08-01,371.69,77388.33,45964.4
Project 0318,2024-09-01,229.38,27362.95,15810.92
Project 0318,2024-10-01,219.06,27195.21,19017.78
Project 0318,2024-11-01,231.25,22944.35,13051.43
Project 0318,2024-12-01,196.97,26451.15,15721.33
Project 0318,2025-01-01,171.92,24398.9,15496.85
Project 0318,2025-02-01,236.97,21886.83,12753.4
Project 0318,2025-03-01,234.7,29906.26,19150.04
Project 0318,2025-04-01,184.26,26245.06,19667.39
Project 0318,2025-05-01,242.62,27876.71,17644.83
Project 0318,2025-06-01,197.4,29877.96,21612.7
Project 0318,2025-07-01,214.34,22786.51,15625.64
Project 0318,2025-08-01,197.29,27739.03,19050.7
Project 0318,2025-09-01,210.66,23809.9,15734.7
Project 0318,2025-10-01,227.09,24553.62,13901.63
Project 0318,2025-11-01,199.46,23168.5,16874.72
Project 0318,2025-12-01,232.77,26975.18,17628.66
Project 0318,2026-01-01,186.41,28958.06,20647.92
Project 0318,2026-02-01,207.33,25339.5,14828.07
Project 0318,2026-03-01,220.14,30230.76,21819.69
Project 0318,2026-04-01,163.23,23511.94,14517.26
Project 0318,2026-05-01,229.2,26423.83,16635.0
Project 0318,2026-06-01,190.6,24097.44,16644.62
Project 0318,2026-07-01,245.08,24722.2,14462.38
Project 0318,2026-08-01,210.06,28652.94,17094.89
Project 0319,2024-09-01,157.71,11451.43,7861.17
Project 0319,2024-10-01,133.53,11107.22,7974.95
Project 0319,2024-11-01,181.61,11179.63,7149.97
Project 0319,2024-12-01,149.0,9346.94,6826.02
Project 0319,2025-01-01,160.17,12146.22,7406.27
Project 0319,2025-02-01,180.56,11363.63,8103.33
Project 0319,2025-03-01,126.29,8729.12,5424.54
Project 0319,2025-04-01,183.36,9186.57,6031.61
Project 0319,2025-05-01,138.29,11721.71,7917.36
Project 0319,2025-06-01,150.02,10797.94,7055.55
Project 0319,2025-07-01,189.43,10831.31,6077.75
Project 0319,2025-08-01,195.93,11714.27,8157.29
Project 0319,2025-09-01,141.23,11390.14,7456.15
Project 0319,2025-10-01,168.82,11271.81,7067.72
Project 0319,2025-11-01,162.48,12154.13,9042.37
Project 0319,2025-12-01,182.53,10736.54,7498.45
Project 0319,2026-01-01,126.63,11101.82,6277.92
Project 0319,2026-02-01,191.03,10802.89,7240.4
Project 0319,2026-03-01,148.57,9501.17,6409.8
Project 0319,2026-04-01,194.18,10861.55,7123.19
Project 0319,2026-05-01,163.27,9949.61,7036.83
Project 0319,2026-06-01,148.99,10647.96,6577.5
Project 0319,2026-07-01,130.36,11463.48,6934.84
Project 0319,2026-08-01,193.39,9188.61,5219.3
Project 0320,2024-09-01,52.05,4367.99,2955.21
Project 0320,2024-10-01,47.02,4375.53,2757.23
Project 0320,2024-11-01,51.34,3694.29,2718.86
Project 0320,2024-12-01,53.64,4605.92,3368.02
Project 0320,2025-01-01,55.65,4662.65,2944.77
Project 0320,2025-02-01,58.63,3973.43,2717.83
Project 0320,2025-03-01,40.81,4457.7,2624.6
Project 0320,2025-04-01,42.38,3773.8,2759.75
Project 0320,2025-05-01,50.45,3591.24,2036.56
Project 0320,2025-06-01,43.68,3502.37,2614.79
Project 0320,2025-07-01,53.0,4423.79,3243.75
Project 0320,2025-08-01,48.18,4652.16,2863.58
Project 0320,2025-09-01,39.05,3732.48,2261.61
Project 0320,2025-10-01,39.07,3789.49,2753.14
Project 0320,2025-11-01,43.77,4496.67,3194.94
Project 0320,2025-12-01,45.59,4422.56,3048.98
Project 0320,2026-01-01,39.8,3695.95,2405.91
Project 0320,2026-02-01,41.29,3909.0,2533.46
Project 0320,2026-03-01,54.26,4642.35,3239.32
Project 0320,2026-04-01,54.55,4367.09,2419.28
Project 0320,2026-05-01,56.42,4606.93,2786.81
Project 0320,2026-06-01,51.71,4073.19,2347.74
Project 0320,2026-07-01,38.78,3644.44,2634.16
Project 0320,2026-08-01,45.24,3315.74,1875.55
Project 0321,2024-09-01,53.41,4822.66,3195.32
Project 0321,2024-10-01,46.09,3813.45,2684.93
Project 0321,2024-11-01,49.75,4723.62,2861.73
Project 0321,2024-12-01,37.92,3709.94,2749.44
Project 0321,2025-01-01,49.48,4558.67,3326.98
Project 0321,2025-02-01,39.3,4934.85,2771.47
Project 0321,2025-03-01,54.54,5048.65,3349.62
Project 0321,2025-04-01,39.57,4990.9,2855.83
Project 0321,2025-05-01,51.14,4379.9,2982.41
Project 0321,2025-06-01,35.29,4596.11,2819.7
Project 0321,2025-07-01,37.62,5071.24,3525.9
Project 0321,2025-08-01,49.57,4787.92,3580.68
Project 0321,2025-09-01,48.56,4237.43,2494.71
Project 0321,2025-10-01,44.76,4222.49,2503.79
Project 0321,2025-11-01,49.24,5019.85,3045.8
Project 0321,2025-12-01,40.69,3806.2,2567.65
Project 0321,2026-01-01,44.99,4893.42,2791.69
Project 0321,2026-02-01,41.83,3986.02,2699.44
Project 0321,2026-03-01,39.61,3981.82,2417.92
Project 0321,2026-04-01,44.78,4525.68,3250.92
Project 0321,2026-05-01,48.26,4691.41,2725.38
Project 0321,2026-06-01,45.12,3680.84,2077.2
Project 0321,2026-07-01,35.46,4166.37,2438.84
Project 0321,2026-08-01,50.93,3767.54,2332.96
Project 0322,2024-09-01,157.74,14573.97,10005.93
Project 0322,2024-10-01,146.35,18683.72,13185.35
Project 0322,2024-11-01,190.14,16371.94,11203.34
Project 0322,2024-12-01,191.53,18979.31,10586.16
Project 0322,2025-01-01,149.97,17289.82,12863.5
Project 0322,2025-02-01,169.85,15664.84,9231.92
Project 0322,2025-03-01,184.0,14917.54,9676.05
Project 0322,2025-04-01,143.65,16397.22,11432.01
Project 0322,2025-05-01,172.79,14124.1,9555.15
Project 0322,2025-06-01,146.84,16742.69,11814.48
Project 0322,2025-07-01,147.51,16084.63,10616.71
Project 0322,2025-08-01,162.33,14206.16,9946.14
Project 0322,2025-09-01,183.28,19713.5,11700.4
Project 0322,2025-10-01,184.23,15443.97,9750.59
Project 0322,2025-11-01,198.59,15180.57,8957.27
Project 0322,2025-12-01,141.77,16070.43,11093.01
Project 0322,2026-01-01,155.19,15784.68,9639.25
Project 0322,2026-02-01,177.51,19475.7,11326.62
Project 0322,2026-03-01,153.28,18861.51,11929.82
Project 0322,2026-04-01,182.71,17589.34,9916.98
Project 0322,2026-05-01,174.49,19245.64,14392.9
Project 0322,2026-06-01,214.65,18509.96,11859.24
Project 0322,2026-07-01,193.89,14955.71,10552.03
Project 0322,2026-08-01,160.56,19344.45,12615.23
Project 0323,2024-09-01,148.87,39929.11,22166.12
Project 0323,2024-10-01,133.89,37558.82,21283.37
Project 0323,2024-11-01,124.99,40851.75,27977.38
Project 0323,2024-12-01,107.04,40250.4,29027.33
Project 0323,2025-01-01,147.43,38237.04,24814.58
Project 0323,2025-02-01,137.81,29461.37,18410.6
Project 0323,2025-03-01,124.76,34147.99,22147.77
Project 0323,2025-04-01,141.01,37444.72,26412.32
Project 0323,2025-05-01,145.38,37567.58,21579.94
Project 0323,2025-06-01,121.68,39666.3,26011.39
Project 0323,2025-07-01,126.72,34546.41,20972.62
Project 0323,2025-08-01,105.61,31194.93,19973.48
Project 0323,2025-09-01,113.58,30627.22,17663.43
Project 0323,2025-10-01,149.87,30422.19,20833.28
Project 0323,2025-11-01,136.3,40770.74,29305.61
Project 0323,2025-12-01,125.97,36090.1,23664.11
Project 0323,2026-01-01,137.09,33103.9,24147.15
Project 0323,2026-02-01,125.94,38974.43,28871.63
Project 0323,2026-03-01,127.71,41554.08,30040.6
Project 0323,2026-04-01,103.43,29096.6,16133.42
Project 0323,2026-05-01,104.18,38857.68,21504.23
Project 0323,2026-06-01,117.07,30908.7,19872.44
Project 0323,2026-07-01,128.04,29866.83,17908.52
Project 0323,2026-08-01,146.43,32521.41,24306.0
Project 0324,2024-09-01,222.99,88044.02,64825.9
Project 0324,2024-10-01,266.97,89215.48,56450.92
Project 0324,2024-11-01,258.85,79676.46,54416.51
Project 0324,2024-12-01,217.41,87926.18,62987.03
Project 0324,2025-01-01,259.29,82006.61,51401.5
Project 0324,2025-02-01,211.11,88319.93,60048.37
Project 0324,2025-03-01,240.64,80421.82,49515.06
Project 0324,2025-04-01,294.08,104046.21,72905.0
Project 0324,2025-05-01,200.58,104696.61,78361.74
Project 0324,2025-06-01,233.07,76506.62,45734.86
Project 0324,2025-07-01,256.79,103733.69,69441.98
Project 0324,2025-08-01,254.28,105129.56,71407.36
Project 0324,2025-09-01,280.82,74624.38,55521.87
Project 0324,2025-10-01,212.16,103940.71,61863.75
Project 0324,2025-11-01,221.75,84911.83,51891.57
Project 0324,2025-12-01,275.07,92570.26,68257.02
Project 0324,2026-01-01,218.28,75363.62,45293.74
Project 0324,2026-02-01,234.03,84636.21,53137.52
Project 0324,2026-03-01,235.41,103679.29,68461.36
Project 0324,2026-04-01,266.4,97162.59,64767.89
Project 0324,2026-05-01,255.54,100755.3,73042.73
Project 0324,2026-06-01,202.57,82885.5,59172.3
Project 0324,2026-07-01,258.44,85439.24,59590.64
Project 0324,2026-08-01,242.73,83652.24,60981.25
Project 0325,2024-09-01,389.98,51862.09,36435.6
Project 0325,2024-10-01,387.95,52155.21,32227.6
Project 0325,2024-11-01,338.89,39426.84,22373.5
Project 0325,2024-12-01,421.32,39344.73,26958.12
Project 0325,2025-01-01,373.37,51400.33,32572.8
Project 0325,2025-02-01,422.2,37860.19,21360.21
Project 0325,2025-03-01,289.01,47444.61,28790.79
Project 0325,2025-04-01,359.46,40492.34,29454.74
Project 0325,2025-05-01,376.69,47861.72,35024.55
Project 0325,2025-06-01,408.18,49726.21,31490.53
Project 0325,2025-07-01,373.83,51625.57,29794.23
Project 0325,2025-08-01,311.14,38082.25,23826.92
Project 0325,2025-09-01,388.72,51170.29,37921.03
Project 0325,2025-10-01,389.73,46609.24,28201.23
Project 0325,2025-11-01,383.24,48581.86,34963.55
Project 0325,2025-12-01,374.32,46236.17,27307.53
Project 0325,2026-01-01,403.88,49518.69,33115.5
Project 0325,2026-02-01,321.87,39343.15,25380.38
Project 0325,2026-03-01,323.04,48542.29,34856.19
Project 0325,2026-04-01,279.74,43539.22,30860.55
Project 0325,2026-05-01,398.19,48002.63,29750.97
Project 0325,2026-06-01,284.57,37736.84,21599.07
Project 0325,2026-07-01,320.09,50639.14,37958.07
Project 0325,2026-08-01,366.86,49873.06,37241.4
Project 0326,2024-09-01,70.24,10643.9,7423.64
Project 0326,2024-10-01,99.4,10487.53,7840.63
Project 0326,2024-11-01,98.81,13139.57,8844.65
Project 0326,2024-12-01,67.62,12181.2,8558.63
Project 0326,2025-01-01,94.98,10176.57,7554.13
Project 0326,2025-02-01,67.03,10218.76,6609.27
Project 0326,2025-03-01,92.42,12587.93,8677.66
Project 0326,2025-04-01,70.58,12707.16,8645.79
Project 0326,2025-05-01,69.79,11827.61,7485.52
Project 0326,2025-06-01,99.8,12837.38,8769.03
Project 0326,2025-07-01,69.01,13121.32,9775.54
Project 0326,2025-08-01,83.5,9487.06,5770.05
Project 0326,2025-09-01,72.14,12679.4,7002.91
Project 0326,2025-10-01,66.52,11046.01,6716.18
Project 0326,2025-11-01,74.97,11983.33,7179.92
Project 0326,2025-12-01,69.12,9986.07,6542.59
Project 0326,2026-01-01,80.77,12137.79,6975.84
Project 0326,2026-02-01,84.59,11999.73,7514.89
Project 0326,2026-03-01,70.88,10700.1,6198.14
Project 0326,2026-04-01,65.69,10735.79,6842.19
Project 0326,2026-05-01,98.69,11810.81,7974.26
Project 0326,2026-06-01,77.9,11902.86,6863.94
Project 0326,2026-07-01,86.12,11178.25,7766.73
Project 0326,2026-08-01,73.55,12729.21,7615.17
Project 0327,2024-09-01,199.56,63948.99,37959.45
Project 0327,2024-10-01,180.59,64446.39,43685.82
Project 0327,2024-11-01,201.83,57797.38,40669.82
Project 0327,2024-12-01,229.3,73254.38,47667.19
Project 0327,2025-01-01,188.51,62222.96,34567.97
Project 0327,2025-02-01,155.89,54991.57,37904.09
Project 0327,2025-03-01,156.29,60538.13,41657.19
Project 0327,2025-04-01,212.83,65724.03,44032.92
Project 0327,2025-05-01,156.08,54892.54,39161.89
Project 0327,2025-06-01,197.54,56109.82,36305.49
Project 0327,2025-07-01,198.39,71928.62,47904.7
Project 0327,2025-08-01,233.4,58435.75,39296.57
Project 0327,2025-09-01,198.71,51380.88,31998.63
Project 0327,2025-10-01,187.98,51989.45,36637.66
Project 0327,2025-11-01,205.89,62569.3,42418.75
Project 0327,2025-12-01,184.19,66320.3,41383.93
Project 0327,2026-01-01,164.08,51372.0,38023.6
Project 0327,2026-02-01,174.5,70164.79,44220.55
Project 0327,2026-03-01,172.37,72351.85,47499.46
Project 0327,2026-04-01,204.19,51764.42,38099.38
Project 0327,2026-05-01,194.04,71114.19,48352.56
Project 0327,2026-06-01,156.56,64049.89,37260.68
Project 0327,2026-07-01,172.85,72887.84,45692.65
Project 0327,2026-08-01,235.16,62684.92,43127.14
Project 0328,2024-09-01,378.69,31854.35,21983.8
Project 0328,2024-10-01,441.7,32230.41,21219.44
Project 0328,2024-11-01,425.77,29580.57,21000.93
Project 0328,2024-12-01,330.8,26830.73,19901.09
Project 0328,2025-01-01,377.9,29827.59,18255.44
Project 0328,2025-02-01,415.14,30231.45,19543.7
Project 0328,2025-03-01,307.36,28414.51,20903.2
Project 0328,2025-04-01,423.14,34499.22,23763.55
Project 0328,2025-05-01,440.79,30607.75,21680.7
Project 0328,2025-06-01,342.92,33891.19,21510.46
Project 0328,2025-07-01,353.16,32697.92,21214.24
Project 0328,2025-08-01,364.26,32039.16,22703.21
Project 0328,2025-09-01,410.93,26245.53,15197.26
Project 0328,2025-10-01,343.66,35222.36,24975.7
Project 0328,2025-11-01,306.54,30672.3,20443.62
Project 0328,2025-12-01,317.55,34941.97,21463.5
Project 0328,2026-01-01,337.17,29773.49,21995.34
Project 0328,2026-02-01,400.94,29099.78,17308.06
Project 0328,2026-03-01,320.65,27375.63,17437.25
Project 0328,2026-04-01,293.16,30797.31,22068.88
Project 0328,2026-05-01,317.55,30577.64,17229.23
Project 0328,2026-06-01,334.27,25665.55,16678.97
Project 0328,2026-07-01,441.72,34374.46,24628.12
Project 0328,2026-08-01,342.42,28565.07,21352.15
Project 0329,2024-09-01,51.03,16439.93,10123.97
Project 0329,2024-10-01,58.9,15073.34,10997.44
Project 0329,2024-11-01,45.55,13763.81,8687.03
Project 0329,2024-12-01,57.76,14025.05,9675.08
Project 0329,2025-01-01,60.48,14386.77,8900.08
Project 0329,2025-02-01,59.18,16183.32,9801.13
Project 0329,2025-03-01,52.92,16187.5,9992.4
Project 0329,2025-04-01,52.04,14267.93,10092.4
Project 0329,2025-05-01,60.39,14023.52,10238.91
Project 0329,2025-06-01,44.19,14606.7,8105.57
Project 0329,2025-07-01,46.19,13437.98,9401.44
Project 0329,2025-08-01,59.66,14298.75,7985.72
Project 0329,2025-09-01,49.27,14303.68,8659.11
Project 0329,2025-10-01,58.8,13721.76,9365.57
Project 0329,2025-11-01,61.86,13487.64,8092.71
Project 0329,2025-12-01,64.04,14232.66,10393.16
Project 0329,2026-01-01,47.13,17234.92,12923.67
Project 0329,2026-02-01,56.14,16389.37,12144.0
Project 0329,2026-03-01,60.64,17194.05,12339.82
Project 0329,2026-04-01,60.46,14800.85,8704.61
Project 0329,2026-05-01,58.08,18139.45,12930.66
Project 0329,2026-06-01,62.3,14922.04,9363.24
Project 0329,2026-07-01,62.78,15934.18,9134.98
Project 0329,2026-08-01,56.99,14641.93,9031.13
Project 0330,2024-09-01,112.35,13183.78,7851.71
Project 0330,2024-10-01,147.86,15926.02,10989.49
Project 0330,2024-11-01,140.25,11765.42,7722.68
Project 0330,2024-12-01,120.96,15464.72,8633.28
Project 0330,2025-01-01,121.34,15076.73,10927.75
Project 0330,2025-02-01,116.66,15363.25,10674.64
Project 0330,2025-03-01,107.8,14129.0,8957.46
Project 0330,2025-04-01,97.05,12743.77,7638.1
Project 0330,2025-05-01,97.01,12677.51,8960.28
Project 0330,2025-06-01,121.61,12004.14,7605.54
Project 0330,2025-07-01,150.24,12534.68,8407.59
Project 0330,2025-08-01,124.21,15746.21,10936.72
Project 0330,2025-09-01,116.04,16540.15,10765.2
Project 0330,2025-10-01,151.63,14227.2,8488.23
Project 0330,2025-11-01,104.42,15044.03,11063.6
Project 0330,2025-12-01,144.3,14612.55,10653.25
Project 0330,2026-01-01,134.49,14443.5,9962.32
Project 0330,2026-02-01,120.82,13952.56,8193.47
Project 0330,2026-03-01,151.56,13563.55,8192.01
Project 0330,2026-04-01,100.06,15486.72,9965.61
Project 0330,2026-05-01,123.09,11909.76,6616.0
Project 0330,2026-06-01,129.21,14728.96,10451.21
Project 0330,2026-07-01,147.98,14576.49,10300.06
Project 0330,2026-08-01,111.46,12286.99,6822.3
Project 0331,2024-09-01,331.4,43718.12,32315.96
Project 0331,2024-10-01,371.22,45945.6,27732.99
Project 0331,2024-11-01,375.59,39906.05,23923.08
Project 0331,2024-12-01,281.58,51657.22,37209.59
Project 0331,2025-01-01,346.31,50045.72,36035.13
Project 0331,2025-02-01,281.02,42811.24,24890.81
Project 0331,2025-03-01,322.11,41823.75,30330.77
Project 0331,2025-04-01,390.9,38865.03,28569.64
Project 0331,2025-05-01,388.71,49299.41,34706.65
Project 0331,2025-06-01,344.78,46044.32,31109.61
Project 0331,2025-07-01,284.98,39476.29,25844.09
Project 0331,2025-08-01,398.2,39285.42,25591.52
Project 0331,2025-09-01,279.77,43619.16,27624.31
Project 0331,2025-10-01,269.56,42348.45,31481.88
Project 0331,2025-11-01,357.94,41735.7,23716.92
Project 0331,2025-12-01,343.31,52341.73,35664.31
Project 0331,2026-01-01,345.53,50191.95,28317.37
Project 0331,2026-02-01,295.1,44429.04,28760.85
Project 0331,2026-03-01,377.89,44015.77,26383.47
Project 0331,2026-04-01,397.19,40693.79,30109.47
Project 0331,2026-05-01,340.03,53655.57,30724.72
Project 0331,2026-06-01,277.95,51801.74,30102.97
Project 0331,2026-07-01,352.5,40564.47,23180.15
Project 0331,2026-08-01,265.21,50134.63,28681.49
Project 0332,2024-09-01,31.3,2099.32,1570.17
Project 0332,2024-10-01,28.51,2510.18,1855.86
Project 0332,2024-11-01,31.73,2298.25,1604.01
Project 0332,2024-12-01,28.37,2458.68,1448.65
Project 0332,2025-01-01,28.21,2079.43,1293.57
Project 0332,2025-02-01,37.67,2262.31,1380.89
Project 0332,2025-03-01,37.19,1981.43,1240.78
Project 0332,2025-04-01,40.33,2395.66,1787.0
Project 0332,2025-05-01,31.24,2275.43,1281.29
Project 0332,2025-06-01,40.1,2333.58,1315.2
Project 0332,2025-07-01,37.95,1768.76,1008.99
Project 0332,2025-08-01,39.11,1826.99,1033.92
Project 0332,2025-09-01,34.1,1851.99,1298.92
Project 0332,2025-10-01,31.91,2072.37,1402.01
Project 0332,2025-11-01,26.0,2154.06,1233.67
Project 0332,2025-12-01,37.39,2212.85,1554.79
Project 0332,2026-01-01,37.06,2335.14,1305.08
Project 0332,2026-02-01,38.8,2454.79,1611.29
Project 0332,2026-03-01,34.43,1955.85,1293.95
Project 0332,2026-04-01,34.59,1936.07,1373.56
Project 0332,2026-05-01,26.6,2386.11,1406.45
Project 0332,2026-06-01,38.36,2279.7,1491.48
Project 0332,2026-07-01,26.03,2310.03,1551.61
Project 0332,2026-08-01,35.44,2506.35,1840.8
Project 0333,2024-09-01,84.28,17232.88,9906.02
Project 0333,2024-10-01,60.78,14558.89,9430.81
Project 0333,2024-11-01,80.25,15808.27,11548.33
Project 0333,2024-12-01,63.8,17555.36,12923.83
Project 0333,2025-01-01,80.27,17002.33,12379.41
Project 0333,2025-02-01,73.32,19794.02,14085.68
Project 0333,2025-03-01,72.68,17238.06,11334.76
Project 0333,2025-04-01,70.56,16738.96,11629.29
Project 0333,2025-05-01,76.91,15321.28,10611.4
Project 0333,2025-06-01,67.66,19203.38,13867.14
Project 0333,2025-07-01,77.96,19524.87,13751.1
Project 0333,2025-08-01,87.82,16264.17,11127.5
Project 0333,2025-09-01,70.01,15686.77,10565.84
Project 0333,2025-10-01,81.38,15227.37,9059.35
Project 0333,2025-11-01,79.53,17388.66,12553.74
Project 0333,2025-12-01,82.84,18247.44,13367.82
Project 0333,2026-01-01,84.38,17424.81,10391.71
Project 0333,2026-02-01,64.08,18735.91,13806.97
Project 0333,2026-03-01,62.46,15806.52,9161.99
Project 0333,2026-04-01,71.42,14944.18,9779.92
Project 0333,2026-05-01,69.26,19334.48,11474.95
Project 0333,2026-06-01,61.25,18307.39,13336.14
Project 0333,2026-07-01,76.82,16286.49,9564.03
Project 0333,2026-08-01,82.84,14691.93,9343.19
Project 0334,2024-09-01,178.0,66672.36,47946.13
Project 0334,2024-10-01,158.97,66534.24,47251.04
Project 0334,2024-11-01,190.17,47017.02,32866.78
Project 0334,2024-12-01,149.65,56294.38,37905.49
Project 0334,2025-01-01,209.86,64854.73,45347.75
Project 0334,2025-02-01,205.08,51941.51,37801.19
Project 0334,2025-03-01,151.29,54050.78,39183.14
Project 0334,2025-04-01,144.86,64601.45,48024.52
Project 0334,2025-05-01,214.74,57429.54,36697.57
Project 0334,2025-06-01,157.79,57433.67,41914.49
Project 0334,2025-07-01,200.72,55608.76,31471.61
Project 0334,2025-08-01,175.34,62628.24,34513.27
Project 0334,2025-09-01,152.13,51178.5,35843.01
Project 0334,2025-10-01,149.47,56291.08,33851.24
Project 0334,2025-11-01,138.5,56838.62,36082.59
Project 0334,2025-12-01,177.49,60383.35,40433.89
Project 0334,2026-01-01,151.3,53223.12,37892.1
Project 0334,2026-02-01,176.94,65019.88,39727.68
Project 0334,2026-03-01,205.76,56983.85,39220.91
Project 0334,2026-04-01,162.67,64061.93,44356.21
Project 0334,2026-05-01,181.71,59873.75,39255.92
Project 0334,2026-06-01,203.47,57794.18,42374.63
Project 0334,2026-07-01,181.48,48868.06,35853.6
Project 0334,2026-08-01,169.28,49313.83,28001.18
Project 0335,2024-09-01,53.7,3185.68,2036.4
Project 0335,2024-10-01,38.22,3949.52,2189.57
Project 0335,2024-11-01,47.03,4217.4,2336.43
Project 0335,2024-12-01,45.37,4352.64,2808.22
Project 0335,2025-01-01,35.57,3859.46,2562.01
Project 0335,2025-02-01,41.42,3870.84,2691.67
Project 0335,2025-03-01,49.93,3536.16,2046.61
Project 0335,2025-04-01,53.2,4248.22,2464.5
Project 0335,2025-05-01,46.69,4281.09,2955.37
Project 0335,2025-06-01,37.1,4150.75,2423.45
Project 0335,2025-07-01,45.06,3420.58,2118.06
Project 0335,2025-08-01,39.17,3706.67,2544.37
Project 0335,2025-09-01,42.72,3109.01,1821.28
Project 0335,2025-10-01,53.29,4004.21,2265.41
Project 0335,2025-11-01,53.53,4077.38,3036.81
Project 0335,2025-12-01,42.03,3804.32,2337.35
Project 0335,2026-01-01,47.8,3538.2,2292.92
Project 0335,2026-02-01,36.2,3902.9,2229.25
Project 0335,2026-03-01,55.55,4331.66,3029.27
Project 0335,2026-04-01,54.7,3375.45,2000.76
Project 0335,2026-05-01,37.74,4006.2,2723.34
Project 0335,2026-06-01,52.8,4043.49,2817.75
Project 0335,2026-07-01,45.95,4261.22,2921.0
Project 0335,2026-08-01,35.62,3525.69,2472.7
Project 0336,2024-09-01,137.88,23745.7,13196.15
Project 0336,2024-10-01,189.58,18437.88,11230.55
Project 0336,2024-11-01,126.46,18958.62,11553.59
Project 0336,2024-12-01,194.15,22585.18,13834.51
Project 0336,2025-01-01,189.06,19011.16,13697.56
Project 0336,2025-02-01,130.35,19669.41,14720.54
Project 0336,2025-03-01,191.82,22322.3,13803.55
Project 0336,2025-04-01,173.76,22073.83,15994.28
Project 0336,2025-05-01,133.2,24672.76,16684.3
Project 0336,2025-06-01,183.59,19731.71,13828.57
Project 0336,2025-07-01,150.05,23916.2,14036.56
Project 0336,2025-08-01,143.73,17364.06,10825.35
Project 0336,2025-09-01,160.63,24319.15,16081.96
Project 0336,2025-10-01,188.85,23822.97,15617.94
Project 0336,2025-11-01,144.8,18055.62,11580.47
Project 0336,2025-12-01,176.42,22852.55,15506.41
Project 0336,2026-01-01,182.94,23823.85,17782.66
Project 0336,2026-02-01,139.44,23890.92,13415.31
Project 0336,2026-03-01,169.67,20319.19,13789.03
Project 0336,2026-04-01,187.04,19213.03,11832.33
Project 0336,2026-05-01,159.21,24116.34,13314.1
Project 0336,2026-06-01,132.75,18419.36,10292.83
Project 0336,2026-07-01,139.2,22572.98,16201.17
Project 0336,2026-08-01,127.73,19190.13,13704.34
Project 0337,2024-09-01,215.06,56202.27,34690.6
Project 0337,2024-10-01,194.07,47622.3,31128.66
Project 0337,2024-11-01,212.75,46920.68,34186.8
Project 0337,2024-12-01,245.01,51131.04,29120.24
Project 0337,2025-01-01,237.1,63540.2,38222.73
Project 0337,2025-02-01,198.32,66244.4,38305.9
Project 0337,2025-03-01,251.41,58766.81,42891.44
Project 0337,2025-04-01,213.0,52372.01,30013.01
Project 0337,2025-05-01,208.06,56114.43,34401.27
Project 0337,2025-06-01,244.39,56570.73,36772.53
Project 0337,2025-07-01,189.24,63653.63,47376.18
Project 0337,2025-08-01,213.78,48590.83,34401.22
Project 0337,2025-09-01,178.33,63307.46,39904.54
Project 0337,2025-10-01,189.1,59430.19,40511.14
Project 0337,2025-11-01,192.3,54417.98,31106.06
Project 0337,2025-12-01,236.64,47483.68,30765.1
Project 0337,2026-01-01,194.25,58177.77,33588.84
Project 0337,2026-02-01,181.14,55863.78,40084.31
Project 0337,2026-03-01,241.57,66835.55,43821.05
Project 0337,2026-04-01,246.97,59510.57,39142.27
Project 0337,2026-05-01,217.78,59724.15,41306.67
Project 0337,2026-06-01,221.58,59758.78,41543.04
Project 0337,2026-07-01,197.08,63206.54,44191.91
Project 0337,2026-08-01,240.38,48728.5,29627.36
Project 0338,2024-09-01,235.53,36894.69,24992.37
Project 0338,2024-10-01,182.2,35593.62,26394.2
Project 0338,2024-11-01,161.81,32563.6,22292.62
Project 0338,2024-12-01,229.44,39789.74,27706.66
Project 0338,2025-01-01,246.46,43203.0,30458.33
Project 0338,2025-02-01,204.16,34546.32,23434.26
Project 0338,2025-03-01,176.06,38759.27,25885.56
Project 0338,2025-04-01,200.01,43522.25,29759.93
Project 0338,2025-05-01,196.18,39809.77,26396.04
Project 0338,2025-06-01,211.78,34243.38,24304.78
Project 0338,2025-07-01,194.42,41771.88,23910.93
Project 0338,2025-08-01,185.85,42334.31,23732.99
Project 0338,2025-09-01,229.61,37467.25,26665.39
Project 0338,2025-10-01,178.88,44834.86,27293.62
Project 0338,2025-11-01,236.24,39721.37,23706.31
Project 0338,2025-12-01,199.08,36983.24,26057.92
Project 0338,2026-01-01,250.76,34664.85,22604.7
Project 0338,2026-02-01,187.63,35229.21,19505.0
Project 0338,2026-03-01,232.98,40859.28,22737.6
Project 0338,2026-04-01,233.5,39398.18,24633.64
Project 0338,2026-05-01,194.76,37296.42,22867.56
Project 0338,2026-06-01,176.73,38097.65,24311.54
Project 0338,2026-07-01,163.94,44280.9,25813.49
Project 0338,2026-08-01,173.59,42029.18,25396.39
Project 0339,2024-09-01,362.59,14528.19,8523.69
Project 0339,2024-10-01,332.35,17010.44,11639.04
Project 0339,2024-11-01,239.82,15952.63,9089.49
Project 0339,2024-12-01,245.57,13892.06,10384.56
Project 0339,2025-01-01,301.22,15193.87,10743.62
Project 0339,2025-02-01,364.2,17296.04,12256.2
Project 0339,2025-03-01,244.49,14116.47,8041.81
Project 0339,2025-04-01,235.86,12123.11,8938.18
Project 0339,2025-05-01,325.48,17031.29,11842.46
Project 0339,2025-06-01,267.63,14837.61,10874.15
Project 0339,2025-07-01,335.19,13589.09,8141.05
Project 0339,2025-08-01,323.29,16729.82,11351.84
Project 0339,2025-09-01,292.08,12633.16,8274.49
Project 0339,2025-10-01,354.22,13675.74,9812.81
Project 0339,2025-11-01,281.39,14733.78,10465.53
Project 0339,2025-12-01,245.24,13160.76,7358.73
Project 0339,2026-01-01,301.43,12322.07,7406.34
Project 0339,2026-02-01,323.64,15776.81,10387.51
Project 0339,2026-03-01,350.11,13987.49,9678.51
Project 0339,2026-04-01,303.15,13556.41,7879.72
Project 0339,2026-05-01,369.86,13859.9,8243.44
Project 0339,2026-06-01,267.71,15818.83,11668.4
Project 0339,2026-07-01,282.28,13761.07,9203.02
Project 0339,2026-08-01,313.57,15234.69,10125.75
Project 0340,2024-09-01,133.98,6273.93,4195.29
Project 0340,2024-10-01,122.86,7141.12,4929.48
Project 0340,2024-11-01,153.82,7749.71,4392.9
Project 0340,2024-12-01,134.03,6652.94,4106.86
Project 0340,2025-01-01,134.3,6706.54,3696.87
Project 0340,2025-02-01,120.45,6091.28,3775.69
Project 0340,2025-03-01,111.49,5941.31,3501.35
Project 0340,2025-04-01,156.22,7582.86,4841.04
Project 0340,2025-05-01,121.6,7639.92,5094.62
Project 0340,2025-06-01,158.45,5865.16,3379.02
Project 0340,2025-07-01,124.1,5596.94,4086.81
Project 0340,2025-08-01,127.61,5832.64,3577.06
Project 0340,2025-09-01,133.19,7455.98,5012.75
Project 0340,2025-10-01,141.16,6496.58,3654.25
Project 0340,2025-11-01,159.78,6423.28,4420.59
Project 0340,2025-12-01,155.66,7891.12,5052.7
Project 0340,2026-01-01,154.92,7153.22,4320.09
Project 0340,2026-02-01,132.23,5664.94,3279.63
Project 0340,2026-03-01,165.41,6189.54,4452.86
Project 0340,2026-04-01,131.94,6950.8,4190.4
Project 0340,2026-05-01,140.03,6900.07,4872.53
Project 0340,2026-06-01,127.51,7761.17,4588.86
Project 0340,2026-07-01,134.17,6492.76,3622.79
Project 0340,2026-08-01,168.4,7601.0,5584.01
Project 0341,2024-09-01,219.04,56069.27,41018.13
Project 0341,2024-10-01,153.08,52998.88,30806.66
Project 0341,2024-11-01,172.66,41601.27,29610.32
Project 0341,2024-12-01,169.02,49469.2,28288.82
Project 0341,2025-01-01,171.65,41654.26,23742.3
Project 0341,2025-02-01,171.34,42577.25,27699.43
Project 0341,2025-03-01,194.45,44058.74,27921.71
Project 0341,2025-04-01,190.64,42370.08,26328.3
Project 0341,2025-05-01,215.48,41664.38,27675.12
Project 0341,2025-06-01,208.38,49245.1,36310.78
Project 0341,2025-07-01,204.47,44658.19,31984.91
Project 0341,2025-08-01,196.63,41701.47,23460.98
Project 0341,2025-09-01,193.22,51329.23,31999.24
Project 0341,2025-10-01,203.7,56427.85,41485.3
Project 0341,2025-11-01,141.49,46343.41,33010.05
Project 0341,2025-12-01,177.08,44705.51,31895.78
Project 0341,2026-01-01,164.68,44583.58,28436.12
Project 0341,2026-02-01,176.61,45575.99,25154.27
Project 0341,2026-03-01,206.26,44513.24,28163.37
Project 0341,2026-04-01,158.32,52072.91,35408.32
Project 0341,2026-05-01,187.31,58551.78,39561.78
Project 0341,2026-06-01,171.98,42719.31,30849.54
Project 0341,2026-07-01,181.49,55598.94,40625.63
Project 0341,2026-08-01,192.33,43279.17,25957.84
Project 0342,2024-09-01,256.19,91195.1,67367.81
Project 0342,2024-10-01,272.03,95574.63,64747.54
Project 0342,2024-11-01,273.21,94728.83,53869.07
Project 0342,2024-12-01,262.94,82055.24,54414.31
Project 0342,2025-01-01,308.49,84305.67,55521.41
Project 0342,2025-02-01,354.53,101663.69,68713.91
Project 0342,2025-03-01,247.78,82426.27,47255.43
Project 0342,2025-04-01,295.49,93849.06,57894.31
Project 0342,2025-05-01,311.57,98768.06,72092.33
Project 0342,2025-06-01,255.19,98695.27,72942.97
Project 0342,2025-07-01,378.35,73505.15,47081.74
Project 0342,2025-08-01,342.47,94782.18,61959.02
Project 0342,2025-09-01,376.46,90382.9,66473.94
Project 0342,2025-10-01,335.72,91467.78,54824.67
Project 0342,2025-11-01,332.21,96890.36,69300.8
Project 0342,2025-12-01,285.74,91577.49,53838.06
Project 0342,2026-01-01,325.72,73505.49,44603.89
Project 0342,2026-02-01,252.19,90726.82,56716.29
Project 0342,2026-03-01,295.65,79217.09,44429.43
Project 0342,2026-04-01,260.28,93641.05,51772.31
Project 0342,2026-05-01,270.9,100551.06,71955.57
Project 0342,2026-06-01,318.48,101116.71,66254.05
Project 0342,2026-07-01,303.35,82541.74,53356.23
Project 0342,2026-08-01,294.86,75842.82,54092.74
Project 0343,2024-09-01,200.87,7871.74,5355.28
Project 0343,2024-10-01,143.57,7472.74,4636.88
Project 0343,2024-11-01,168.51,9497.59,6492.05
Project 0343,2024-12-01,207.08,9412.4,5364.1
Project 0343,2025-01-01,146.81,9130.68,5343.18
Project 0343,2025-02-01,199.05,8328.14,6202.6
Project 0343,2025-03-01,183.96,8382.43,5044.64
Project 0343,2025-04-01,171.44,9444.39,6104.09
Project 0343,2025-05-01,197.34,9100.97,5114.84
Project 0343,2025-06-01,176.67,9059.79,5225.26
Project 0343,2025-07-01,213.35,7953.51,5761.16
Project 0343,2025-08-01,197.59,7396.3,4887.75
Project 0343,2025-09-01,215.3,10287.43,6850.52
Project 0343,2025-10-01,179.0,7733.18,5374.81
Project 0343,2025-11-01,171.22,10325.45,7299.41
Project 0343,2025-12-01,148.09,9469.43,6264.93
Project 0343,2026-01-01,197.12,7875.28,5292.32
Project 0343,2026-02-01,217.52,10393.42,5735.86
Project 0343,2026-03-01,204.05,7545.24,5184.55
Project 0343,2026-04-01,163.36,9844.52,7086.72
Project 0343,2026-05-01,162.96,8701.04,4804.03
Project 0343,2026-06-01,185.11,10069.11,7502.25
Project 0343,2026-07-01,148.26,9569.39,6388.89
Project 0343,2026-08-01,186.93,7344.62,4553.96
Project 0344,2024-09-01,203.26,57968.59,34912.75
Project 0344,2024-10-01,191.12,48450.11,36210.03
Project 0344,2024-11-01,221.64,53859.99,30236.72
Project 0344,2024-12-01,206.7,52735.2,36927.26
Project 0344,2025-01-01,200.93,55694.34,39140.95
Project 0344,2025-02-01,163.26,51437.34,31861.83
Project 0344,2025-03-01,240.9,48383.72,32199.48
Project 0344,2025-04-01,236.12,54075.75,39479.21
Project 0344,2025-05-01,232.81,53464.14,30089.9
Project 0344,2025-06-01,182.77,62766.43,41615.68
Project 0344,2025-07-01,242.58,50574.46,28542.0
Project 0344,2025-08-01,210.31,54082.78,36404.33
Project 0344,2025-09-01,219.48,59857.91,42417.02
Project 0344,2025-10-01,188.09,49873.83,31241.29
Project 0344,2025-11-01,191.53,64154.2,38131.58
Project 0344,2025-12-01,193.12,57751.85,34652.03
Project 0344,2026-01-01,172.25,59390.38,40187.74
Project 0344,2026-02-01,183.54,53757.71,39737.51
Project 0344,2026-03-01,186.05,51657.41,37406.56
Project 0344,2026-04-01,164.81,47790.92,28987.18
Project 0344,2026-05-01,189.31,56946.18,38251.37
Project 0344,2026-06-01,178.42,48398.65,32089.88
Project 0344,2026-07-01,192.73,49534.64,32917.23
Project 0344,2026-08-01,162.31,64506.71,41418.65
Project 0345,2024-09-01,359.36,24570.34,17937.81
Project 0345,2024-10-01,296.67,29249.37,17869.35
Project 0345,2024-11-01,292.32,25054.66,17382.18
Project 0345,2024-12-01,336.25,22896.58,16838.09
Project 0345,2025-01-01,338.79,23504.36,13602.26
Project 0345,2025-02-01,260.44,22052.03,12739.58
Project 0345,2025-03-01,322.87,22920.34,16122.1
Project 0345,2025-04-01,365.75,22102.17,15881.36
Project 0345,2025-05-01,303.76,27603.78,15190.68
Project 0345,2025-06-01,367.01,27671.37,17074.82
Project 0345,2025-07-01,252.96,27517.66,19039.44
Project 0345,2025-08-01,326.27,21565.79,14438.53
Project 0345,2025-09-01,255.35,23708.13,17540.86
Project 0345,2025-10-01,325.23,25846.56,17394.84
Project 0345,2025-11-01,252.71,29103.11,21206.2
Project 0345,2025-12-01,255.18,23135.74,15765.92
Project 0345,2026-01-01,252.29,29890.32,18987.06
Project 0345,2026-02-01,279.5,25793.49,19256.76
Project 0345,2026-03-01,362.17,26812.02,16976.18
Project 0345,2026-04-01,321.52,24182.68,15405.71
Project 0345,2026-05-01,281.41,27489.82,17591.23
Project 0345,2026-06-01,349.85,29140.53,17006.83
Project 0345,2026-07-01,326.53,29064.79,19934.3
Project 0345,2026-08-01,305.94,23635.76,16813.59
Project 0346,2024-09-01,92.94,18888.6,11817.86
Project 0346,2024-10-01,119.77,17001.05,9852.94
Project 0346,2024-11-01,127.7,18559.75,12214.16
Project 0346,2024-12-01,111.51,18821.18,11173.3
Project 0346,2025-01-01,114.23,16683.07,11558.45
Project 0346,2025-02-01,122.4,22852.77,16804.45
Project 0346,2025-03-01,121.09,23619.26,17090.53
Project 0346,2025-04-01,93.23,21365.23,12527.3
Project 0346,2025-05-01,130.7,17297.33,11840.9
Project 0346,2025-06-01,101.01,22203.96,14256.81
Project 0346,2025-07-01,128.08,16788.52,12097.82
Project 0346,2025-08-01,87.76,22167.15,12964.46
Project 0346,2025-09-01,97.7,18913.82,13574.3
Project 0346,2025-10-01,110.76,17907.92,11895.8
Project 0346,2025-11-01,96.61,19569.64,14521.82
Project 0346,2025-12-01,120.23,19485.8,11434.45
Project 0346,2026-01-01,95.41,22441.48,15373.79
Project 0346,2026-02-01,92.05,20157.9,11187.43
Project 0346,2026-03-01,91.03,23220.72,16045.29
Project 0346,2026-04-01,101.52,21213.28,12453.82
Project 0346,2026-05-01,113.34,17788.74,11729.62
Project 0346,2026-06-01,115.99,22825.0,16293.74
Project 0346,2026-07-01,117.5,16735.33,9986.67
Project 0346,2026-08-01,119.91,18326.66,12987.86
Project 0347,2024-09-01,71.63,16721.01,10680.52
Project 0347,2024-10-01,50.05,19778.41,11208.41
Project 0347,2024-11-01,66.95,19266.9,12750.91
Project 0347,2024-12-01,75.58,18245.23,12426.96
Project 0347,2025-01-01,70.77,18456.0,13349.67
Project 0347,2025-02-01,66.74,16029.99,10688.71
Project 0347,2025-03-01,64.02,15230.49,8588.63
Project 0347,2025-04-01,75.1,15545.79,8920.93
Project 0347,2025-05-01,58.47,18024.61,11915.4
Project 0347,2025-06-01,61.88,15860.48,11474.53
Project 0347,2025-07-01,59.31,16749.2,10706.49
Project 0347,2025-08-01,60.27,15014.31,8278.59
Project 0347,2025-09-01,73.26,17549.44,11589.91
Project 0347,2025-10-01,50.21,18205.88,13142.88
Project 0347,2025-11-01,76.84,16804.49,9647.34
Project 0347,2025-12-01,67.24,20325.99,11392.07
Project 0347,2026-01-01,49.74,20496.05,14268.12
Project 0347,2026-02-01,54.31,19979.03,12360.46
Project 0347,2026-03-01,68.52,17913.33,12975.97
Project 0347,2026-04-01,59.6,19170.75,13694.51
Project 0347,2026-05-01,55.75,20460.68,11556.58
Project 0347,2026-06-01,74.21,17066.34,9899.47
Project 0347,2026-07-01,77.33,19955.55,11191.08
Project 0347,2026-08-01,58.62,17498.22,11001.76
Project 0348,2024-09-01,230.8,56618.47,37835.86
Project 0348,2024-10-01,193.07,67158.18,44210.29
Project 0348,2024-11-01,196.8,64099.63,41219.9
Project 0348,2024-12-01,242.02,61444.8,38902.93
Project 0348,2025-01-01,252.62,58279.7,32548.85
Project 0348,2025-02-01,221.18,56548.02,31196.72
Project 0348,2025-03-01,167.43,59620.75,43017.06
Project 0348,2025-04-01,165.22,63970.52,35808.19
Project 0348,2025-05-01,196.48,62864.52,41805.23
Project 0348,2025-06-01,178.26,52868.39,32208.24
Project 0348,2025-07-01,203.78,52379.95,36631.14
Project 0348,2025-08-01,218.7,58738.44,37828.48
Project 0348,2025-09-01,175.53,53993.69,33525.39
Project 0348,2025-10-01,230.25,61035.76,39297.04
Project 0348,2025-11-01,181.74,60617.92,43766.94
Project 0348,2025-12-01,191.92,65187.76,42994.09
Project 0348,2026-01-01,206.02,59825.01,43805.57
Project 0348,2026-02-01,224.57,62577.07,40926.57
Project 0348,2026-03-01,172.22,49031.96,29899.77
Project 0348,2026-04-01,250.52,51652.06,32642.17
Project 0348,2026-05-01,238.06,65408.43,46604.43
Project 0348,2026-06-01,203.69,51738.63,31746.32
Project 0348,2026-07-01,243.5,67348.68,40408.18
Project 0348,2026-08-01,211.25,53761.76,32564.63
Project 0349,2024-09-01,41.28,7433.22,5165.11
Project 0349,2024-10-01,36.91,7110.06,4404.13
Project 0349,2024-11-01,41.92,7462.88,4178.48
Project 0349,2024-12-01,28.54,6415.33,4605.54
Project 0349,2025-01-01,38.94,5885.9,3657.94
Project 0349,2025-02-01,36.31,7413.0,4558.11
Project 0349,2025-03-01,33.37,6236.69,4413.8
Project 0349,2025-04-01,33.25,7162.17,4641.39
Project 0349,2025-05-01,41.41,5644.67,3404.81
Project 0349,2025-06-01,37.71,7587.84,5035.02
Project 0349,2025-07-01,29.23,5851.55,3865.09
Project 0349,2025-08-01,30.04,6581.12,4719.44
Project 0349,2025-09-01,32.3,6459.84,4571.33
Project 0349,2025-10-01,33.03,7644.81,5391.05
Project 0349,2025-11-01,44.02,7022.13,4148.67
Project 0349,2025-12-01,33.18,7758.61,4906.47
Project 0349,2026-01-01,32.43,6320.23,4352.39
Project 0349,2026-02-01,33.03,6870.67,3960.55
Project 0349,2026-03-01,34.24,6221.17,3895.26
Project 0349,2026-04-01,28.9,6316.49,4060.28
Project 0349,2026-05-01,31.01,7461.13,4320.98
Project 0349,2026-06-01,34.07,6590.35,4364.5
Project 0349,2026-07-01,40.34,7726.1,5311.01
Project 0349,2026-08-01,32.73,6456.72,4248.86
Project 0350,2024-09-01,233.6,25910.74,16559.63
Project 0350,2024-10-01,175.67,20687.8,11518.92
Project 0350,2024-11-01,179.19,25561.2,15893.95
Project 0350,2024-12-01,166.31,25287.9,16241.08
Project 0350,2025-01-01,194.93,19675.62,11007.09
Project 0350,2025-02-01,226.4,22905.37,15696.12
Project 0350,2025-03-01,229.34,22836.29,13600.33
Project 0350,2025-04-01,180.21,25464.23,15851.41
Project 0350,2025-05-01,164.68,19725.37,14526.2
Project 0350,2025-06-01,185.27,20228.26,13266.31
Project 0350,2025-07-01,233.02,21518.34,15711.46
Project 0350,2025-08-01,163.82,21339.59,12633.71
Project 0350,2025-09-01,181.29,22552.15,14449.03
Project 0350,2025-10-01,193.04,24875.18,14661.42
Project 0350,2025-11-01,221.71,21600.86,13712.5
Project 0350,2025-12-01,193.64,20714.91,13277.46
Project 0350,2026-01-01,244.18,21097.62,14842.71
Project 0350,2026-02-01,231.66,24333.88,16626.94
Project 0350,2026-03-01,192.32,25138.9,16342.16
Project 0350,2026-04-01,180.59,19060.0,11885.86
Project 0350,2026-05-01,196.92,23786.56,15974.28
Project 0350,2026-06-01,159.43,24504.42,14743.22
Project 0350,2026-07-01,172.3,20072.41,13059.62
Project 0350,2026-08-01,179.89,24722.18,17673.64
Project 0351,2024-09-01,15.54,2160.76,1482.87
Project 0351,2024-10-01,18.46,1633.58,952.38
Project 0351,2024-11-01,16.07,2021.36,1487.09
Project 0351,2024-12-01,13.18,1869.78,1208.12
Project 0351,2025-01-01,17.74,2094.84,1557.02
Project 0351,2025-02-01,16.85,2127.32,1257.89
Project 0351,2025-03-01,20.21,1556.57,1148.22
Project 0351,2025-04-01,17.67,1740.38,1211.04
Project 0351,2025-05-01,19.19,1946.98,1101.14
Project 0351,2025-06-01,15.85,2163.5,1397.92
Project 0351,2025-07-01,16.88,1856.36,1243.08
Project 0351,2025-08-01,16.83,2036.94,1399.29
Project 0351,2025-09-01,19.88,1784.0,1004.22
Project 0351,2025-10-01,13.6,1924.9,1229.15
Project 0351,2025-11-01,19.88,1729.12,955.54
Project 0351,2025-12-01,18.74,1819.97,1069.58
Project 0351,2026-01-01,19.31,2108.5,1458.24
Project 0351,2026-02-01,14.96,1696.14,989.51
Project 0351,2026-03-01,13.22,1679.14,1211.44
Project 0351,2026-04-01,15.38,1913.32,1163.13
Project 0351,2026-05-01,15.37,1924.33,1390.79
Project 0351,2026-06-01,19.48,1697.42,1159.03
Project 0351,2026-07-01,13.06,2204.39,1238.47
Project 0351,2026-08-01,19.7,1894.55,1318.91
Project 0352,2024-09-01,33.32,2854.78,1772.34
Project 0352,2024-10-01,42.86,2583.54,1554.17
Project 0352,2024-11-01,44.34,2506.28,1851.92
Project 0352,2024-12-01,45.22,2892.13,2161.12
Project 0352,2025-01-01,33.36,2394.68,1674.13
Project 0352,2025-02-01,40.74,2674.78,1591.66
Project 0352,2025-03-01,40.99,2741.61,1697.31
Project 0352,2025-04-01,39.9,2678.67,1976.8
Project 0352,2025-05-01,48.43,3206.36,2398.62
Project 0352,2025-06-01,48.49,2504.87,1581.39
Project 0352,2025-07-01,36.49,2976.52,2120.45
Project 0352,2025-08-01,37.78,2325.94,1661.63
Project 0352,2025-09-01,42.1,2977.52,2038.29
Project 0352,2025-10-01,45.21,2426.19,1338.27
Project 0352,2025-11-01,42.38,3062.01,2262.14
Project 0352,2025-12-01,40.82,2713.44,1736.63
Project 0352,2026-01-01,35.84,2597.16,1865.83
Project 0352,2026-02-01,42.62,2625.98,1454.74
Project 0352,2026-03-01,43.89,2303.15,1671.73
Project 0352,2026-04-01,35.81,2728.39,1563.98
Project 0352,2026-05-01,45.85,3127.37,2324.38
Project 0352,2026-06-01,49.6,2324.85,1671.86
Project 0352,2026-07-01,32.83,3120.88,2179.57
Project 0352,2026-08-01,43.44,2782.92,1791.76
Project 0353,2024-09-01,188.36,30857.41,21356.65
Project 0353,2024-10-01,164.7,30198.91,20808.33
Project 0353,2024-11-01,141.81,26775.91,18927.02
Project 0353,2024-12-01,171.88,23830.93,16985.93
Project 0353,2025-01-01,182.22,28604.76,18439.13
Project 0353,2025-02-01,144.63,25104.59,18355.81
Project 0353,2025-03-01,148.77,33415.57,19493.62
Project 0353,2025-04-01,157.78,26207.52,17412.78
Project 0353,2025-05-01,177.1,29709.91,20566.47
Project 0353,2025-06-01,146.94,25947.8,18629.57
Project 0353,2025-07-01,131.27,29743.77,18295.63
Project 0353,2025-08-01,131.66,31350.72,21575.88
Project 0353,2025-09-01,129.98,29032.09,19967.57
Project 0353,2025-10-01,147.17,24740.45,15134.03
Project 0353,2025-11-01,173.47,30320.77,17697.12
Project 0353,2025-12-01,120.37,31563.74,20706.18
Project 0353,2026-01-01,162.61,28555.76,17074.63
Project 0353,2026-02-01,151.03,23390.43,13198.78
Project 0353,2026-03-01,131.77,32380.9,20563.38
Project 0353,2026-04-01,157.75,27712.19,19578.84
Project 0353,2026-05-01,121.64,28100.89,19789.27
Project 0353,2026-06-01,163.82,24127.29,17146.93
Project 0353,2026-07-01,150.64,26170.44,14468.77
Project 0353,2026-08-01,168.05,31480.99,18771.4
Project 0354,2024-09-01,91.45,14886.93,9254.2
Project 0354,2024-10-01,84.84,13619.55,9461.69
Project 0354,2024-11-01,70.0,14500.74,10381.21
Project 0354,2024-12-01,84.63,14122.4,9720.0
Project 0354,2025-01-01,89.71,14479.97,9295.3
Project 0354,2025-02-01,87.54,15889.48,11358.28
Project 0354,2025-03-01,75.34,16367.31,9197.13
Project 0354,2025-04-01,99.28,12727.05,9397.93
Project 0354,2025-05-01,83.67,13239.57,7683.17
Project 0354,2025-06-01,74.68,17994.13,11702.11
Project 0354,2025-07-01,77.9,13637.39,8228.27
Project 0354,2025-08-01,81.15,15360.91,9464.77
Project 0354,2025-09-01,83.57,13305.02,9580.17
Project 0354,2025-10-01,92.4,16778.41,10456.62
Project 0354,2025-11-01,82.86,16657.11,9662.04
Project 0354,2025-12-01,70.41,15047.28,8620.53
Project 0354,2026-01-01,76.03,12844.28,7914.33
Project 0354,2026-02-01,85.57,16607.18,11985.23
Project 0354,2026-03-01,75.4,13697.75,10111.89
Project 0354,2026-04-01,94.96,15186.33,9847.33
Project 0354,2026-05-01,70.99,15336.77,11046.15
Project 0354,2026-06-01,77.05,13151.91,9005.03
Project 0354,2026-07-01,98.41,15538.0,8668.02
Project 0354,2026-08-01,83.31,16328.82,9484.79
Project 0355,2024-09-01,36.96,15409.11,10113.25
Project 0355,2024-10-01,38.24,16548.72,11826.95
Project 0355,2024-11-01,41.26,15543.03,11336.5
Project 0355,2024-12-01,43.96,12907.96,8074.67
Project 0355,2025-01-01,38.37,15761.34,11372.47
Project 0355,2025-02-01,40.14,16180.29,10541.87
Project 0355,2025-03-01,34.49,15612.74,8634.94
Project 0355,2025-04-01,38.61,13698.99,8348.89
Project 0355,2025-05-01,32.2,13578.26,8221.06
Project 0355,2025-06-01,35.07,12849.43,7835.72
Project 0355,2025-07-01,34.21,14471.61,10682.83
Project 0355,2025-08-01,32.13,14228.98,8621.64
Project 0355,2025-09-01,30.16,15340.46,11314.56
Project 0355,2025-10-01,38.84,13892.73,10387.35
Project 0355,2025-11-01,46.13,14188.94,10401.15
Project 0355,2025-12-01,43.82,16416.71,10002.37
Project 0355,2026-01-01,36.17,13390.13,9986.85
Project 0355,2026-02-01,31.78,13463.25,9500.56
Project 0355,2026-03-01,40.54,13490.26,9913.61
Project 0355,2026-04-01,40.83,14555.74,9877.13
Project 0355,2026-05-01,32.66,14743.43,9454.71
Project 0355,2026-06-01,40.63,11666.99,7759.38
Project 0355,2026-07-01,38.88,13246.44,8591.8
Project 0355,2026-08-01,34.94,12904.47,9065.49
Project 0356,2024-09-01,209.7,53422.69,37048.73
Project 0356,2024-10-01,245.74,48066.61,29636.01
Project 0356,2024-11-01,216.54,56436.13,37086.3
Project 0356,2024-12-01,197.52,51931.05,36085.12
Project 0356,2025-01-01,202.87,45776.57,31354.23
Project 0356,2025-02-01,184.21,46795.75,33897.92
Project 0356,2025-03-01,224.52,56345.9,40131.25
Project 0356,2025-04-01,223.39,57478.78,42060.59
Project 0356,2025-05-01,231.49,46458.61,26070.76
Project 0356,2025-06-01,243.71,54006.54,34036.81
Project 0356,2025-07-01,246.4,51371.51,37332.79
Project 0356,2025-08-01,243.49,42019.55,25415.47
Project 0356,2025-09-01,196.03,52923.4,29704.1
Project 0356,2025-10-01,203.92,43834.69,30607.39
Project 0356,2025-11-01,242.11,41917.18,31412.33
Project 0356,2025-12-01,210.07,53994.0,35832.15
Project 0356,2026-01-01,185.09,40256.54,29379.13
Project 0356,2026-02-01,250.79,40530.01,23209.53
Project 0356,2026-03-01,181.88,42485.77,30159.67
Project 0356,2026-04-01,179.03,48547.63,33369.72
Project 0356,2026-05-01,219.39,56671.43,32287.98
Project 0356,2026-06-01,240.5,41110.02,27758.17
Project 0356,2026-07-01,217.01,56354.71,31698.35
Project 0356,2026-08-01,227.47,47239.05,29617.8
Project 0357,2024-09-01,89.3,7146.36,4711.22
Project 0357,2024-10-01,78.81,5462.28,3709.22
Project 0357,2024-11-01,72.69,6252.38,3794.92
Project 0357,2024-12-01,106.16,6371.95,3902.65
Project 0357,2025-01-01,83.5,6380.34,4390.16
Project 0357,2025-02-01,77.9,6490.21,4432.93
Project 0357,2025-03-01,79.66,5697.59,3703.85
Project 0357,2025-04-01,104.57,5955.86,3376.39
Project 0357,2025-05-01,76.9,6689.91,3957.03
Project 0357,2025-06-01,91.7,6094.17,4557.05
Project 0357,2025-07-01,86.08,6254.25,4565.79
Project 0357,2025-08-01,83.85,5651.15,3666.88
Project 0357,2025-09-01,101.86,6958.38,4769.95
Project 0357,2025-10-01,99.84,6551.4,4598.82
Project 0357,2025-11-01,79.85,5391.31,3355.72
Project 0357,2025-12-01,102.11,6823.05,4525.69
Project 0357,2026-01-01,82.28,5014.3,3563.68
Project 0357,2026-02-01,102.77,5499.47,3227.79
Project 0357,2026-03-01,98.54,6291.0,4406.17
Project 0357,2026-04-01,98.72,5925.5,3836.14
Project 0357,2026-05-01,94.13,7032.7,4162.79
Project 0357,2026-06-01,95.23,6424.83,4566.55
Project 0357,2026-07-01,83.32,5356.83,3933.66
Project 0357,2026-08-01,90.83,6995.04,3914.08
Project 0358,2024-09-01,147.99,50002.69,31648.47
Project 0358,2024-10-01,191.1,50219.61,27651.28
Project 0358,2024-11-01,178.9,56523.9,38556.39
Project 0358,2024-12-01,174.96,54131.33,38546.86
Project 0358,2025-01-01,132.24,59215.99,32929.26
Project 0358,2025-02-01,172.26,60272.04,44690.84
Project 0358,2025-03-01,142.77,52414.54,33788.87
Project 0358,2025-04-01,168.0,52510.07,37365.61
Project 0358,2025-05-01,143.4,56735.16,39538.48
Project 0358,2025-06-01,172.53,55506.68,38058.23
Project 0358,2025-07-01,163.58,54967.92,37272.43
Project 0358,2025-08-01,146.4,58049.58,37697.98
Project 0358,2025-09-01,132.63,52927.26,37942.9
Project 0358,2025-10-01,135.06,51368.88,32957.24
Project 0358,2025-11-01,181.87,47204.33,31360.4
Project 0358,2025-12-01,200.11,49299.77,29991.47
Project 0358,2026-01-01,189.07,54794.92,35768.94
Project 0358,2026-02-01,192.2,62623.6,45978.48
Project 0358,2026-03-01,170.31,51278.62,36819.75
Project 0358,2026-04-01,199.65,61517.25,44651.09
Project 0358,2026-05-01,131.47,58185.15,35666.95
Project 0358,2026-06-01,141.14,46576.57,28327.01
Project 0358,2026-07-01,147.68,45531.18,33756.62
Project 0358,2026-08-01,141.51,50106.63,34756.97
Project 0359,2024-09-01,173.38,20600.56,12477.75
Project 0359,2024-10-01,180.03,16719.24,9487.27
Project 0359,2024-11-01,216.07,19546.29,13344.96
Project 0359,2024-12-01,171.27,17906.24,11314.76
Project 0359,2025-01-01,202.95,17923.68,13184.88
Project 0359,2025-02-01,227.08,15586.93,11410.26
Project 0359,2025-03-01,162.42,15898.8,9735.14
Project 0359,2025-04-01,158.3,18822.19,11106.35
Project 0359,2025-05-01,156.18,21091.2,13282.72
Project 0359,2025-06-01,221.64,20167.26,12447.4
Project 0359,2025-07-01,208.91,16207.75,11418.55
Project 0359,2025-08-01,158.72,21602.92,14946.72
Project 0359,2025-09-01,223.83,17880.39,11292.65
Project 0359,2025-10-01,157.65,18070.03,11098.38
Project 0359,2025-11-01,148.47,17771.56,11329.63
Project 0359,2025-12-01,214.52,17344.75,9911.18
Project 0359,2026-01-01,206.98,20148.8,12056.16
Project 0359,2026-02-01,217.71,15670.84,9400.72
Project 0359,2026-03-01,177.16,16082.88,10135.05
Project 0359,2026-04-01,229.02,17277.07,12545.99
Project 0359,2026-05-01,180.5,20894.73,15515.88
Project 0359,2026-06-01,216.89,19644.76,12772.53
Project 0359,2026-07-01,221.5,16182.48,10474.68
Project 0359,2026-08-01,168.41,21526.99,16112.43
Project 0360,2024-09-01,222.2,78273.37,52349.49
Project 0360,2024-10-01,259.13,92969.05,59988.33
Project 0360,2024-11-01,235.61,73729.6,45486.56
Project 0360,2024-12-01,202.7,91855.95,57757.41
Project 0360,2025-01-01,192.9,101482.41,68040.59
Project 0360,2025-02-01,200.04,74160.93,49761.01
Project 0360,2025-03-01,241.11,85188.1,61844.38
Project 0360,2025-04-01,276.72,96836.23,65195.09
Project 0360,2025-05-01,231.74,86612.66,60452.32
Project 0360,2025-06-01,194.67,87600.6,50667.12
Project 0360,2025-07-01,190.69,82475.75,49307.82
Project 0360,2025-08-01,184.88,91816.79,61592.41
Project 0360,2025-09-01,201.42,95435.52,55943.7
Project 0360,2025-10-01,237.33,72232.54,49184.4
Project 0360,2025-11-01,224.43,85591.12,54853.86
Project 0360,2025-12-01,187.09,95721.74,67652.65
Project 0360,2026-01-01,208.9,92127.04,60338.41
Project 0360,2026-02-01,223.39,72870.25,42615.14
Project 0360,2026-03-01,221.03,72027.94,50075.45
Project 0360,2026-04-01,253.05,100075.02,63086.69
Project 0360,2026-05-01,213.26,102524.02,60225.31
Project 0360,2026-06-01,236.54,85802.48,53280.31
Project 0360,2026-07-01,202.86,93036.96,60666.42
Project 0360,2026-08-01,269.99,86939.84,63935.0
Project 0361,2024-09-01,236.98,75866.39,52190.17
Project 0361,2024-10-01,313.22,65269.85,46633.51
Project 0361,2024-11-01,292.21,69895.94,44155.44
Project 0361,2024-12-01,283.27,60722.44,38311.17
Project 0361,2025-01-01,237.12,82736.7,59460.1
Project 0361,2025-02-01,300.16,76308.16,46424.08
Project 0361,2025-03-01,296.68,70671.72,47969.4
Project 0361,2025-04-01,260.81,68062.46,50993.73
Project 0361,2025-05-01,272.63,77888.01,55735.28
Project 0361,2025-06-01,311.32,70174.81,46343.74
Project 0361,2025-07-01,211.69,67212.22,42016.98
Project 0361,2025-08-01,282.86,73431.97,53239.89
Project 0361,2025-09-01,213.59,83087.63,55683.75
Project 0361,2025-10-01,221.61,75951.89,50061.42
Project 0361,2025-11-01,210.7,67417.03,37967.47
Project 0361,2025-12-01,272.74,78334.75,54287.89
Project 0361,2026-01-01,217.26,76432.68,44354.88
Project 0361,2026-02-01,247.79,65298.48,48179.52
Project 0361,2026-03-01,231.2,76139.77,42729.39
Project 0361,2026-04-01,273.87,76405.56,52349.47
Project 0361,2026-05-01,261.38,65522.19,40777.12
Project 0361,2026-06-01,209.78,79839.38,48309.88
Project 0361,2026-07-01,225.44,74314.78,50871.64
Project 0361,2026-08-01,204.41,62321.65,45039.79
Project 0362,2024-09-01,201.74,61829.5,36141.93
Project 0362,2024-10-01,254.39,74871.0,55499.57
Project 0362,2024-11-01,266.36,72844.25,47346.15
Project 0362,2024-12-01,228.81,73334.43,52463.46
Project 0362,2025-01-01,256.93,71845.71,44252.88
Project 0362,2025-02-01,238.77,68846.97,44221.0
Project 0362,2025-03-01,238.52,77334.37,43028.63
Project 0362,2025-04-01,262.17,68746.79,49981.45
Project 0362,2025-05-01,187.21,68893.55,39541.38
Project 0362,2025-06-01,207.5,57764.33,41010.1
Project 0362,2025-07-01,218.2,61270.39,42957.74
Project 0362,2025-08-01,191.99,63694.24,42485.67
Project 0362,2025-09-01,245.63,57028.46,40257.96
Project 0362,2025-10-01,192.24,75900.11,46359.28
Project 0362,2025-11-01,218.52,69360.47,44404.93
Project 0362,2025-12-01,258.52,54432.28,39553.54
Project 0362,2026-01-01,273.02,77018.36,42849.57
Project 0362,2026-02-01,237.59,69346.07,51148.21
Project 0362,2026-03-01,289.69,75254.45,54362.83
Project 0362,2026-04-01,260.79,66868.28,49678.81
Project 0362,2026-05-01,274.02,67605.38,49922.65
Project 0362,2026-06-01,201.99,67426.47,39182.38
Project 0362,2026-07-01,235.54,56680.25,36617.05
Project 0362,2026-08-01,236.24,68532.05,51029.72
Project 0363,2024-09-01,391.65,15146.14,8634.3
Project 0363,2024-10-01,357.99,16971.7,11955.64
Project 0363,2024-11-01,290.66,16390.45,10224.35
Project 0363,2024-12-01,323.78,15033.6,9861.94
Project 0363,2025-01-01,387.37,17107.77,12522.92
Project 0363,2025-02-01,274.45,16152.76,11458.98
Project 0363,2025-03-01,342.78,16238.43,10866.09
Project 0363,2025-04-01,394.08,17359.31,12853.34
Project 0363,2025-05-01,382.04,18959.73,13799.81
Project 0363,2025-06-01,387.96,13725.84,7747.59
Project 0363,2025-07-01,286.5,17819.66,11084.22
Project 0363,2025-08-01,327.41,14516.52,9179.51
Project 0363,2025-09-01,385.18,13716.48,9887.35
Project 0363,2025-10-01,387.74,18062.48,12646.91
Project 0363,2025-11-01,347.25,18943.95,12626.68
Project 0363,2025-12-01,313.37,18488.01,10353.59
Project 0363,2026-01-01,299.22,17841.18,11504.84
Project 0363,2026-02-01,384.67,14847.16,11011.52
Project 0363,2026-03-01,296.05,13757.39,8088.14
Project 0363,2026-04-01,325.2,17390.67,11151.81
Project 0363,2026-05-01,323.12,14357.21,8767.17
Project 0363,2026-06-01,293.64,17026.2,11457.99
Project 0363,2026-07-01,312.91,15654.15,9566.43
Project 0363,2026-08-01,345.17,17394.37,12529.94
Project 0364,2024-09-01,179.61,47149.08,27648.44
Project 0364,2024-10-01,193.61,49047.23,27795.17
Project 0364,2024-11-01,243.5,50949.78,35680.85
Project 0364,2024-12-01,223.55,50080.22,35110.94
Project 0364,2025-01-01,254.32,49221.69,36595.11
Project 0364,2025-02-01,221.09,59067.67,39333.38
Project 0364,2025-03-01,210.63,56007.12,39756.52
Project 0364,2025-04-01,260.55,50792.67,30523.69
Project 0364,2025-05-01,239.06,42853.93,27442.71
Project 0364,2025-06-01,224.51,43757.71,25541.99
Project 0364,2025-07-01,220.24,54390.1,31776.05
Project 0364,2025-08-01,198.93,50326.69,34253.32
Project 0364,2025-09-01,258.06,48147.78,26617.67
Project 0364,2025-10-01,237.5,50167.72,27819.09
Project 0364,2025-11-01,208.43,46668.35,25871.48
Project 0364,2025-12-01,238.88,52840.58,31466.8
Project 0364,2026-01-01,275.83,52780.73,38391.85
Project 0364,2026-02-01,188.41,43736.03,28379.46
Project 0364,2026-03-01,183.71,47216.07,28372.65
Project 0364,2026-04-01,228.75,43782.99,28373.57
Project 0364,2026-05-01,224.0,42759.69,27963.17
Project 0364,2026-06-01,272.92,53941.51,40269.41
Project 0364,2026-07-01,260.38,52471.92,29753.32
Project 0364,2026-08-01,243.7,52550.74,34838.29
Project 0365,2024-09-01,133.53,55149.78,34597.32
Project 0365,2024-10-01,201.97,64286.96,38399.03
Project 0365,2024-11-01,133.95,70207.46,51686.58
Project 0365,2024-12-01,130.46,68335.34,41659.76
Project 0365,2025-01-01,202.25,51210.09,32547.54
Project 0365,2025-02-01,146.17,64605.42,47597.86
Project 0365,2025-03-01,148.09,56102.09,34386.09
Project 0365,2025-04-01,130.28,60229.17,40327.49
Project 0365,2025-05-01,168.64,50787.32,32583.97
Project 0365,2025-06-01,153.21,55408.95,38294.9
Project 0365,2025-07-01,152.24,50303.67,34511.31
Project 0365,2025-08-01,170.2,53430.54,31192.03
Project 0365,2025-09-01,185.81,53485.07,32267.81
Project 0365,2025-10-01,182.69,58328.63,34174.97
Project 0365,2025-11-01,196.53,61746.79,40800.14
Project 0365,2025-12-01,172.36,51163.83,29062.62
Project 0365,2026-01-01,191.51,56276.33,31076.57
Project 0365,2026-02-01,155.68,51781.14,38829.6
Project 0365,2026-03-01,140.5,56489.77,37276.72
Project 0365,2026-04-01,162.04,61473.24,45449.06
Project 0365,2026-05-01,150.52,56233.04,32505.59
Project 0365,2026-06-01,152.59,65374.98,46452.07
Project 0365,2026-07-01,132.13,71390.22,53444.46
Project 0365,2026-08-01,159.86,55662.24,39272.42
Project 0366,2024-09-01,309.4,94001.34,60467.9
Project 0366,2024-10-01,310.8,101988.18,62401.02
Project 0366,2024-11-01,331.74,103020.65,65213.18
Project 0366,2024-12-01,313.84,93575.44,66762.35
Project 0366,2025-01-01,291.11,73258.05,54558.19
Project 0366,2025-02-01,311.5,80177.4,52664.49
Project 0366,2025-03-01,220.39,79862.78,56062.42
Project 0366,2025-04-01,260.1,82888.88,53632.93
Project 0366,2025-05-01,239.37,88964.14,60862.89
Project 0366,2025-06-01,231.55,94868.04,62288.64
Project 0366,2025-07-01,236.93,92215.25,67215.0
Project 0366,2025-08-01,228.22,88187.9,54401.28
Project 0366,2025-09-01,215.38,88001.06,48962.2
Project 0366,2025-10-01,279.99,74576.7,46030.05
Project 0366,2025-11-01,282.57,101256.72,71080.12
Project 0366,2025-12-01,277.81,94695.81,66187.08
Project 0366,2026-01-01,261.31,90158.99,57445.79
Project 0366,2026-02-01,283.07,99517.43,62244.1
Project 0366,2026-03-01,274.76,78533.63,47157.94
Project 0366,2026-04-01,274.22,103246.8,56970.52
Project 0366,2026-05-01,248.93,75766.64,43068.22
Project 0366,2026-06-01,318.69,101284.06,75372.79
Project 0366,2026-07-01,293.13,95311.62,70025.38
Project 0366,2026-08-01,321.52,102954.17,74363.24
Project 0367,2024-09-01,227.48,40327.35,25644.3
Project 0367,2024-10-01,298.32,39835.9,28451.81
Project 0367,2024-11-01,305.02,42334.55,23470.22
Project 0367,2024-12-01,256.98,36204.18,22365.41
Project 0367,2025-01-01,235.9,39585.4,21948.06
Project 0367,2025-02-01,330.33,37125.2,20646.8
Project 0367,2025-03-01,277.12,42745.63,24520.9
Project 0367,2025-04-01,350.95,38906.4,25619.96
Project 0367,2025-05-01,333.29,40530.95,28771.63
Project 0367,2025-06-01,323.5,32165.05,23798.59
Project 0367,2025-07-01,335.89,40722.09,26351.67
Project 0367,2025-08-01,315.09,35518.83,23031.83
Project 0367,2025-09-01,353.81,43376.16,30968.86
Project 0367,2025-10-01,272.51,44704.18,32596.1
Project 0367,2025-11-01,242.6,35666.97,24049.34
Project 0367,2025-12-01,346.96,37372.23,24233.6
Project 0367,2026-01-01,237.48,43817.2,31377.6
Project 0367,2026-02-01,320.77,41519.28,25784.6
Project 0367,2026-03-01,290.03,41855.35,29007.46
Project 0367,2026-04-01,247.71,38698.17,21783.65
Project 0367,2026-05-01,348.4,36161.32,23719.91
Project 0367,2026-06-01,302.06,42106.69,31225.52
Project 0367,2026-07-01,234.68,36205.9,25566.2
Project 0367,2026-08-01,295.78,40787.6,25095.73
Project 0368,2024-09-01,209.09,60322.06,41214.46
Project 0368,2024-10-01,204.89,69846.43,45954.68
Project 0368,2024-11-01,229.09,58363.89,40670.95
Project 0368,2024-12-01,189.26,56010.91,31837.91
Project 0368,2025-01-01,219.49,80071.17,51497.58
Project 0368,2025-02-01,254.28,67020.84,45706.28
Project 0368,2025-03-01,205.89,59844.03,42180.43
Project 0368,2025-04-01,192.91,66054.04,49424.49
Project 0368,2025-05-01,252.11,78544.94,45268.16
Project 0368,2025-06-01,205.32,61443.42,44019.65
Project 0368,2025-07-01,243.5,73697.44,54105.17
Project 0368,2025-08-01,188.44,74768.8,45391.32
Project 0368,2025-09-01,192.3,64326.23,38584.15
Project 0368,2025-10-01,167.1,74079.24,51535.35
Project 0368,2025-11-01,170.1,75812.3,42634.52
Project 0368,2025-12-01,183.43,62692.02,41767.1
Project 0368,2026-01-01,223.31,72200.93,44870.68
Project 0368,2026-02-01,223.86,67883.9,38957.57
Project 0368,2026-03-01,247.33,61327.76,37929.09
Project 0368,2026-04-01,187.43,75265.95,42023.09
Project 0368,2026-05-01,247.51,67932.74,48494.25
Project 0368,2026-06-01,249.15,61898.98,39983.23
Project 0368,2026-07-01,166.53,56926.39,36832.67
Project 0368,2026-08-01,171.4,69052.44,50715.44
Project 0369,2024-09-01,187.35,24609.42,16409.68
Project 0369,2024-10-01,156.99,24161.52,16571.41
Project 0369,2024-11-01,176.07,26739.17,16533.54
Project 0369,2024-12-01,199.25,21062.29,12363.58
Project 0369,2025-01-01,162.67,25330.19,16179.71
Project 0369,2025-02-01,139.38,24849.63,15984.75
Project 0369,2025-03-01,177.74,19019.06,10682.54
Project 0369,2025-04-01,190.55,19440.61,12414.6
Project 0369,2025-05-01,172.02,20371.97,13320.35
Project 0369,2025-06-01,195.0,22091.83,15461.88
Project 0369,2025-07-01,170.42,19967.41,11336.47
Project 0369,2025-08-01,195.32,20729.8,13317.16
Project 0369,2025-09-01,140.7,26034.0,15387.87
Project 0369,2025-10-01,155.41,21615.98,15110.77
Project 0369,2025-11-01,169.14,23636.11,15847.43
Project 0369,2025-12-01,194.07,24723.91,15648.95
Project 0369,2026-01-01,164.86,25303.4,17571.07
Project 0369,2026-02-01,130.87,25892.41,17071.54
Project 0369,2026-03-01,164.95,26830.91,19395.01
Project 0369,2026-04-01,172.88,20248.47,14661.13
Project 0369,2026-05-01,164.25,22260.79,12608.59
Project 0369,2026-06-01,162.93,19070.99,13706.23
Project 0369,2026-07-01,176.88,26355.29,18851.4
Project 0369,2026-08-01,180.02,24745.72,17416.2
Project 0370,2024-09-01,363.06,68266.77,39719.57
Project 0370,2024-10-01,295.09,76546.6,46195.02
Project 0370,2024-11-01,447.52,68624.2,48530.66
Project 0370,2024-12-01,405.16,64924.83,47802.46
Project 0370,2025-01-01,363.72,69088.13,45639.53
Project 0370,2025-02-01,436.96,63527.19,45069.77
Project 0370,2025-03-01,384.62,73163.09,54425.66
Project 0370,2025-04-01,334.32,63189.05,37814.08
Project 0370,2025-05-01,418.86,74050.77,49571.28
Project 0370,2025-06-01,345.14,71854.5,40091.33
Project 0370,2025-07-01,383.84,62111.13,44259.55
Project 0370,2025-08-01,317.27,74917.1,41975.25
Project 0370,2025-09-01,300.19,76711.57,48225.67
Project 0370,2025-10-01,380.51,58212.04,36246.73
Project 0370,2025-11-01,385.62,60860.22,37896.34
Project 0370,2025-12-01,402.88,59986.88,43032.29
Project 0370,2026-01-01,318.41,62602.93,35373.81
Project 0370,2026-02-01,424.45,68819.53,41302.59
Project 0370,2026-03-01,314.2,67174.28,42376.24
Project 0370,2026-04-01,437.51,56285.11,38573.0
Project 0370,2026-05-01,432.66,64047.78,37569.52
Project 0370,2026-06-01,442.76,57833.12,35382.5
Project 0370,2026-07-01,392.6,78800.74,58786.03
Project 0370,2026-08-01,305.1,74335.8,53554.91
Project 0371,2024-09-01,72.04,5653.54,3675.26
Project 0371,2024-10-01,74.19,6954.13,4942.53
Project 0371,2024-11-01,76.62,7249.76,4585.58
Project 0371,2024-12-01,72.85,7375.79,5294.3
Project 0371,2025-01-01,55.06,7608.02,4748.28
Project 0371,2025-02-01,54.17,7183.71,4728.0
Project 0371,2025-03-01,52.19,7304.17,5389.77
Project 0371,2025-04-01,61.13,7582.35,5333.11
Project 0371,2025-05-01,74.42,5605.45,3622.82
Project 0371,2025-06-01,57.9,7308.52,5002.91
Project 0371,2025-07-01,57.6,7136.25,5092.84
Project 0371,2025-08-01,69.8,7535.52,5327.39
Project 0371,2025-09-01,69.27,6547.26,3618.48
Project 0371,2025-10-01,68.6,6527.98,4465.2
Project 0371,2025-11-01,58.75,5703.52,3999.31
Project 0371,2025-12-01,63.9,5699.45,3420.23
Project 0371,2026-01-01,80.74,6576.53,4737.78
Project 0371,2026-02-01,62.5,5936.02,4355.42
Project 0371,2026-03-01,56.36,7396.85,5295.07
Project 0371,2026-04-01,67.67,6001.38,3306.88
Project 0371,2026-05-01,74.08,7629.85,4565.29
Project 0371,2026-06-01,60.28,6898.54,3917.62
Project 0371,2026-07-01,69.73,6298.05,3577.01
Project 0371,2026-08-01,66.81,6514.32,4401.92
Project 0372,2024-09-01,285.84,106333.61,65392.14
Project 0372,2024-10-01,385.14,112802.46,83026.49
Project 0372,2024-11-01,393.47,104599.73,59567.47
Project 0372,2024-12-01,364.7,104063.35,71978.07
Project 0372,2025-01-01,402.6,132132.56,73078.63
Project 0372,2025-02-01,415.64,124793.76,81753.23
Project 0372,2025-03-01,283.2,136630.3,97517.36
Project 0372,2025-04-01,387.51,110123.0,75841.31
Project 0372,2025-05-01,443.2,108922.37,62156.55
Project 0372,2025-06-01,426.54,102651.68,58905.23
Project 0372,2025-07-01,400.86,112075.67,79383.01
Project 0372,2025-08-01,409.97,136171.01,97894.22
Project 0372,2025-09-01,371.89,135948.57,84109.57
Project 0372,2025-10-01,308.91,128058.19,72179.53
Project 0372,2025-11-01,435.98,129054.88,82400.17
Project 0372,2025-12-01,362.74,102824.16,64641.81
Project 0372,2026-01-01,383.9,111705.35,65341.72
Project 0372,2026-02-01,422.74,112041.85,77973.63
Project 0372,2026-03-01,365.47,98388.83,55910.35
Project 0372,2026-04-01,322.0,136289.82,100380.75
Project 0372,2026-05-01,371.52,131100.46,80923.19
Project 0372,2026-06-01,307.17,132106.43,77413.68
Project 0372,2026-07-01,379.0,105496.38,64655.04
Project 0372,2026-08-01,314.01,137621.32,97865.55
Project 0373,2024-09-01,25.38,2263.07,1355.02
Project 0373,2024-10-01,21.43,3100.24,2152.6
Project 0373,2024-11-01,30.91,2407.4,1473.92
Project 0373,2024-12-01,29.48,2349.97,1413.54
Project 0373,2025-01-01,22.7,2633.39,1829.99
Project 0373,2025-02-01,22.81,2558.6,1786.72
Project 0373,2025-03-01,28.05,2270.22,1524.45
Project 0373,2025-04-01,22.94,3056.07,2080.17
Project 0373,2025-05-01,25.95,2533.83,1647.91
Project 0373,2025-06-01,26.68,2394.15,1645.67
Project 0373,2025-07-01,21.63,2606.37,1567.9
Project 0373,2025-08-01,25.4,2505.98,1418.89
Project 0373,2025-09-01,29.47,2599.2,1454.86
Project 0373,2025-10-01,32.64,2885.57,1592.45
Project 0373,2025-11-01,27.67,2356.06,1398.58
Project 0373,2025-12-01,24.88,2898.59,1764.44
Project 0373,2026-01-01,24.38,2172.88,1289.68
Project 0373,2026-02-01,22.9,2498.16,1671.1
Project 0373,2026-03-01,31.15,2398.86,1455.9
Project 0373,2026-04-01,21.8,2372.38,1655.88
Project 0373,2026-05-01,22.49,2654.92,1577.73
Project 0373,2026-06-01,30.84,3121.03,1934.96
Project 0373,2026-07-01,26.14,2687.56,1497.72
Project 0373,2026-08-01,29.77,2911.94,1839.65
Project 0374,2024-09-01,30.77,4428.1,2493.2
Project 0374,2024-10-01,29.79,3598.8,2053.8
Project 0374,2024-11-01,25.19,4039.51,2383.72
Project 0374,2024-12-01,37.03,4496.09,2967.65
Project 0374,2025-01-01,34.31,4108.18,2831.47
Project 0374,2025-02-01,29.11,3490.01,2293.02
Project 0374,2025-03-01,25.94,3740.63,2608.05
Project 0374,2025-04-01,27.07,3513.17,2133.56
Project 0374,2025-05-01,35.01,3460.76,2326.05
Project 0374,2025-06-01,30.22,4412.33,2885.28
Project 0374,2025-07-01,28.56,4103.23,2664.3
Project 0374,2025-08-01,36.41,4005.34,2910.2
Project 0374,2025-09-01,24.12,3414.75,2342.75
Project 0374,2025-10-01,24.38,3301.57,1921.03
Project 0374,2025-11-01,29.42,3729.31,2438.51
Project 0374,2025-12-01,28.75,4635.1,2774.34
Project 0374,2026-01-01,26.46,4045.41,2985.95
Project 0374,2026-02-01,36.9,3598.59,2280.54
Project 0374,2026-03-01,32.3,4381.14,3227.58
Project 0374,2026-04-01,31.39,4116.35,2801.47
Project 0374,2026-05-01,35.67,4344.06,2621.05
Project 0374,2026-06-01,24.03,3516.05,2194.07
Project 0374,2026-07-01,24.51,4428.51,2912.65
Project 0374,2026-08-01,34.84,4214.43,2809.7
Project 0375,2024-09-01,225.94,13502.71,7682.1
Project 0375,2024-10-01,152.86,16685.42,9655.58
Project 0375,2024-11-01,208.34,17391.22,10836.5
Project 0375,2024-12-01,183.72,15973.83,8998.18
Project 0375,2025-01-01,209.19,16423.93,11931.47
Project 0375,2025-02-01,201.69,15438.06,9843.46
Project 0375,2025-03-01,179.93,14226.94,10419.11
Project 0375,2025-04-01,166.34,13381.73,8982.33
Project 0375,2025-05-01,219.89,13120.15,7340.03
Project 0375,2025-06-01,176.76,16610.66,9305.84
Project 0375,2025-07-01,198.97,17089.23,9429.35
Project 0375,2025-08-01,174.96,13946.31,8570.23
Project 0375,2025-09-01,189.51,15207.04,9570.56
Project 0375,2025-10-01,187.64,14297.19,7959.58
Project 0375,2025-11-01,196.1,16009.21,9699.08
Project 0375,2025-12-01,151.73,13465.55,8987.83
Project 0375,2026-01-01,190.05,15592.44,11649.48
Project 0375,2026-02-01,205.74,15388.39,8811.14
Project 0375,2026-03-01,168.58,14118.03,9391.25
Project 0375,2026-04-01,199.02,14291.96,9833.13
Project 0375,2026-05-01,198.91,12669.02,7263.88
Project 0375,2026-06-01,206.13,15025.66,10377.75
Project 0375,2026-07-01,168.33,14122.69,9010.91
Project 0375,2026-08-01,226.79,13515.53,8365.89
Project 0376,2024-09-01,296.04,18760.51,11687.23
Project 0376,2024-10-01,280.74,14849.57,8848.5
Project 0376,2024-11-01,207.22,16411.6,10293.13
Project 0376,2024-12-01,226.46,13820.95,9440.52
Project 0376,2025-01-01,223.27,19159.93,12351.72
Project 0376,2025-02-01,215.4,15983.61,10741.21
Project 0376,2025-03-01,211.29,17601.17,12345.9
Project 0376,2025-04-01,216.87,17457.67,11867.54
Project 0376,2025-05-01,270.75,15665.7,10170.48
Project 0376,2025-06-01,282.53,13645.45,9021.28
Project 0376,2025-07-01,208.93,17601.69,12220.05
Project 0376,2025-08-01,283.9,15782.6,10571.71
Project 0376,2025-09-01,217.38,15439.02,11010.88
Project 0376,2025-10-01,304.86,16639.31,10394.54
Project 0376,2025-11-01,264.25,17373.23,11770.65
Project 0376,2025-12-01,210.38,17672.94,11662.88
Project 0376,2026-01-01,233.04,16340.75,10412.82
Project 0376,2026-02-01,230.63,16397.36,9979.96
Project 0376,2026-03-01,202.34,17680.5,10830.94
Project 0376,2026-04-01,218.14,17186.09,11419.37
Project 0376,2026-05-01,288.81,15130.68,9380.99
Project 0376,2026-06-01,253.93,14705.93,8487.26
Project 0376,2026-07-01,270.62,18026.69,12692.62
Project 0376,2026-08-01,287.88,15696.14,10182.24
Project 0377,2024-09-01,108.51,19462.95,13472.46
Project 0377,2024-10-01,101.42,26018.08,18806.98
Project 0377,2024-11-01,115.79,25222.09,17349.15
Project 0377,2024-12-01,140.9,20217.24,13777.4
Project 0377,2025-01-01,143.71,22276.66,12872.5
Project 0377,2025-02-01,97.5,25604.06,17939.23
Project 0377,2025-03-01,134.49,23376.66,14785.01
Project 0377,2025-04-01,113.4,25756.59,15582.51
Project 0377,2025-05-01,138.76,21155.87,13731.39
Project 0377,2025-06-01,141.9,23080.03,16540.84
Project 0377,2025-07-01,126.41,20011.08,11510.45
Project 0377,2025-08-01,142.2,25790.01,18565.45
Project 0377,2025-09-01,121.85,24451.8,15427.72
Project 0377,2025-10-01,99.83,21920.14,16215.95
Project 0377,2025-11-01,147.32,22370.25,16237.48
Project 0377,2025-12-01,128.53,25463.63,14522.19
Project 0377,2026-01-01,129.37,21337.06,11792.81
Project 0377,2026-02-01,133.44,19037.23,13852.26
Project 0377,2026-03-01,105.43,25680.73,18804.63
Project 0377,2026-04-01,135.57,24381.84,14892.63
Project 0377,2026-05-01,135.21,24542.87,16417.53
Project 0377,2026-06-01,140.77,21609.96,15937.42
Project 0377,2026-07-01,109.55,25801.13,16490.4
Project 0377,2026-08-01,135.08,21488.35,15392.06
Project 0378,2024-09-01,346.33,59722.0,40937.39
Project 0378,2024-10-01,272.35,59785.31,34132.71
Project 0378,2024-11-01,246.42,68824.65,47393.89
Project 0378,2024-12-01,286.25,72171.31,41048.39
Project 0378,2025-01-01,272.49,69154.22,51169.24
Project 0378,2025-02-01,233.98,66822.47,45252.83
Project 0378,2025-03-01,245.31,73176.58,46819.22
Project 0378,2025-04-01,227.33,72313.36,40191.33
Project 0378,2025-05-01,317.81,70730.85,50867.78
Project 0378,2025-06-01,274.75,64110.2,42343.09
Project 0378,2025-07-01,307.0,72650.71,44713.94
Project 0378,2025-08-01,322.67,62843.6,41283.8
Project 0378,2025-09-01,244.34,56909.12,40988.12
Project 0378,2025-10-01,267.8,78415.81,49193.4
Project 0378,2025-11-01,254.97,58258.31,36989.71
Project 0378,2025-12-01,314.76,61359.63,40348.24
Project 0378,2026-01-01,317.73,74201.83,42712.07
Project 0378,2026-02-01,339.7,57515.83,41060.68
Project 0378,2026-03-01,241.44,65741.23,47972.38
Project 0378,2026-04-01,229.26,60077.83,44148.07
Project 0378,2026-05-01,313.74,73882.83,41138.41
Project 0378,2026-06-01,308.63,67185.96,47155.78
Project 0378,2026-07-01,347.11,65816.59,39421.26
Project 0378,2026-08-01,267.43,56234.88,38372.49
Project 0379,2024-09-01,388.12,105196.12,60186.36
Project 0379,2024-10-01,316.74,110344.17,65321.79
Project 0379,2024-11-01,305.98,100926.16,65764.26
Project 0379,2024-12-01,309.13,93707.66,57012.86
Project 0379,2025-01-01,326.93,94416.8,59134.67
Project 0379,2025-02-01,299.2,105136.17,71021.98
Project 0379,2025-03-01,398.04,103142.93,74207.78
Project 0379,2025-04-01,294.51,85064.57,57244.56
Project 0379,2025-05-01,315.42,105883.74,69371.79
Project 0379,2025-06-01,392.65,106416.98,72444.85
Project 0379,2025-07-01,280.84,82284.82,51649.28
Project 0379,2025-08-01,413.96,80471.72,44583.66
Project 0379,2025-09-01,298.73,80573.53,54419.61
Project 0379,2025-10-01,375.8,98389.12,71697.24
Project 0379,2025-11-01,279.78,95375.14,67020.04
Project 0379,2025-12-01,280.72,107799.41,64525.48
Project 0379,2026-01-01,331.61,106359.82,68552.12
Project 0379,2026-02-01,287.7,108189.57,74159.28
Project 0379,2026-03-01,282.71,87024.47,59394.16
Project 0379,2026-04-01,389.45,83768.15,49468.54
Project 0379,2026-05-01,288.43,81231.22,58344.65
Project 0379,2026-06-01,320.09,92452.72,59931.53
Project 0379,2026-07-01,278.73,101569.09,74108.64
Project 0379,2026-08-01,338.03,112898.21,71411.03
Project 0380,2024-09-01,57.9,3310.03,2387.32
Project 0380,2024-10-01,59.5,2420.64,1792.45
Project 0380,2024-11-01,53.56,2655.45,1795.15
Project 0380,2024-12-01,51.77,3359.85,2467.24
Project 0380,2025-01-01,72.87,3084.54,2150.83
Project 0380,2025-02-01,68.14,3089.56,1807.48
Project 0380,2025-03-01,50.89,3380.56,1876.66
Project 0380,2025-04-01,51.4,3121.0,2190.17
Project 0380,2025-05-01,52.78,3222.66,1828.36
Project 0380,2025-06-01,70.14,2914.89,2097.14
Project 0380,2025-07-01,72.12,2513.48,1515.1
Project 0380,2025-08-01,50.45,2756.49,1724.35
Project 0380,2025-09-01,59.94,3055.92,2186.54
Project 0380,2025-10-01,53.49,3061.84,2025.37
Project 0380,2025-11-01,61.92,2458.15,1543.55
Project 0380,2025-12-01,54.66,2493.93,1819.62
Project 0380,2026-01-01,70.49,3004.03,1899.03
Project 0380,2026-02-01,56.06,3415.0,2395.15
Project 0380,2026-03-01,49.31,2710.47,1942.35
Project 0380,2026-04-01,68.29,3188.71,1944.92
Project 0380,2026-05-01,52.33,3127.07,1726.97
Project 0380,2026-06-01,60.4,3297.4,2462.27
Project 0380,2026-07-01,71.91,2793.77,1880.24
Project 0380,2026-08-01,54.54,2926.8,2092.82
Project 0381,2024-09-01,165.41,26522.96,18445.62
Project 0381,2024-10-01,190.04,23273.65,17428.19
Project 0381,2024-11-01,181.98,21700.4,13583.92
Project 0381,2024-12-01,200.31,24134.9,14951.94
Project 0381,2025-01-01,194.57,20081.45,13273.94
Project 0381,2025-02-01,147.58,23292.07,13243.19
Project 0381,2025-03-01,188.46,21838.69,13809.79
Project 0381,2025-04-01,139.85,24321.02,13976.04
Project 0381,2025-05-01,184.98,19561.28,11793.32
Project 0381,2025-06-01,157.13,27699.29,17249.0
Project 0381,2025-07-01,157.94,23463.15,16740.69
Project 0381,2025-08-01,134.43,26926.72,18335.28
Project 0381,2025-09-01,206.97,25307.68,15794.02
Project 0381,2025-10-01,173.32,21127.99,13511.59
Project 0381,2025-11-01,202.59,26207.34,14868.51
Project 0381,2025-12-01,202.97,26674.42,19601.09
Project 0381,2026-01-01,190.23,25973.81,14362.98
Project 0381,2026-02-01,160.41,27301.29,15240.25
Project 0381,2026-03-01,189.52,22981.91,14671.44
Project 0381,2026-04-01,172.47,25920.18,15808.34
Project 0381,2026-05-01,165.73,21192.99,11807.9
Project 0381,2026-06-01,138.82,23063.36,16730.18
Project 0381,2026-07-01,182.9,24365.76,14808.85
Project 0381,2026-08-01,187.62,21388.08,14636.14
Project 0382,2024-09-01,113.82,41007.5,30317.47
Project 0382,2024-10-01,101.64,44097.87,24816.36
Project 0382,2024-11-01,143.49,52122.95,32648.02
Project 0382,2024-12-01,128.67,41527.2,25596.44
Project 0382,2025-01-01,115.1,45286.19,25476.73
Project 0382,2025-02-01,135.54,52389.67,37559.57
Project 0382,2025-03-01,156.53,47486.64,35259.07
Project 0382,2025-04-01,122.31,43546.3,30506.01
Project 0382,2025-05-01,152.28,52141.83,35483.91
Project 0382,2025-06-01,121.77,47008.51,29795.67
Project 0382,2025-07-01,156.25,53398.44,29923.52
Project 0382,2025-08-01,129.92,48798.44,30510.18
Project 0382,2025-09-01,133.11,53418.39,32725.34
Project 0382,2025-10-01,120.58,46480.39,29562.32
Project 0382,2025-11-01,106.56,40132.1,27078.67
Project 0382,2025-12-01,136.59,50566.24,35528.6
Project 0382,2026-01-01,149.41,54984.14,34843.56
Project 0382,2026-02-01,118.01,42622.76,28452.75
Project 0382,2026-03-01,140.32,53497.25,35233.43
Project 0382,2026-04-01,130.39,49166.8,36596.1
Project 0382,2026-05-01,144.87,52814.19,34512.27
Project 0382,2026-06-01,101.28,44568.36,24899.72
Project 0382,2026-07-01,156.27,39433.53,22591.33
Project 0382,2026-08-01,127.87,41338.51,26716.26
Project 0383,2024-09-01,202.84,18720.42,13880.21
Project 0383,2024-10-01,302.57,14611.66,9618.34
Project 0383,2024-11-01,229.78,17155.59,11534.82
Project 0383,2024-12-01,195.81,17499.07,9744.28
Project 0383,2025-01-01,245.55,19108.78,14086.29
Project 0383,2025-02-01,236.14,17610.42,10217.01
Project 0383,2025-03-01,259.67,19060.16,11216.36
Project 0383,2025-04-01,204.9,17328.68,12539.16
Project 0383,2025-05-01,220.93,13874.38,7884.62
Project 0383,2025-06-01,252.93,13954.09,9592.01
Project 0383,2025-07-01,271.97,17952.54,11179.01
Project 0383,2025-08-01,297.85,16602.42,10418.27
Project 0383,2025-09-01,252.42,14821.98,9033.51
Project 0383,2025-10-01,281.29,14876.95,10832.9
Project 0383,2025-11-01,281.4,16281.4,9563.99
Project 0383,2025-12-01,265.42,16546.1,10724.07
Project 0383,2026-01-01,276.31,14030.55,10071.35
Project 0383,2026-02-01,213.47,17057.56,9636.0
Project 0383,2026-03-01,198.77,15109.29,10846.11
Project 0383,2026-04-01,257.36,17453.7,12705.01
Project 0383,2026-05-01,274.13,13990.92,8105.31
Project 0383,2026-06-01,209.44,13703.79,10143.38
Project 0383,2026-07-01,200.11,15920.02,10614.31
Project 0383,2026-08-01,195.42,14514.28,10184.34
Project 0384,2024-09-01,438.25,118180.28,79010.61
Project 0384,2024-10-01,320.3,114893.94,77228.14
Project 0384,2024-11-01,371.46,127053.79,90195.79
Project 0384,2024-12-01,398.45,149061.54,108399.17
Project 0384,2025-01-01,313.69,120334.99,85422.19
Project 0384,2025-02-01,368.21,126219.78,88201.18
Project 0384,2025-03-01,306.03,129853.6,89065.47
Project 0384,2025-04-01,286.92,150250.71,99542.66
Project 0384,2025-05-01,327.1,133411.38,77672.86
Project 0384,2025-06-01,402.84,119786.68,78728.48
Project 0384,2025-07-01,324.43,158191.85,117280.41
Project 0384,2025-08-01,308.61,135624.53,78612.83
Project 0384,2025-09-01,420.17,140150.07,98040.9
Project 0384,2025-10-01,312.86,142428.83,81422.0
Project 0384,2025-11-01,301.41,110693.34,77847.68
Project 0384,2025-12-01,323.96,154032.02,109205.45
Project 0384,2026-01-01,325.41,120310.2,71564.31
Project 0384,2026-02-01,316.43,113186.26,70708.43
Project 0384,2026-03-01,335.21,130315.43,85088.81
Project 0384,2026-04-01,442.78,128985.17,91769.09
Project 0384,2026-05-01,375.57,155762.13,106801.09
Project 0384,2026-06-01,407.37,118752.32,70918.2
Project 0384,2026-07-01,291.65,117743.01,75879.02
Project 0384,2026-08-01,445.45,124568.55,74737.0
Project 0385,2024-09-01,156.98,62336.12,43624.4
Project 0385,2024-10-01,175.62,58248.58,36892.61
Project 0385,2024-11-01,163.88,58471.32,38568.85
Project 0385,2024-12-01,153.25,56863.54,35138.67
Project 0385,2025-01-01,197.68,45557.11,31944.49
Project 0385,2025-02-01,160.45,48829.49,30968.34
Project 0385,2025-03-01,193.58,51812.53,36014.07
Project 0385,2025-04-01,201.63,60370.79,40389.88
Project 0385,2025-05-01,187.78,57352.63,39358.04
Project 0385,2025-06-01,191.45,62400.78,35823.77
Project 0385,2025-07-01,184.83,63558.53,36573.43
Project 0385,2025-08-01,160.17,60466.0,43003.15
Project 0385,2025-09-01,152.33,64093.39,46242.24
Project 0385,2025-10-01,183.93,60497.4,37930.91
Project 0385,2025-11-01,169.7,47372.7,27056.13
Project 0385,2025-12-01,195.26,55090.61,41291.94
Project 0385,2026-01-01,148.73,49115.8,34979.13
Project 0385,2026-02-01,202.51,54475.84,38340.05
Project 0385,2026-03-01,140.69,59763.08,33298.5
Project 0385,2026-04-01,149.45,51464.17,35636.97
Project 0385,2026-05-01,172.68,54113.46,38569.28
Project 0385,2026-06-01,174.34,54662.63,39273.14
Project 0385,2026-07-01,139.26,53729.86,35157.66
Project 0385,2026-08-01,171.82,56657.09,34085.46
Project 0386,2024-09-01,211.34,65126.96,37985.02
Project 0386,2024-10-01,235.76,76606.92,51822.98
Project 0386,2024-11-01,199.05,65155.7,46096.23
Project 0386,2024-12-01,261.73,77232.08,48710.36
Project 0386,2025-01-01,248.13,73526.38,54764.73
Project 0386,2025-02-01,274.09,85005.57,61893.01
Project 0386,2025-03-01,175.17,75922.46,52379.57
Project 0386,2025-04-01,180.17,65513.91,45167.71
Project 0386,2025-05-01,240.22,78942.37,49183.78
Project 0386,2025-06-01,267.69,72583.67,50512.59
Project 0386,2025-07-01,233.64,72419.65,53267.31
Project 0386,2025-08-01,184.63,69541.4,42779.45
Project 0386,2025-09-01,201.69,70097.26,45969.39
Project 0386,2025-10-01,184.76,67233.52,39507.34
Project 0386,2025-11-01,237.25,83150.55,50959.79
Project 0386,2025-12-01,223.67,68844.18,47132.51
Project 0386,2026-01-01,267.47,74430.91,50252.01
Project 0386,2026-02-01,175.02,82959.43,60403.75
Project 0386,2026-03-01,191.64,78045.63,47030.89
Project 0386,2026-04-01,186.93,73409.13,51905.66
Project 0386,2026-05-01,204.48,79854.96,45035.27
Project 0386,2026-06-01,199.47,84985.21,47890.16
Project 0386,2026-07-01,271.08,67885.13,48102.42
Project 0386,2026-08-01,204.92,71787.66,45560.84
Project 0387,2024-09-01,267.24,13090.71,7460.77
Project 0387,2024-10-01,250.73,15942.21,8773.6
Project 0387,2024-11-01,222.18,18561.63,10495.58
Project 0387,2024-12-01,205.92,17848.34,9905.67
Project 0387,2025-01-01,203.53,15803.82,11797.31
Project 0387,2025-02-01,195.01,13051.18,9353.21
Project 0387,2025-03-01,288.16,14354.75,8788.37
Project 0387,2025-04-01,190.61,13388.64,8120.39
Project 0387,2025-05-01,189.58,15684.68,10449.47
Project 0387,2025-06-01,231.71,14888.53,8967.1
Project 0387,2025-07-01,214.38,15999.09,9230.91
Project 0387,2025-08-01,231.75,18054.44,10207.73
Project 0387,2025-09-01,223.02,14301.15,10067.0
Project 0387,2025-10-01,241.25,13118.5,8284.84
Project 0387,2025-11-01,208.96,18496.39,12495.68
Project 0387,2025-12-01,248.84,14141.29,9347.57
Project 0387,2026-01-01,238.89,13420.27,8618.92
Project 0387,2026-02-01,219.47,14805.97,8807.48
Project 0387,2026-03-01,189.66,13025.77,8700.66
Project 0387,2026-04-01,207.64,14648.68,10062.87
Project 0387,2026-05-01,288.53,15998.29,11458.03
Project 0387,2026-06-01,203.17,17122.73,11698.55
Project 0387,2026-07-01,272.11,16936.28,10206.25
Project 0387,2026-08-01,256.41,16631.45,10428.95
Project 0388,2024-09-01,77.57,4904.37,3328.6
Project 0388,2024-10-01,82.8,4808.77,3431.74
Project 0388,2024-11-01,82.8,5255.1,2970.14
Project 0388,2024-12-01,94.18,4804.71,3053.48
Project 0388,2025-01-01,114.86,5066.51,3270.6
Project 0388,2025-02-01,99.09,3811.24,2594.66
Project 0388,2025-03-01,82.33,5177.94,3390.86
Project 0388,2025-04-01,101.97,4544.55,2557.62
Project 0388,2025-05-01,95.5,5271.06,3823.67
Project 0388,2025-06-01,101.51,4366.79,3237.3
Project 0388,2025-07-01,113.78,5369.78,2999.5
Project 0388,2025-08-01,76.48,4471.19,2735.9
Project 0388,2025-09-01,100.1,4091.31,2889.08
Project 0388,2025-10-01,107.5,4654.66,2571.99
Project 0388,2025-11-01,81.44,5165.4,3317.15
Project 0388,2025-12-01,110.78,4536.99,3371.87
Project 0388,2026-01-01,76.76,4225.25,2873.61
Project 0388,2026-02-01,97.8,4637.19,2593.37
Project 0388,2026-03-01,83.72,5090.29,3140.65
Project 0388,2026-04-01,113.86,4180.74,2440.48
Project 0388,2026-05-01,84.29,5018.8,3186.86
Project 0388,2026-06-01,78.16,5457.39,3963.55
Project 0388,2026-07-01,103.4,5374.22,2966.53
Project 0388,2026-08-01,111.17,5165.94,3854.75
Project 0389,2024-09-01,192.19,40689.71,27983.53
Project 0389,2024-10-01,184.08,36077.99,24362.94
Project 0389,2024-11-01,208.85,39785.0,28458.83
Project 0389,2024-12-01,185.89,32057.84,19635.98
Project 0389,2025-01-01,191.98,32288.98,23880.11
Project 0389,2025-02-01,178.25,36766.52,22825.1
Project 0389,2025-03-01,184.06,37743.94,24823.03
Project 0389,2025-04-01,183.46,33331.06,23036.61
Project 0389,2025-05-01,161.37,37373.41,27829.6
Project 0389,2025-06-01,160.44,30403.73,20987.0
Project 0389,2025-07-01,154.84,38980.14,26450.01
Project 0389,2025-08-01,237.28,30194.4,20810.84
Project 0389,2025-09-01,167.02,32190.69,21372.44
Project 0389,2025-10-01,225.94,38010.12,27772.63
Project 0389,2025-11-01,227.07,34872.35,22962.6
Project 0389,2025-12-01,214.37,35888.59,20479.43
Project 0389,2026-01-01,224.68,33216.82,21618.03
Project 0389,2026-02-01,160.95,41584.59,25478.15
Project 0389,2026-03-01,190.19,34390.8,25702.45
Project 0389,2026-04-01,198.59,33806.34,22218.01
Project 0389,2026-05-01,198.51,39797.57,26710.04
Project 0389,2026-06-01,162.04,39570.1,29388.5
Project 0389,2026-07-01,187.21,40780.71,28370.47
Project 0389,2026-08-01,227.61,39687.25,23322.74
Project 0390,2024-09-01,229.28,30266.73,17346.34
Project 0390,2024-10-01,329.52,30999.39,20722.7
Project 0390,2024-11-01,321.35,29031.35,21228.22
Project 0390,2024-12-01,239.75,27405.63,19671.76
Project 0390,2025-01-01,242.19,26601.02,17900.44
Project 0390,2025-02-01,285.96,28994.88,20933.13
Project 0390,2025-03-01,226.69,25898.18,15919.45
Project 0390,2025-04-01,294.88,23240.27,14540.27
Project 0390,2025-05-01,327.53,31382.87,19988.62
Project 0390,2025-06-01,279.3,25333.83,17183.01
Project 0390,2025-07-01,324.38,25067.76,15444.55
Project 0390,2025-08-01,290.8,32579.94,23438.84
Project 0390,2025-09-01,296.29,29377.68,20165.61
Project 0390,2025-10-01,307.85,31358.04,22246.91
Project 0390,2025-11-01,260.67,25070.39,14940.56
Project 0390,2025-12-01,236.06,31224.52,22143.58
Project 0390,2026-01-01,235.21,27080.91,17193.27
Project 0390,2026-02-01,301.1,26184.47,16876.03
Project 0390,2026-03-01,335.85,26146.76,16508.13
Project 0390,2026-04-01,333.84,27907.56,15846.23
Project 0390,2026-05-01,276.79,27089.52,17585.57
Project 0390,2026-06-01,238.19,24216.43,15335.86
Project 0390,2026-07-01,257.77,23476.41,13856.6
Project 0390,2026-08-01,226.43,28096.85,19250.47
Project 0391,2024-09-01,397.5,151208.12,107904.48
Project 0391,2024-10-01,365.24,140990.36,83720.68
Project 0391,2024-11-01,334.56,123483.95,68855.09
Project 0391,2024-12-01,428.82,153975.98,88005.83
Project 0391,2025-01-01,358.81,136820.72,93952.44
Project 0391,2025-02-01,303.27,139050.56,94834.64
Project 0391,2025-03-01,369.1,139332.37,87846.45
Project 0391,2025-04-01,420.59,155989.6,104047.71
Project 0391,2025-05-01,353.07,110331.0,76135.89
Project 0391,2025-06-01,348.93,115670.02,68053.88
Project 0391,2025-07-01,287.47,126300.68,72666.65
Project 0391,2025-08-01,428.48,131913.95,85495.58
Project 0391,2025-09-01,410.58,131833.11,79569.99
Project 0391,2025-10-01,317.06,114600.18,81166.74
Project 0391,2025-11-01,297.96,142614.04,97465.09
Project 0391,2025-12-01,290.42,154864.7,104267.86
Project 0391,2026-01-01,364.22,128275.28,84101.86
Project 0391,2026-02-01,373.27,147138.69,98379.45
Project 0391,2026-03-01,303.53,126048.88,86538.41
Project 0391,2026-04-01,336.34,110047.21,65324.99
Project 0391,2026-05-01,333.51,128726.25,88929.68
Project 0391,2026-06-01,373.88,122549.15,78572.89
Project 0391,2026-07-01,352.42,148583.3,107392.33
Project 0391,2026-08-01,381.01,110031.02,60732.87
Project 0392,2024-09-01,199.95,56183.73,35170.8
Project 0392,2024-10-01,261.55,49937.3,28485.16
Project 0392,2024-11-01,275.13,55302.72,30664.08
Project 0392,2024-12-01,178.14,60902.97,43742.33
Project 0392,2025-01-01,276.31,60815.87,39033.1
Project 0392,2025-02-01,188.61,59049.87,37501.21
Project 0392,2025-03-01,216.09,48580.07,33539.49
Project 0392,2025-04-01,276.83,44450.18,30093.37
Project 0392,2025-05-01,259.86,59172.74,41610.24
Project 0392,2025-06-01,228.31,43546.33,26808.41
Project 0392,2025-07-01,210.83,44927.03,30503.68
Project 0392,2025-08-01,221.07,47131.32,29735.1
Project 0392,2025-09-01,239.55,43794.3,29507.26
Project 0392,2025-10-01,206.3,60912.71,38605.88
Project 0392,2025-11-01,268.93,50371.84,31821.4
Project 0392,2025-12-01,201.7,51104.69,28119.52
Project 0392,2026-01-01,247.19,44880.42,30810.37
Project 0392,2026-02-01,223.93,48852.7,29774.53
Project 0392,2026-03-01,261.15,56501.81,41236.21
Project 0392,2026-04-01,246.29,46068.29,34210.36
Project 0392,2026-05-01,211.64,54997.69,37243.85
Project 0392,2026-06-01,216.28,55705.96,31796.86
Project 0392,2026-07-01,257.09,54174.47,40604.59
Project 0392,2026-08-01,246.84,46989.57,26107.81
Project 0393,2024-09-01,199.76,33898.31,21076.58
Project 0393,2024-10-01,268.71,24595.54,15197.59
Project 0393,2024-11-01,253.46,31431.78,19924.0
Project 0393,2024-12-01,208.09,27428.93,16209.53
Project 0393,2025-01-01,254.63,30454.65,17176.97
Project 0393,2025-02-01,204.47,29463.9,19220.64
Project 0393,2025-03-01,233.17,33847.66,23513.99
Project 0393,2025-04-01,244.22,31563.06,21104.91
Project 0393,2025-05-01,230.45,28715.18,20127.86
Project 0393,2025-06-01,300.4,31118.18,20961.99
Project 0393,2025-07-01,279.25,27847.55,18763.88
Project 0393,2025-08-01,294.65,30220.5,22124.23
Project 0393,2025-09-01,233.93,25676.77,17461.77
Project 0393,2025-10-01,272.26,29602.07,18844.76
Project 0393,2025-11-01,211.67,28094.52,18956.21
Project 0393,2025-12-01,274.38,25630.37,19053.99
Project 0393,2026-01-01,214.44,26469.9,14686.43
Project 0393,2026-02-01,222.66,27744.54,17988.78
Project 0393,2026-03-01,237.92,29259.34,20480.99
Project 0393,2026-04-01,222.31,33221.3,23828.29
Project 0393,2026-05-01,224.25,25165.99,16667.01
Project 0393,2026-06-01,203.06,26992.28,16437.61
Project 0393,2026-07-01,218.08,33221.96,23346.74
Project 0393,2026-08-01,210.37,31320.76,19290.1
Project 0394,2024-09-01,117.09,30389.1,17765.71
Project 0394,2024-10-01,126.52,30539.16,17352.94
Project 0394,2024-11-01,136.86,34526.18,25261.07
Project 0394,2024-12-01,155.37,30362.79,22168.6
Project 0394,2025-01-01,149.65,28643.56,18335.71
Project 0394,2025-02-01,159.39,39467.78,24463.4
Project 0394,2025-03-01,154.03,36800.28,22795.34
Project 0394,2025-04-01,159.68,37705.51,20778.87
Project 0394,2025-05-01,141.78,38686.35,26271.5
Project 0394,2025-06-01,173.76,32935.72,22401.79
Project 0394,2025-07-01,180.29,35177.91,21322.32
Project 0394,2025-08-01,149.63,28865.36,18323.84
Project 0394,2025-09-01,156.51,33641.97,22641.87
Project 0394,2025-10-01,172.54,32880.42,22368.27
Project 0394,2025-11-01,175.86,38990.57,22749.53
Project 0394,2025-12-01,136.52,36420.15,26123.66
Project 0394,2026-01-01,128.68,37062.17,27342.47
Project 0394,2026-02-01,178.2,36455.97,21522.96
Project 0394,2026-03-01,159.67,38742.47,25587.75
Project 0394,2026-04-01,157.35,38138.48,26083.67
Project 0394,2026-05-01,169.51,31178.75,21203.44
Project 0394,2026-06-01,138.77,38431.64,23687.03
Project 0394,2026-07-01,166.31,28357.65,17470.09
Project 0394,2026-08-01,161.03,32081.7,19267.43
Project 0395,2024-09-01,59.03,21456.04,15961.05
Project 0395,2024-10-01,53.84,15865.91,9936.73
Project 0395,2024-11-01,50.64,20256.55,12661.75
Project 0395,2024-12-01,48.11,21466.93,15006.78
Project 0395,2025-01-01,48.52,20068.93,13801.37
Project 0395,2025-02-01,52.57,19177.7,11741.13
Project 0395,2025-03-01,51.11,20945.43,13668.07
Project 0395,2025-04-01,48.5,19925.64,14674.65
Project 0395,2025-05-01,53.38,17101.44,11684.1
Project 0395,2025-06-01,61.34,15876.14,11640.48
Project 0395,2025-07-01,54.49,17023.91,10154.2
Project 0395,2025-08-01,49.47,20849.9,12912.88
Project 0395,2025-09-01,55.59,19387.5,10916.98
Project 0395,2025-10-01,53.87,21715.95,13879.32
Project 0395,2025-11-01,67.48,16476.24,10022.27
Project 0395,2025-12-01,53.31,15484.13,11563.74
Project 0395,2026-01-01,45.96,16337.21,10874.62
Project 0395,2026-02-01,65.66,17847.14,12428.34
Project 0395,2026-03-01,59.72,16596.29,9235.62
Project 0395,2026-04-01,63.57,18302.56,11585.37
Project 0395,2026-05-01,46.74,16143.19,11634.91
Project 0395,2026-06-01,54.0,21337.21,12436.06
Project 0395,2026-07-01,59.23,21923.45,14147.88
Project 0395,2026-08-01,49.51,20331.68,13540.86
Project 0396,2024-09-01,78.31,7364.06,5041.35
Project 0396,2024-10-01,119.29,6578.61,3958.61
Project 0396,2024-11-01,90.94,7291.55,4637.23
Project 0396,2024-12-01,115.43,5794.56,3413.47
Project 0396,2025-01-01,97.41,7291.84,5228.37
Project 0396,2025-02-01,83.15,5913.28,3908.63
Project 0396,2025-03-01,93.04,6481.26,4423.87
Project 0396,2025-04-01,104.76,5520.61,3270.14
Project 0396,2025-05-01,117.47,5599.01,3594.34
Project 0396,2025-06-01,81.23,7070.17,3969.85
Project 0396,2025-07-01,91.23,6447.44,3552.42
Project 0396,2025-08-01,86.95,5725.01,3479.1
Project 0396,2025-09-01,95.87,7334.79,5030.83
Project 0396,2025-10-01,113.24,5342.66,3195.26
Project 0396,2025-11-01,79.29,6016.58,3802.11
Project 0396,2025-12-01,94.02,7276.91,5324.67
Project 0396,2026-01-01,80.03,7311.39,4467.66
Project 0396,2026-02-01,78.61,7411.03,5211.15
Project 0396,2026-03-01,111.32,7401.78,5172.09
Project 0396,2026-04-01,106.7,7255.53,4604.5
Project 0396,2026-05-01,112.09,5445.51,3980.95
Project 0396,2026-06-01,100.81,6486.24,4090.6
Project 0396,2026-07-01,77.95,7286.9,4918.0
Project 0396,2026-08-01,81.85,7404.06,5492.58
Project 0397,2024-09-01,232.25,62912.48,40421.85
Project 0397,2024-10-01,212.85,51605.68,31672.37
Project 0397,2024-11-01,229.79,45521.61,30816.82
Project 0397,2024-12-01,153.26,48205.85,33488.76
Project 0397,2025-01-01,186.82,60691.02,34362.02
Project 0397,2025-02-01,177.4,56742.71,32842.08
Project 0397,2025-03-01,193.43,54069.79,35326.72
Project 0397,2025-04-01,193.66,60132.79,43903.44
Project 0397,2025-05-01,208.1,60478.51,33950.85
Project 0397,2025-06-01,230.15,60925.86,38079.24
Project 0397,2025-07-01,176.02,54374.46,30065.99
Project 0397,2025-08-01,162.88,53471.38,31369.79
Project 0397,2025-09-01,226.81,53495.75,38459.51
Project 0397,2025-10-01,193.5,62862.01,41514.18
Project 0397,2025-11-01,212.31,60097.67,35251.16
Project 0397,2025-12-01,232.19,51899.7,30061.63
Project 0397,2026-01-01,186.39,48248.43,35606.13
Project 0397,2026-02-01,209.99,46400.96,26746.65
Project 0397,2026-03-01,198.17,54342.54,30351.68
Project 0397,2026-04-01,221.57,62650.25,38252.42
Project 0397,2026-05-01,181.62,46725.95,34056.45
Project 0397,2026-06-01,181.94,46765.77,30344.48
Project 0397,2026-07-01,174.9,44835.9,30000.9
Project 0397,2026-08-01,227.11,50464.67,37210.28
Project 0398,2024-09-01,35.3,3321.8,2246.07
Project 0398,2024-10-01,28.05,3593.4,2014.95
Project 0398,2024-11-01,30.47,3838.29,2559.45
Project 0398,2024-12-01,29.61,3544.85,2489.62
Project 0398,2025-01-01,31.48,3838.72,2785.25
Project 0398,2025-02-01,39.45,2882.7,1954.54
Project 0398,2025-03-01,30.63,3494.23,2174.7
Project 0398,2025-04-01,34.27,3892.75,2603.77
Project 0398,2025-05-01,34.28,3923.87,2462.83
Project 0398,2025-06-01,41.16,3871.92,2404.18
Project 0398,2025-07-01,41.97,3505.04,1966.66
Project 0398,2025-08-01,35.06,2832.48,1722.85
Project 0398,2025-09-01,38.27,3492.69,1969.23
Project 0398,2025-10-01,31.35,3858.72,2416.6
Project 0398,2025-11-01,40.06,3194.51,1866.01
Project 0398,2025-12-01,42.1,2818.92,2103.27
Project 0398,2026-01-01,27.21,3097.87,2104.02
Project 0398,2026-02-01,41.61,3573.83,2178.94
Project 0398,2026-03-01,36.6,3014.82,1998.02
Project 0398,2026-04-01,40.76,3658.2,2421.54
Project 0398,2026-05-01,36.32,2966.79,1853.71
Project 0398,2026-06-01,41.91,3335.43,2204.68
Project 0398,2026-07-01,33.92,2966.27,1766.97
Project 0398,2026-08-01,38.08,2949.02,1992.69
Project 0399,2024-09-01,231.09,66040.35,40578.07
Project 0399,2024-10-01,217.91,56318.06,40418.29
Project 0399,2024-11-01,289.47,72823.19,49608.13
Project 0399,2024-12-01,217.56,67365.45,38086.54
Project 0399,2025-01-01,237.99,68892.87,48350.04
Project 0399,2025-02-01,290.88,64001.59,40290.43
Project 0399,2025-03-01,278.7,62132.33,39087.53
Project 0399,2025-04-01,188.99,74892.58,51564.94
Project 0399,2025-05-01,201.85,55934.75,38595.82
Project 0399,2025-06-01,208.46,61103.87,43402.4
Project 0399,2025-07-01,210.79,76680.3,47038.7
Project 0399,2025-08-01,272.78,71171.84,53366.95
Project 0399,2025-09-01,245.27,60715.89,35021.16
Project 0399,2025-10-01,190.86,62079.39,36761.41
Project 0399,2025-11-01,203.5,66248.1,48220.44
Project 0399,2025-12-01,189.03,71082.53,51559.02
Project 0399,2026-01-01,239.45,77417.55,47450.93
Project 0399,2026-02-01,195.38,60480.86,39211.06
Project 0399,2026-03-01,239.66,55419.6,33280.01
Project 0399,2026-04-01,230.57,65533.65,40042.56
Project 0399,2026-05-01,236.49,64874.22,46497.84
Project 0399,2026-06-01,232.14,70026.13,51192.49
Project 0399,2026-07-01,194.13,72160.42,41907.11
Project 0399,2026-08-01,219.99,56167.62,35786.04
Project 0400,2024-09-01,68.24,16330.51,9040.43
Project 0400,2024-10-01,56.69,15885.91,11747.55
Project 0400,2024-11-01,49.12,14789.86,8555.23
Project 0400,2024-12-01,56.16,16423.56,11510.1
Project 0400,2025-01-01,49.27,15270.69,9580.45
Project 0400,2025-02-01,56.55,18547.68,13293.6
Project 0400,2025-03-01,53.29,15553.68,10964.92
Project 0400,2025-04-01,51.99,14603.72,8177.53
Project 0400,2025-05-01,55.85,14478.52,9120.23
Project 0400,2025-06-01,58.49,15841.07,10524.52
Project 0400,2025-07-01,62.01,14487.79,8943.47
Project 0400,2025-08-01,60.53,17675.39,11680.85
Project 0400,2025-09-01,54.64,17391.37,11058.24
Project 0400,2025-10-01,56.97,16790.88,10726.88
Project 0400,2025-11-01,53.45,14973.95,10328.9
Project 0400,2025-12-01,48.41,13404.06,9915.81
Project 0400,2026-01-01,56.88,14473.68,10420.13
Project 0400,2026-02-01,70.18,13379.6,7501.91
Project 0400,2026-03-01,46.67,14379.15,9402.58
Project 0400,2026-04-01,67.92,18899.23,12812.72
Project 0400,2026-05-01,68.72,14464.72,10139.12
Project 0400,2026-06-01,67.03,14940.94,10838.61
Project 0400,2026-07-01,48.54,17465.94,13044.42
Project 0400,2026-08-01,63.08,13823.86,7908.7
Project 0401,2024-09-01,132.86,45047.15,29384.29
Project 0401,2024-10-01,145.3,34789.47,25666.55
Project 0401,2024-11-01,114.76,44993.79,28150.44
Project 0401,2024-12-01,141.17,36041.16,25832.35
Project 0401,2025-01-01,132.48,42695.91,26750.4
Project 0401,2025-02-01,123.0,41501.71,23678.62
Project 0401,2025-03-01,118.56,35690.47,22142.25
Project 0401,2025-04-01,118.33,45501.03,32472.47
Project 0401,2025-05-01,150.76,39813.29,23251.62
Project 0401,2025-06-01,121.01,34402.84,23511.34
Project 0401,2025-07-01,168.94,42822.06,26962.42
Project 0401,2025-08-01,140.43,38787.33,23426.76
Project 0401,2025-09-01,164.29,36899.46,22831.33
Project 0401,2025-10-01,130.03,44534.49,27521.27
Project 0401,2025-11-01,117.24,40175.13,29505.12
Project 0401,2025-12-01,153.14,43847.07,32781.17
Project 0401,2026-01-01,136.72,32491.85,23448.35
Project 0401,2026-02-01,111.05,38378.63,22319.13
Project 0401,2026-03-01,152.98,38393.53,22365.42
Project 0401,2026-04-01,111.53,38590.74,24910.33
Project 0401,2026-05-01,148.47,44913.21,28660.51
Project 0401,2026-06-01,123.52,34556.51,19534.87
Project 0401,2026-07-01,115.6,42746.15,26792.85
Project 0401,2026-08-01,155.81,42851.09,28517.68
Project 0402,2024-09-01,79.62,4867.29,2847.28
Project 0402,2024-10-01,90.78,4805.0,2660.95
Project 0402,2024-11-01,104.0,5253.78,3231.9
Project 0402,2024-12-01,101.3,4061.3,2516.83
Project 0402,2025-01-01,106.93,4329.09,2665.12
Project 0402,2025-02-01,96.56,4125.78,2952.79
Project 0402,2025-03-01,112.46,5341.5,3387.49
Project 0402,2025-04-01,112.5,5241.46,3364.53
Project 0402,2025-05-01,106.09,4437.01,3242.99
Project 0402,2025-06-01,88.27,5550.18,4113.99
Project 0402,2025-07-01,88.96,4744.59,3547.43
Project 0402,2025-08-01,105.68,5389.46,3928.85
Project 0402,2025-09-01,94.77,5055.0,3738.73
Project 0402,2025-10-01,89.31,5535.01,3436.57
Project 0402,2025-11-01,111.29,4546.01,3219.62
Project 0402,2025-12-01,95.84,5568.86,3883.46
Project 0402,2026-01-01,85.29,5353.53,3608.87
Project 0402,2026-02-01,107.86,4827.09,3326.28
Project 0402,2026-03-01,89.18,5278.69,3131.7
Project 0402,2026-04-01,91.32,5265.76,3199.02
Project 0402,2026-05-01,78.59,4467.81,3148.15
Project 0402,2026-06-01,99.63,5112.36,3543.98
Project 0402,2026-07-01,88.5,4529.68,3272.51
Project 0402,2026-08-01,84.19,4613.7,3228.71
Project 0403,2024-09-01,122.55,48719.12,27060.69
Project 0403,2024-10-01,138.51,60514.83,35240.91
Project 0403,2024-11-01,164.77,56560.37,37080.62
Project 0403,2024-12-01,132.13,43004.36,25743.28
Project 0403,2025-01-01,141.73,54304.04,33730.81
Project 0403,2025-02-01,145.82,54529.04,39876.98
Project 0403,2025-03-01,141.03,53568.22,38287.03
Project 0403,2025-04-01,124.53,46239.07,32677.82
Project 0403,2025-05-01,134.88,50697.9,36878.44
Project 0403,2025-06-01,159.47,53815.5,38314.9
Project 0403,2025-07-01,150.15,44707.89,33106.34
Project 0403,2025-08-01,155.05,51398.08,34094.74
Project 0403,2025-09-01,121.51,46284.16,29472.21
Project 0403,2025-10-01,140.75,51453.15,38126.79
Project 0403,2025-11-01,133.09,44340.45,28950.3
Project 0403,2025-12-01,140.82,60375.66,42568.17
Project 0403,2026-01-01,144.7,56401.79,32495.36
Project 0403,2026-02-01,124.32,46542.71,25958.35
Project 0403,2026-03-01,147.45,49524.66,28667.51
Project 0403,2026-04-01,153.48,45730.17,26699.59
Project 0403,2026-05-01,170.4,44992.39,24878.41
Project 0403,2026-06-01,111.5,48524.66,34821.77
Project 0403,2026-07-01,112.31,53321.66,35889.34
Project 0403,2026-08-01,140.28,44764.94,30613.96
Project 0404,2024-09-01,85.01,7252.46,4652.32
Project 0404,2024-10-01,103.88,9538.36,6494.62
Project 0404,2024-11-01,90.68,9356.95,6786.19
Project 0404,2024-12-01,89.21,8100.88,5824.81
Project 0404,2025-01-01,67.14,9545.32,5448.38
Project 0404,2025-02-01,87.72,9584.31,7169.43
Project 0404,2025-03-01,97.16,9171.55,5752.62
Project 0404,2025-04-01,88.84,7577.31,5499.66
Project 0404,2025-05-01,84.07,8972.13,6286.23
Project 0404,2025-06-01,100.75,8866.95,5344.21
Project 0404,2025-07-01,83.99,7165.47,4458.47
Project 0404,2025-08-01,66.49,9714.48,7156.43
Project 0404,2025-09-01,68.14,9655.54,7028.4
Project 0404,2025-10-01,95.19,8212.63,4647.12
Project 0404,2025-11-01,89.19,9655.92,7046.3
Project 0404,2025-12-01,86.52,8815.01,5152.37
Project 0404,2026-01-01,84.09,7340.19,5314.95
Project 0404,2026-02-01,103.98,7153.28,5187.43
Project 0404,2026-03-01,75.78,7979.58,5860.2
Project 0404,2026-04-01,79.35,7177.09,4067.85
Project 0404,2026-05-01,89.58,9650.72,5956.77
Project 0404,2026-06-01,83.01,7630.77,4336.38
Project 0404,2026-07-01,85.54,9459.7,6574.68
Project 0404,2026-08-01,85.27,7506.42,4445.43
Project 0405,2024-09-01,88.72,20262.89,11745.19
Project 0405,2024-10-01,90.44,15418.39,8818.23
Project 0405,2024-11-01,80.26,18514.7,10934.57
Project 0405,2024-12-01,79.15,18794.76,12251.14
Project 0405,2025-01-01,90.94,17281.44,9796.4
Project 0405,2025-02-01,70.61,17797.02,12808.28
Project 0405,2025-03-01,88.43,16402.03,11027.13
Project 0405,2025-04-01,82.35,20646.33,13653.35
Project 0405,2025-05-01,81.25,20165.13,14496.88
Project 0405,2025-06-01,78.88,15253.84,10868.95
Project 0405,2025-07-01,90.79,20473.7,13735.32
Project 0405,2025-08-01,67.86,21424.89,12531.24
Project 0405,2025-09-01,96.24,15146.08,9384.58
Project 0405,2025-10-01,63.58,19909.86,12139.79
Project 0405,2025-11-01,79.92,19007.01,11243.59
Project 0405,2025-12-01,65.31,17947.07,11818.88
Project 0405,2026-01-01,83.83,15564.95,9044.35
Project 0405,2026-02-01,66.02,18505.56,11661.13
Project 0405,2026-03-01,88.06,17230.04,11685.97
Project 0405,2026-04-01,93.87,21053.3,14632.02
Project 0405,2026-05-01,83.44,19965.6,13742.97
Project 0405,2026-06-01,72.44,18963.74,11760.13
Project 0405,2026-07-01,86.79,18686.18,11795.16
Project 0405,2026-08-01,77.62,15863.66,11780.95
Project 0406,2024-09-01,122.83,11759.06,8778.24
Project 0406,2024-10-01,135.06,12521.82,9050.79
Project 0406,2024-11-01,94.64,12346.87,7231.66
Project 0406,2024-12-01,138.71,12472.48,7544.48
Project 0406,2025-01-01,98.89,15111.97,11242.74
Project 0406,2025-02-01,122.01,12133.12,6842.33
Project 0406,2025-03-01,100.39,12161.62,6697.2
Project 0406,2025-04-01,119.97,11489.45,7215.19
Project 0406,2025-05-01,123.96,14150.97,10045.21
Project 0406,2025-06-01,131.58,14830.49,9485.76
Project 0406,2025-07-01,115.32,12204.26,8018.51
Project 0406,2025-08-01,117.25,12225.17,6982.48
Project 0406,2025-09-01,127.8,11838.82,6944.25
Project 0406,2025-10-01,104.31,11406.03,7119.76
Project 0406,2025-11-01,108.78,12297.49,7107.74
Project 0406,2025-12-01,101.67,11530.02,7268.51
Project 0406,2026-01-01,130.12,12332.07,8078.78
Project 0406,2026-02-01,118.3,13460.1,8476.56
Project 0406,2026-03-01,91.51,15364.19,9113.54
Project 0406,2026-04-01,134.72,12091.02,8872.07
Project 0406,2026-05-01,110.95,14732.07,10797.5
Project 0406,2026-06-01,123.0,11215.38,8270.72
Project 0406,2026-07-01,103.83,14303.05,9919.18
Project 0406,2026-08-01,95.31,12138.57,8417.42
Project 0407,2024-09-01,256.7,75861.95,50095.59
Project 0407,2024-10-01,248.43,89446.6,49275.57
Project 0407,2024-11-01,257.28,97492.93,65006.3
Project 0407,2024-12-01,311.99,99692.7,57618.35
Project 0407,2025-01-01,327.46,82456.03,57930.96
Project 0407,2025-02-01,246.12,89025.35,51511.9
Project 0407,2025-03-01,338.72,81788.71,54542.08
Project 0407,2025-04-01,351.3,71721.55,48126.94
Project 0407,2025-05-01,298.99,97649.26,63280.66
Project 0407,2025-06-01,341.03,82827.38,58014.47
Project 0407,2025-07-01,281.6,92604.78,62712.54
Project 0407,2025-08-01,356.45,80764.67,45310.86
Project 0407,2025-09-01,255.41,71506.91,42222.87
Project 0407,2025-10-01,251.26,71504.28,43704.22
Project 0407,2025-11-01,352.02,73417.2,41170.42
Project 0407,2025-12-01,361.5,98288.78,58155.2
Project 0407,2026-01-01,255.94,72547.34,48013.11
Project 0407,2026-02-01,284.91,88840.01,54136.15
Project 0407,2026-03-01,283.54,86703.68,63888.81
Project 0407,2026-04-01,271.7,82122.02,47564.5
Project 0407,2026-05-01,286.44,89787.69,52773.52
Project 0407,2026-06-01,283.85,78834.6,53226.5
Project 0407,2026-07-01,342.46,75722.06,46264.4
Project 0407,2026-08-01,331.71,85374.4,56238.17
Project 0408,2024-09-01,183.36,48491.59,36014.22
Project 0408,2024-10-01,183.3,45148.38,27507.95
Project 0408,2024-11-01,215.4,38300.63,23076.25
Project 0408,2024-12-01,173.43,53372.04,35006.62
Project 0408,2025-01-01,231.79,49696.29,28888.06
Project 0408,2025-02-01,235.03,53807.47,39955.81
Project 0408,2025-03-01,232.46,51624.15,34576.09
Project 0408,2025-04-01,202.06,51503.07,33870.65
Project 0408,2025-05-01,242.96,46852.37,26747.03
Project 0408,2025-06-01,179.0,50850.03,31641.2
Project 0408,2025-07-01,185.92,38923.05,29120.38
Project 0408,2025-08-01,214.06,44129.83,25336.82
Project 0408,2025-09-01,228.04,52772.74,33102.17
Project 0408,2025-10-01,193.06,43330.3,27308.99
Project 0408,2025-11-01,242.47,41843.08,29796.85
Project 0408,2025-12-01,241.67,42005.48,23233.48
Project 0408,2026-01-01,205.2,44801.43,24977.57
Project 0408,2026-02-01,177.65,40247.28,27933.44
Project 0408,2026-03-01,210.07,53056.43,35151.6
Project 0408,2026-04-01,185.84,46427.63,33220.96
Project 0408,2026-05-01,175.17,46493.56,26843.81
Project 0408,2026-06-01,156.36,53809.3,39640.66
Project 0408,2026-07-01,212.99,41189.26,25138.08
Project 0408,2026-08-01,202.89,51741.59,29917.58
Project 0409,2024-09-01,71.7,26330.89,19147.41
Project 0409,2024-10-01,89.34,31450.69,17626.55
Project 0409,2024-11-01,95.21,29514.1,20867.65
Project 0409,2024-12-01,84.12,24794.37,17332.87
Project 0409,2025-01-01,63.34,28849.18,16067.18
Project 0409,2025-02-01,69.53,33213.31,20784.68
Project 0409,2025-03-01,84.48,31744.74,23608.98
Project 0409,2025-04-01,85.09,24507.23,13882.02
Project 0409,2025-05-01,64.77,23552.37,15858.88
Project 0409,2025-06-01,75.79,30517.76,17065.96
Project 0409,2025-07-01,63.58,30083.64,17398.73
Project 0409,2025-08-01,72.4,28831.95,18537.52
Project 0409,2025-09-01,66.15,30094.13,21927.1
Project 0409,2025-10-01,61.37,29315.22,19808.02
Project 0409,2025-11-01,84.91,28322.99,20018.88
Project 0409,2025-12-01,95.18,33223.98,21925.28
Project 0409,2026-01-01,61.39,29336.12,21211.02
Project 0409,2026-02-01,82.52,23846.56,13585.75
Project 0409,2026-03-01,65.47,26495.78,15300.75
Project 0409,2026-04-01,71.62,24319.31,15436.2
Project 0409,2026-05-01,75.84,28336.33,18552.88
Project 0409,2026-06-01,82.49,32409.41,17937.22
Project 0409,2026-07-01,72.69,25332.67,18741.33
Project 0409,2026-08-01,85.2,24355.15,13556.53
Project 0410,2024-09-01,66.78,2763.28,1709.88
Project 0410,2024-10-01,70.37,2833.97,1596.19
Project 0410,2024-11-01,56.08,2935.58,2180.44
Project 0410,2024-12-01,49.61,3213.17,2363.23
Project 0410,2025-01-01,48.62,2605.39,1715.18
Project 0410,2025-02-01,65.35,3153.63,2071.34
Project 0410,2025-03-01,72.07,2899.14,2070.31
Project 0410,2025-04-01,51.55,3113.99,2223.24
Project 0410,2025-05-01,72.66,3167.35,1826.29
Project 0410,2025-06-01,72.32,3131.37,2011.96
Project 0410,2025-07-01,72.22,3150.27,2077.59
Project 0410,2025-08-01,46.91,3114.41,2036.61
Project 0410,2025-09-01,49.85,2651.91,1834.38
Project 0410,2025-10-01,70.35,2425.79,1585.38
Project 0410,2025-11-01,53.09,3061.39,1795.32
Project 0410,2025-12-01,52.53,2639.34,1907.98
Project 0410,2026-01-01,68.97,3206.54,2234.88
Project 0410,2026-02-01,60.36,3056.5,1843.37
Project 0410,2026-03-01,49.99,3121.0,2035.56
Project 0410,2026-04-01,59.75,2588.76,1575.99
Project 0410,2026-05-01,59.72,2440.8,1431.2
Project 0410,2026-06-01,56.56,2553.16,1588.98
Project 0410,2026-07-01,61.34,3289.62,2371.53
Project 0410,2026-08-01,55.84,2538.21,1677.93
Project 0411,2024-09-01,135.66,6936.52,4732.65
Project 0411,2024-10-01,143.32,8360.63,4978.12
Project 0411,2024-11-01,134.86,8621.19,6333.58
Project 0411,2024-12-01,189.32,9185.17,5438.86
Project 0411,2025-01-01,194.07,6548.79,4052.35
Project 0411,2025-02-01,145.31,7383.86,4422.25
Project 0411,2025-03-01,191.99,8590.21,6075.09
Project 0411,2025-04-01,147.19,8418.29,5550.96
Project 0411,2025-05-01,134.46,7174.98,4118.86
Project 0411,2025-06-01,129.19,8218.23,6119.71
Project 0411,2025-07-01,137.2,9332.29,5930.3
Project 0411,2025-08-01,195.4,8685.55,6325.38
Project 0411,2025-09-01,132.56,7225.57,4391.31
Project 0411,2025-10-01,152.41,7744.59,5458.18
Project 0411,2025-11-01,188.43,7234.2,4305.27
Project 0411,2025-12-01,158.76,7528.75,4579.32
Project 0411,2026-01-01,155.99,8680.71,6314.39
Project 0411,2026-02-01,188.52,9241.63,6048.88
Project 0411,2026-03-01,142.0,7950.99,5314.88
Project 0411,2026-04-01,132.23,9210.73,6452.04
Project 0411,2026-05-01,197.68,8974.13,5536.61
Project 0411,2026-06-01,143.01,7512.32,5317.32
Project 0411,2026-07-01,145.75,6899.3,4202.04
Project 0411,2026-08-01,156.87,7567.37,5008.13
Project 0412,2024-09-01,168.5,60879.48,42971.42
Project 0412,2024-10-01,157.43,55759.58,39705.02
Project 0412,2024-11-01,209.98,44732.7,31006.8
Project 0412,2024-12-01,170.99,56004.52,37224.71
Project 0412,2025-01-01,201.43,57363.18,40777.25
Project 0412,2025-02-01,170.8,55975.91,32500.25
Project 0412,2025-03-01,211.74,54923.57,31771.34
Project 0412,2025-04-01,148.66,46317.87,30400.73
Project 0412,2025-05-01,189.83,53235.26,32643.97
Project 0412,2025-06-01,212.29,51080.25,29951.38
Project 0412,2025-07-01,203.91,46821.0,33869.38
Project 0412,2025-08-01,226.33,49434.67,27759.31
Project 0412,2025-09-01,186.45,45258.04,31440.63
Project 0412,2025-10-01,194.44,50007.75,27790.01
Project 0412,2025-11-01,168.11,51720.71,33787.79
Project 0412,2025-12-01,211.18,52925.45,34823.27
Project 0412,2026-01-01,192.33,54590.19,40837.59
Project 0412,2026-02-01,211.39,57928.69,39128.04
Project 0412,2026-03-01,176.73,52973.22,37441.13
Project 0412,2026-04-01,150.73,46596.26,32134.39
Project 0412,2026-05-01,223.89,45753.73,32216.86
Project 0412,2026-06-01,174.13,54363.84,36836.31
Project 0412,2026-07-01,172.2,52003.5,38431.41
Project 0412,2026-08-01,211.2,46074.46,32713.22
Project 0413,2024-09-01,377.72,41880.42,27514.39
Project 0413,2024-10-01,419.06,41472.86,29144.11
Project 0413,2024-11-01,368.48,39776.28,22206.45
Project 0413,2024-12-01,393.09,32132.75,20219.0
Project 0413,2025-01-01,378.09,37417.18,23862.14
Project 0413,2025-02-01,405.57,32604.44,23860.22
Project 0413,2025-03-01,307.18,39528.25,25993.38
Project 0413,2025-04-01,384.55,40374.3,25755.32
Project 0413,2025-05-01,341.74,33248.89,19897.18
Project 0413,2025-06-01,384.2,32099.92,20925.2
Project 0413,2025-07-01,338.05,39073.8,25091.82
Project 0413,2025-08-01,445.69,38369.27,23780.28
Project 0413,2025-09-01,361.27,33425.63,23223.29
Project 0413,2025-10-01,375.6,42006.61,29929.21
Project 0413,2025-11-01,294.01,35575.48,25928.91
Project 0413,2025-12-01,310.24,33317.86,24962.82
Project 0413,2026-01-01,309.9,34061.95,20856.42
Project 0413,2026-02-01,301.92,36215.0,22472.28
Project 0413,2026-03-01,437.92,38220.33,24059.22
Project 0413,2026-04-01,391.95,36871.2,20800.91
Project 0413,2026-05-01,399.87,33995.02,23699.03
Project 0413,2026-06-01,288.57,34172.6,18841.85
Project 0413,2026-07-01,378.06,36529.12,24151.0
Project 0413,2026-08-01,438.8,38904.6,29101.96
Project 0414,2024-09-01,204.67,80326.49,46444.69
Project 0414,2024-10-01,209.95,71804.01,53850.26
Project 0414,2024-11-01,229.89,64887.04,48651.53
Project 0414,2024-12-01,227.55,83129.5,50022.03
Project 0414,2025-01-01,178.63,61562.43,43583.74
Project 0414,2025-02-01,184.97,64357.22,42636.73
Project 0414,2025-03-01,207.29,77065.42,57504.42
Project 0414,2025-04-01,202.28,61802.41,40226.21
Project 0414,2025-05-01,205.67,69360.61,47488.15
Project 0414,2025-06-01,166.14,79565.1,56530.36
Project 0414,2025-07-01,169.37,86502.51,54784.47
Project 0414,2025-08-01,170.39,75235.01,48953.68
Project 0414,2025-09-01,242.76,67035.26,42882.06
Project 0414,2025-10-01,162.4,88228.87,50777.14
Project 0414,2025-11-01,237.24,73391.71,48515.24
Project 0414,2025-12-01,196.49,81167.64,45299.85
Project 0414,2026-01-01,215.51,78894.27,44518.9
Project 0414,2026-02-01,201.24,66067.69,42238.89
Project 0414,2026-03-01,193.22,81707.52,55778.46
Project 0414,2026-04-01,216.51,80416.77,53816.92
Project 0414,2026-05-01,217.6,83140.05,59597.85
Project 0414,2026-06-01,172.57,78595.02,48091.43
Project 0414,2026-07-01,166.69,70356.58,48437.78
Project 0414,2026-08-01,211.51,77476.92,50027.11
Project 0415,2024-09-01,114.98,20639.74,11749.16
Project 0415,2024-10-01,131.55,21662.87,12382.11
Project 0415,2024-11-01,131.09,19074.93,10603.27
Project 0415,2024-12-01,116.22,19672.51,10821.42
Project 0415,2025-01-01,135.05,22459.04,14901.96
Project 0415,2025-02-01,175.27,18849.45,13116.13
Project 0415,2025-03-01,128.23,19370.54,11187.67
Project 0415,2025-04-01,144.08,22239.75,13263.62
Project 0415,2025-05-01,139.96,23386.76,15404.83
Project 0415,2025-06-01,168.95,22935.66,15540.99
Project 0415,2025-07-01,176.72,23160.57,17069.87
Project 0415,2025-08-01,140.42,19223.42,11497.54
Project 0415,2025-09-01,122.42,22782.67,14148.42
Project 0415,2025-10-01,153.34,16748.02,11416.73
Project 0415,2025-11-01,162.63,18493.66,11582.72
Project 0415,2025-12-01,176.98,18951.3,12654.51
Project 0415,2026-01-01,178.75,18517.97,11620.21
Project 0415,2026-02-01,161.79,21403.69,13579.77
Project 0415,2026-03-01,130.13,20587.15,13240.92
Project 0415,2026-04-01,150.25,18944.66,12957.73
Project 0415,2026-05-01,165.25,21156.9,11812.02
Project 0415,2026-06-01,127.88,17250.46,12888.86
Project 0415,2026-07-01,174.89,22515.91,13609.02
Project 0415,2026-08-01,150.74,20863.96,13851.67
Project 0416,2024-09-01,300.73,109659.31,75165.1
Project 0416,2024-10-01,286.01,112247.0,82967.22
Project 0416,2024-11-01,348.25,102374.24,71230.46
Project 0416,2024-12-01,290.73,104097.49,71138.96
Project 0416,2025-01-01,383.13,86645.71,50843.66
Project 0416,2025-02-01,379.34,93515.35,54922.34
Project 0416,2025-03-01,358.32,89669.29,53824.68
Project 0416,2025-04-01,277.26,86917.43,63247.62
Project 0416,2025-05-01,342.96,93694.01,58936.14
Project 0416,2025-06-01,265.67,93029.45,69254.69
Project 0416,2025-07-01,261.56,102486.25,60442.57
Project 0416,2025-08-01,321.8,98330.37,57656.93
Project 0416,2025-09-01,355.39,93599.41,59294.88
Project 0416,2025-10-01,253.03,83509.87,53268.08
Project 0416,2025-11-01,269.86,85653.76,59578.64
Project 0416,2025-12-01,313.14,100999.0,67633.34
Project 0416,2026-01-01,267.71,112249.98,65622.41
Project 0416,2026-02-01,376.87,87891.51,58488.11
Project 0416,2026-03-01,276.42,86841.26,60364.93
Project 0416,2026-04-01,347.25,84517.24,61891.38
Project 0416,2026-05-01,271.62,85517.34,47075.22
Project 0416,2026-06-01,332.01,87439.72,48875.61
Project 0416,2026-07-01,316.08,99007.25,72406.56
Project 0416,2026-08-01,265.46,100776.51,61257.85
Project 0417,2024-09-01,297.26,24789.5,14783.18
Project 0417,2024-10-01,280.24,27501.36,15962.8
Project 0417,2024-11-01,295.54,26226.72,14601.15
Project 0417,2024-12-01,390.08,20172.69,15101.72
Project 0417,2025-01-01,299.2,24105.97,14144.32
Project 0417,2025-02-01,393.6,23662.18,16151.39
Project 0417,2025-03-01,436.8,23972.64,14134.43
Project 0417,2025-04-01,416.49,20605.07,12531.27
Project 0417,2025-05-01,366.94,21942.82,13741.8
Project 0417,2025-06-01,425.77,21566.64,12419.26
Project 0417,2025-07-01,279.83,22544.25,16040.03
Project 0417,2025-08-01,402.75,20567.48,11923.39
Project 0417,2025-09-01,395.6,22648.58,13683.41
Project 0417,2025-10-01,385.89,21786.86,12800.66
Project 0417,2025-11-01,309.5,27132.67,18992.84
Project 0417,2025-12-01,339.12,25882.38,15044.08
Project 0417,2026-01-01,436.67,20546.4,14281.43
Project 0417,2026-02-01,320.44,22927.74,12696.97
Project 0417,2026-03-01,432.11,24774.99,14155.65
Project 0417,2026-04-01,303.82,25479.2,18050.0
Project 0417,2026-05-01,393.03,22261.68,16368.04
Project 0417,2026-06-01,426.33,24353.23,14539.0
Project 0417,2026-07-01,418.69,27353.49,15632.92
Project 0417,2026-08-01,427.34,22621.77,12795.4
Project 0418,2024-09-01,341.36,24809.39,13811.13
Project 0418,2024-10-01,291.35,27517.82,16507.24
Project 0418,2024-11-01,316.62,25916.15,18783.71
Project 0418,2024-12-01,299.72,26822.05,18239.74
Project 0418,2025-01-01,370.85,27493.53,18993.97
Project 0418,2025-02-01,292.97,25625.44,18662.93
Project 0418,2025-03-01,252.15,27877.26,19232.75
Project 0418,2025-04-01,255.8,25579.05,16958.71
Project 0418,2025-05-01,339.22,22443.38,13593.78
Project 0418,2025-06-01,252.81,22061.55,14299.41
Project 0418,2025-07-01,359.51,22507.94,12392.88
Project 0418,2025-08-01,313.41,28340.2,20813.87
Project 0418,2025-09-01,255.61,22553.01,15223.09
Project 0418,2025-10-01,292.92,27100.3,14979.31
Project 0418,2025-11-01,273.76,24385.55,15106.7
Project 0418,2025-12-01,338.42,25289.3,18780.97
Project 0418,2026-01-01,335.33,22004.1,13128.58
Project 0418,2026-02-01,328.93,22698.76,16007.16
Project 0418,2026-03-01,347.6,29555.08,17185.19
Project 0418,2026-04-01,346.57,22741.3,14904.59
Project 0418,2026-05-01,306.61,23375.29,17133.56
Project 0418,2026-06-01,303.7,27542.9,20550.05
Project 0418,2026-07-01,242.31,27898.58,15971.2
Project 0418,2026-08-01,289.79,25716.88,18323.58
Project 0419,2024-09-01,78.03,18550.75,13034.82
Project 0419,2024-10-01,83.97,16449.9,11635.94
Project 0419,2024-11-01,93.5,16622.07,9349.1
Project 0419,2024-12-01,80.39,16744.26,10861.32
Project 0419,2025-01-01,92.69,14622.55,8473.67
Project 0419,2025-02-01,75.99,14044.65,10020.76
Project 0419,2025-03-01,97.2,13523.54,7590.78
Project 0419,2025-04-01,98.92,16779.12,10003.96
Project 0419,2025-05-01,79.94,14470.57,9983.57
Project 0419,2025-06-01,88.27,14813.89,8546.03
Project 0419,2025-07-01,93.09,16017.23,9039.55
Project 0419,2025-08-01,105.35,18082.73,10645.48
Project 0419,2025-09-01,80.89,17756.25,12169.16
Project 0419,2025-10-01,102.4,15116.24,9363.32
Project 0419,2025-11-01,98.63,18277.53,10770.31
Project 0419,2025-12-01,99.16,14243.19,8945.59
Project 0419,2026-01-01,105.56,18863.91,12991.5
Project 0419,2026-02-01,76.24,16246.88,11803.01
Project 0419,2026-03-01,83.12,13806.13,8474.81
Project 0419,2026-04-01,73.23,18916.6,13771.85
Project 0419,2026-05-01,70.46,15989.47,11125.05
Project 0419,2026-06-01,77.89,13916.23,9879.77
Project 0419,2026-07-01,81.36,14230.24,8854.05
Project 0419,2026-08-01,99.57,16761.31,9992.46
Project 0420,2024-09-01,108.26,30519.75,19115.2
Project 0420,2024-10-01,96.81,34553.78,24397.02
Project 0420,2024-11-01,142.38,39350.87,21935.63
Project 0420,2024-12-01,140.77,34423.95,21302.33
Project 0420,2025-01-01,144.76,38987.32,22547.96
Project 0420,2025-02-01,97.48,34045.76,20644.39
Project 0420,2025-03-01,149.61,37944.09,27800.29
Project 0420,2025-04-01,146.95,28520.59,20378.81
Project 0420,2025-05-01,146.3,38627.98,25016.87
Project 0420,2025-06-01,97.23,30586.33,16966.53
Project 0420,2025-07-01,114.59,35869.48,23285.73
Project 0420,2025-08-01,149.63,29607.8,17053.75
Project 0420,2025-09-01,120.42,33447.68,18454.01
Project 0420,2025-10-01,125.62,36179.23,23498.38
Project 0420,2025-11-01,109.31,38020.18,27458.91
Project 0420,2025-12-01,141.47,38592.16,23860.74
Project 0420,2026-01-01,122.16,29990.26,18053.18
Project 0420,2026-02-01,111.42,28638.2,18438.01
Project 0420,2026-03-01,147.92,29379.96,20014.22
Project 0420,2026-04-01,140.66,29669.11,21825.12
Project 0420,2026-05-01,103.94,31217.99,19183.3
Project 0420,2026-06-01,105.69,38193.68,26959.75
Project 0420,2026-07-01,131.84,36772.91,23411.97
Project 0420,2026-08-01,100.76,32491.78,20192.7
Project 0421,2024-09-01,437.31,25033.67,17939.75
Project 0421,2024-10-01,311.91,20095.29,14462.53
Project 0421,2024-11-01,298.2,27959.42,19299.0
Project 0421,2024-12-01,349.14,22986.72,15597.27
Project 0421,2025-01-01,334.37,26840.17,18548.46
Project 0421,2025-02-01,374.41,25328.73,16982.54
Project 0421,2025-03-01,289.65,19972.51,13183.61
Project 0421,2025-04-01,300.76,24359.76,15795.0
Project 0421,2025-05-01,378.35,26383.4,17242.15
Project 0421,2025-06-01,317.36,26039.91,16704.5
Project 0421,2025-07-01,375.49,21099.5,14102.66
Project 0421,2025-08-01,301.45,20870.85,12174.94
Project 0421,2025-09-01,320.3,24899.25,15065.26
Project 0421,2025-10-01,329.99,25906.72,16308.42
Project 0421,2025-11-01,425.22,27868.62,16751.68
Project 0421,2025-12-01,398.93,24996.68,18248.79
Project 0421,2026-01-01,381.67,24562.27,17873.7
Project 0421,2026-02-01,392.71,20287.46,12848.66
Project 0421,2026-03-01,447.6,27703.19,16180.04
Project 0421,2026-04-01,334.14,22256.19,12688.82
Project 0421,2026-05-01,373.71,24002.88,15952.21
Project 0421,2026-06-01,299.37,25563.52,17242.51
Project 0421,2026-07-01,364.12,27738.27,15848.05
Project 0421,2026-08-01,335.51,20561.09,14403.15
Project 0422,2024-09-01,410.29,37436.69,26727.25
Project 0422,2024-10-01,328.13,40319.54,26995.28
Project 0422,2024-11-01,290.33,45514.79,33712.11
Project 0422,2024-12-01,343.7,43094.73,28063.46
Project 0422,2025-01-01,346.02,39268.21,26275.27
Project 0422,2025-02-01,308.06,34485.54,20532.96
Project 0422,2025-03-01,339.37,39590.46,27493.24
Project 0422,2025-04-01,289.13,37409.94,20990.28
Project 0422,2025-05-01,286.08,33766.3,24370.23
Project 0422,2025-06-01,439.35,43849.47,24295.35
Project 0422,2025-07-01,391.37,46080.32,31245.61
Project 0422,2025-08-01,340.28,38841.02,27931.05
Project 0422,2025-09-01,387.25,44088.21,24518.77
Project 0422,2025-10-01,434.02,36309.5,23269.82
Project 0422,2025-11-01,342.29,45086.48,31689.69
Project 0422,2025-12-01,286.74,35352.42,22739.93
Project 0422,2026-01-01,331.79,42297.2,29320.46
Project 0422,2026-02-01,428.53,40888.55,23183.73
Project 0422,2026-03-01,424.82,34578.55,23645.56
Project 0422,2026-04-01,284.41,43465.44,32057.28
Project 0422,2026-05-01,402.29,44945.83,32917.69
Project 0422,2026-06-01,343.15,42098.85,27201.58
Project 0422,2026-07-01,403.0,45025.44,30253.37
Project 0422,2026-08-01,411.02,36805.78,25007.63
Project 0423,2024-09-01,72.2,8519.96,6385.21
Project 0423,2024-10-01,60.41,8884.0,4924.7
Project 0423,2024-11-01,62.69,8395.47,6058.29
Project 0423,2024-12-01,84.56,8298.69,4708.21
Project 0423,2025-01-01,64.94,10849.23,7293.93
Project 0423,2025-02-01,69.27,8310.83,4713.52
Project 0423,2025-03-01,67.84,9737.53,7015.21
Project 0423,2025-04-01,65.7,8385.9,4909.53
Project 0423,2025-05-01,60.26,9684.15,5693.04
Project 0423,2025-06-01,59.05,10073.85,7037.92
Project 0423,2025-07-01,75.59,8122.58,6088.37
Project 0423,2025-08-01,65.09,8358.98,6099.42
Project 0423,2025-09-01,72.58,9896.43,6556.79
Project 0423,2025-10-01,84.33,8772.24,6132.27
Project 0423,2025-11-01,86.8,9951.42,6623.89
Project 0423,2025-12-01,88.22,9507.61,5620.93
Project 0423,2026-01-01,61.89,8250.48,6170.44
Project 0423,2026-02-01,66.54,9984.68,5988.76
Project 0423,2026-03-01,60.91,7960.49,5824.17
Project 0423,2026-04-01,87.12,10307.84,6542.86
Project 0423,2026-05-01,72.3,9811.3,7125.73
Project 0423,2026-06-01,86.83,11137.21,7457.6
Project 0423,2026-07-01,76.63,7978.03,4542.77
Project 0423,2026-08-01,62.83,8239.78,5130.9
Project 0424,2024-09-01,180.16,9796.81,6274.4
Project 0424,2024-10-01,204.91,7943.0,5412.41
Project 0424,2024-11-01,219.2,8120.39,5517.74
Project 0424,2024-12-01,199.12,9449.35,6147.83
Project 0424,2025-01-01,214.88,7965.14,5196.16
Project 0424,2025-02-01,210.18,8370.4,5767.32
Project 0424,2025-03-01,220.19,8508.87,5456.75
Project 0424,2025-04-01,208.18,8396.91,5620.43
Project 0424,2025-05-01,226.75,8362.17,6028.35
Project 0424,2025-06-01,185.84,10629.1,7599.0
Project 0424,2025-07-01,237.48,10658.21,7903.29
Project 0424,2025-08-01,168.45,9085.45,5528.43
Project 0424,2025-09-01,220.96,9466.54,6575.43
Project 0424,2025-10-01,184.17,10463.87,6271.84
Project 0424,2025-11-01,205.46,7864.15,5575.74
Project 0424,2025-12-01,192.5,10809.19,7950.47
Project 0424,2026-01-01,195.79,8471.14,5021.3
Project 0424,2026-02-01,233.75,8422.33,6009.74
Project 0424,2026-03-01,174.53,7822.17,4623.12
Project 0424,2026-04-01,211.62,8282.94,5494.63
Project 0424,2026-05-01,167.7,9327.48,5648.01
Project 0424,2026-06-01,219.23,8994.39,6726.35
Project 0424,2026-07-01,180.85,8408.37,5095.81
Project 0424,2026-08-01,170.27,7932.03,5792.94
Project 0425,2024-09-01,255.23,46456.07,28952.94
Project 0425,2024-10-01,252.59,38555.6,26003.51
Project 0425,2024-11-01,289.76,42215.8,30441.8
Project 0425,2024-12-01,267.43,43142.57,26952.93
Project 0425,2025-01-01,311.64,36170.17,24137.29
Project 0425,2025-02-01,346.83,46861.83,33618.13
Project 0425,2025-03-01,319.71,42091.88,29679.33
Project 0425,2025-04-01,272.93,35301.93,20609.9
Project 0425,2025-05-01,344.42,41535.27,24760.93
Project 0425,2025-06-01,286.94,44793.66,32726.92
Project 0425,2025-07-01,362.9,43247.68,25911.15
Project 0425,2025-08-01,280.45,47660.33,32141.82
Project 0425,2025-09-01,334.05,36531.77,27239.92
Project 0425,2025-10-01,314.89,45632.97,29188.8
Project 0425,2025-11-01,288.7,39066.9,24051.84
Project 0425,2025-12-01,351.8,46305.38,34262.81
Project 0425,2026-01-01,305.63,40152.75,26716.8
Project 0425,2026-02-01,233.25,43608.49,31334.35
Project 0425,2026-03-01,295.77,37922.11,27239.97
Project 0425,2026-04-01,338.72,48742.79,27050.62
Project 0425,2026-05-01,265.83,39416.12,29279.33
Project 0425,2026-06-01,358.48,37864.03,27924.85
Project 0425,2026-07-01,245.98,46404.88,25541.2
Project 0425,2026-08-01,345.17,45728.85,33950.76
Project 0426,2024-09-01,302.2,45331.35,29638.22
Project 0426,2024-10-01,286.76,47324.47,31217.11
Project 0426,2024-11-01,245.65,46669.37,30209.83
Project 0426,2024-12-01,249.73,49959.42,30112.85
Project 0426,2025-01-01,317.93,58653.71,41840.96
Project 0426,2025-02-01,236.01,45257.15,32217.02
Project 0426,2025-03-01,274.26,44721.14,26577.07
Project 0426,2025-04-01,316.84,48222.15,35119.4
Project 0426,2025-05-01,327.85,59420.76,40658.66
Project 0426,2025-06-01,220.0,49193.48,33039.98
Project 0426,2025-07-01,316.44,45191.93,29816.72
Project 0426,2025-08-01,294.94,54656.49,33857.85
Project 0426,2025-09-01,315.61,55119.64,38519.04
Project 0426,2025-10-01,256.79,55440.44,40955.93
Project 0426,2025-11-01,322.15,49063.98,35402.69
Project 0426,2025-12-01,330.57,43628.75,32689.64
Project 0426,2026-01-01,308.28,52350.99,38568.94
Project 0426,2026-02-01,326.15,41740.5,28194.59
Project 0426,2026-03-01,278.78,56375.44,36988.45
Project 0426,2026-04-01,274.73,57625.66,37131.55
Project 0426,2026-05-01,276.08,52387.97,33489.39
Project 0426,2026-06-01,261.34,44646.0,27073.74
Project 0426,2026-07-01,285.16,48627.56,32666.55
Project 0426,2026-08-01,223.26,45698.46,31938.08
Project 0427,2024-09-01,365.06,139430.0,80300.4
Project 0427,2024-10-01,427.69,133786.63,89140.31
Project 0427,2024-11-01,346.77,117749.93,87836.78
Project 0427,2024-12-01,339.13,140219.56,102737.32
Project 0427,2025-01-01,412.99,129889.37,75263.63
Project 0427,2025-02-01,384.91,120995.91,72351.28
Project 0427,2025-03-01,445.72,115686.76,64923.17
Project 0427,2025-04-01,346.89,148787.17,109611.66
Project 0427,2025-05-01,347.29,162095.32,108315.55
Project 0427,2025-06-01,311.99,151539.17,104848.81
Project 0427,2025-07-01,321.16,158139.01,113503.01
Project 0427,2025-08-01,386.07,118970.09,73508.37
Project 0427,2025-09-01,341.5,136613.2,82255.88
Project 0427,2025-10-01,328.59,150060.51,94790.61
Project 0427,2025-11-01,331.17,126845.23,85673.71
Project 0427,2025-12-01,422.81,115493.37,76138.63
Project 0427,2026-01-01,326.91,154286.49,106747.93
Project 0427,2026-02-01,304.22,134079.93,93922.36
Project 0427,2026-03-01,336.55,151004.22,110717.68
Project 0427,2026-04-01,342.52,151092.53,90326.41
Project 0427,2026-05-01,340.19,135046.32,80137.11
Project 0427,2026-06-01,295.71,133015.58,83837.36
Project 0427,2026-07-01,335.45,124224.65,70374.59
Project 0427,2026-08-01,370.04,142420.5,99712.22
Project 0428,2024-09-01,305.17,139067.31,84064.1
Project 0428,2024-10-01,324.4,126122.45,70127.81
Project 0428,2024-11-01,356.44,101789.7,64754.22
Project 0428,2024-12-01,361.72,138438.69,94915.44
Project 0428,2025-01-01,329.72,118038.28,67410.51
Project 0428,2025-02-01,310.58,133627.33,76084.56
Project 0428,2025-03-01,286.06,106209.77,59944.05
Project 0428,2025-04-01,325.41,124114.41,76665.77
Project 0428,2025-05-01,411.82,132617.12,85995.52
Project 0428,2025-06-01,299.67,123170.24,86504.79
Project 0428,2025-07-01,378.86,119057.67,81328.94
Project 0428,2025-08-01,370.82,118377.12,76936.5
Project 0428,2025-09-01,408.12,118234.44,75131.09
Project 0428,2025-10-01,385.57,97246.78,72014.4
Project 0428,2025-11-01,418.89,108042.49,69265.83
Project 0428,2025-12-01,431.08,124445.22,87634.66
Project 0428,2026-01-01,287.21,134710.84,79137.63
Project 0428,2026-02-01,424.05,115118.82,82618.29
Project 0428,2026-03-01,308.88,104990.76,75272.12
Project 0428,2026-04-01,387.97,120130.28,85513.69
Project 0428,2026-05-01,307.94,106121.3,76599.29
Project 0428,2026-06-01,300.05,101873.3,61675.63
Project 0428,2026-07-01,325.02,110587.27,77225.82
Project 0428,2026-08-01,318.24,138483.28,97820.5
Project 0429,2024-09-01,302.01,14825.51,9681.41
Project 0429,2024-10-01,436.22,20904.51,11965.5
Project 0429,2024-11-01,435.64,16069.13,9322.42
Project 0429,2024-12-01,282.98,19270.37,13033.37
Project 0429,2025-01-01,358.92,17691.14,12664.0
Project 0429,2025-02-01,343.78,15057.71,9625.01
Project 0429,2025-03-01,296.64,15332.54,8983.69
Project 0429,2025-04-01,438.92,16077.79,10372.15
Project 0429,2025-05-01,397.05,17790.97,12219.79
Project 0429,2025-06-01,337.72,17743.17,10933.53
Project 0429,2025-07-01,428.18,14911.21,10495.69
Project 0429,2025-08-01,346.81,18510.33,12337.01
Project 0429,2025-09-01,327.07,17630.63,10749.65
Project 0429,2025-10-01,385.4,20108.31,11065.29
Project 0429,2025-11-01,337.74,16623.89,11491.55
Project 0429,2025-12-01,357.81,19000.98,14064.45
Project 0429,2026-01-01,422.78,20093.99,12451.31
Project 0429,2026-02-01,350.5,17286.45,11029.68
Project 0429,2026-03-01,323.06,20202.05,14352.32
Project 0429,2026-04-01,323.05,17814.84,11676.89
Project 0429,2026-05-01,300.28,15787.6,11329.74
Project 0429,2026-06-01,315.92,18993.79,14026.13
Project 0429,2026-07-01,336.66,14699.25,8148.24
Project 0429,2026-08-01,311.9,15449.44,11001.04
Project 0430,2024-09-01,149.8,34891.92,23622.76
Project 0430,2024-10-01,130.08,32017.39,20315.31
Project 0430,2024-11-01,155.85,31690.11,17612.69
Project 0430,2024-12-01,119.05,27666.6,17508.81
Project 0430,2025-01-01,129.56,30995.44,17163.6
Project 0430,2025-02-01,135.61,28704.44,18685.59
Project 0430,2025-03-01,122.97,33604.49,18566.88
Project 0430,2025-04-01,107.92,27356.01,16414.86
Project 0430,2025-05-01,138.89,28177.44,17324.45
Project 0430,2025-06-01,117.3,33732.7,19476.81
Project 0430,2025-07-01,153.65,26121.2,16742.72
Project 0430,2025-08-01,104.1,28614.16,19934.46
Project 0430,2025-09-01,121.66,31716.54,21832.16
Project 0430,2025-10-01,104.35,28234.52,19696.96
Project 0430,2025-11-01,137.26,34595.67,20940.49
Project 0430,2025-12-01,153.33,27196.61,16607.83
Project 0430,2026-01-01,136.95,32499.13,21726.33
Project 0430,2026-02-01,102.13,26251.13,17003.79
Project 0430,2026-03-01,111.36,34839.98,22902.91
Project 0430,2026-04-01,127.84,31464.61,20495.63
Project 0430,2026-05-01,146.8,31360.83,19338.89
Project 0430,2026-06-01,127.91,33894.09,23128.5
Project 0430,2026-07-01,128.34,25457.67,14083.72
Project 0430,2026-08-01,103.28,28485.38,20777.13
Project 0431,2024-09-01,329.68,25181.62,16205.28
Project 0431,2024-10-01,340.21,26705.98,16594.13
Project 0431,2024-11-01,292.89,22662.62,12655.91
Project 0431,2024-12-01,273.56,27930.54,17991.98
Project 0431,2025-01-01,265.56,25879.16,15277.15
Project 0431,2025-02-01,295.46,20539.8,11319.48
Project 0431,2025-03-01,286.82,25494.13,16733.44
Project 0431,2025-04-01,250.09,21695.28,14969.7
Project 0431,2025-05-01,328.15,21244.76,12550.01
Project 0431,2025-06-01,310.49,24669.89,16063.28
Project 0431,2025-07-01,275.72,27939.25,20302.45
Project 0431,2025-08-01,270.71,20895.4,12099.97
Project 0431,2025-09-01,309.76,24592.79,15756.62
Project 0431,2025-10-01,339.51,25584.7,18045.19
Project 0431,2025-11-01,268.53,21511.92,13467.65
Project 0431,2025-12-01,273.83,21189.37,12662.96
Project 0431,2026-01-01,328.56,27930.2,20165.7
Project 0431,2026-02-01,313.23,27303.91,15978.12
Project 0431,2026-03-01,229.0,25911.24,14837.97
Project 0431,2026-04-01,244.54,19706.81,13802.67
Project 0431,2026-05-01,263.14,26991.82,15488.59
Project 0431,2026-06-01,310.91,21778.31,13503.44
Project 0431,2026-07-01,243.96,27635.85,20673.51
Project 0431,2026-08-01,285.56,19560.98,11743.68
Project 0432,2024-09-01,217.83,87579.77,63509.75
Project 0432,2024-10-01,275.73,74382.65,41406.54
Project 0432,2024-11-01,224.1,79740.17,59451.83
Project 0432,2024-12-01,248.01,70559.32,43080.36
Project 0432,2025-01-01,213.09,90376.93,64359.54
Project 0432,2025-02-01,259.85,84516.27,50317.44
Project 0432,2025-03-01,249.37,85238.62,51060.26
Project 0432,2025-04-01,292.36,75369.62,43594.44
Project 0432,2025-05-01,274.52,75348.59,44848.65
Project 0432,2025-06-01,271.67,84296.79,50989.94
Project 0432,2025-07-01,231.24,80740.1,51842.0
Project 0432,2025-08-01,249.23,100664.98,68519.24
Project 0432,2025-09-01,299.22,89717.34,62118.82
Project 0432,2025-10-01,242.92,70551.9,51082.87
Project 0432,2025-11-01,218.74,86758.78,52508.79
Project 0432,2025-12-01,309.45,78892.44,52122.68
Project 0432,2026-01-01,249.74,88870.69,49950.84
Project 0432,2026-02-01,256.03,72500.91,42449.19
Project 0432,2026-03-01,237.38,73391.88,51257.57
Project 0432,2026-04-01,259.32,72432.43,51804.93
Project 0432,2026-05-01,242.05,78417.65,56997.2
Project 0432,2026-06-01,300.55,90150.61,54797.22
Project 0432,2026-07-01,223.06,100799.47,74832.26
Project 0432,2026-08-01,271.55,97892.0,65299.77
Project 0433,2024-09-01,25.57,11321.5,7421.18
Project 0433,2024-10-01,22.61,11792.48,8621.55
Project 0433,2024-11-01,31.33,11150.36,6277.02
Project 0433,2024-12-01,33.26,9149.16,5259.03
Project 0433,2025-01-01,31.49,10789.36,6433.22
Project 0433,2025-02-01,22.57,11039.43,7172.91
Project 0433,2025-03-01,29.79,9691.71,7053.63
Project 0433,2025-04-01,27.36,8918.85,5660.25
Project 0433,2025-05-01,27.73,9652.36,7009.02
Project 0433,2025-06-01,21.79,12056.16,8412.87
Project 0433,2025-07-01,34.12,10729.8,6094.38
Project 0433,2025-08-01,33.37,11455.77,8390.47
Project 0433,2025-09-01,25.83,10528.18,7137.9
Project 0433,2025-10-01,26.88,9586.8,6127.36
Project 0433,2025-11-01,26.01,9571.56,5278.35
Project 0433,2025-12-01,27.63,9553.54,5585.01
Project 0433,2026-01-01,28.44,11434.46,8104.47
Project 0433,2026-02-01,31.96,8928.51,6621.85
Project 0433,2026-03-01,25.29,9758.36,6629.5
Project 0433,2026-04-01,23.16,10806.86,7946.84
Project 0433,2026-05-01,31.26,10226.66,6359.58
Project 0433,2026-06-01,23.14,9422.07,5699.44
Project 0433,2026-07-01,29.94,12129.29,8618.54
Project 0433,2026-08-01,22.74,12000.11,6995.33
Project 0434,2024-09-01,326.58,101176.09,68493.16
Project 0434,2024-10-01,361.84,85424.18,55820.33
Project 0434,2024-11-01,386.92,97969.98,66555.45
Project 0434,2024-12-01,298.45,88609.61,52185.68
Project 0434,2025-01-01,255.76,92634.52,68666.03
Project 0434,2025-02-01,382.29,92347.94,55820.17
Project 0434,2025-03-01,333.3,101760.1,72458.56
Project 0434,2025-04-01,317.49,77594.03,51506.3
Project 0434,2025-05-01,282.66,84329.21,61640.85
Project 0434,2025-06-01,268.65,74638.9,45835.91
Project 0434,2025-07-01,326.54,100918.06,63036.93
Project 0434,2025-08-01,365.14,84638.49,47004.49
Project 0434,2025-09-01,253.43,72317.99,46561.28
Project 0434,2025-10-01,335.04,90260.44,62841.79
Project 0434,2025-11-01,283.93,77934.06,46659.23
Project 0434,2025-12-01,281.41,76657.38,51569.76
Project 0434,2026-01-01,355.28,83496.71,54881.03
Project 0434,2026-02-01,312.87,78636.62,52582.24
Project 0434,2026-03-01,364.56,99231.36,63041.28
Project 0434,2026-04-01,288.95,92351.74,62485.25
Project 0434,2026-05-01,335.05,100698.39,61501.98
Project 0434,2026-06-01,374.3,92235.49,53257.64
Project 0434,2026-07-01,292.23,87149.85,52141.19
Project 0434,2026-08-01,302.51,84434.82,49992.73
Project 0435,2024-09-01,156.85,13935.48,7736.23
Project 0435,2024-10-01,134.62,16969.92,11450.1
Project 0435,2024-11-01,141.04,13313.28,8784.73
Project 0435,2024-12-01,165.85,15014.47,10635.3
Project 0435,2025-01-01,120.13,14531.79,9613.6
Project 0435,2025-02-01,129.32,14318.7,7904.39
Project 0435,2025-03-01,132.22,13481.26,8716.74
Project 0435,2025-04-01,144.04,15790.43,11689.87
Project 0435,2025-05-01,129.69,12990.79,8715.39
Project 0435,2025-06-01,159.36,16488.21,11290.06
Project 0435,2025-07-01,159.15,16021.97,11245.33
Project 0435,2025-08-01,115.67,16332.06,11875.44
Project 0435,2025-09-01,175.17,12959.45,7817.61
Project 0435,2025-10-01,176.6,14202.93,8123.36
Project 0435,2025-11-01,140.97,15705.87,8713.93
Project 0435,2025-12-01,122.9,16710.35,11777.93
Project 0435,2026-01-01,168.49,13835.19,9685.43
Project 0435,2026-02-01,176.95,15125.18,8618.1
Project 0435,2026-03-01,159.29,15982.04,9796.1
Project 0435,2026-04-01,157.57,14673.09,10230.88
Project 0435,2026-05-01,121.87,12813.3,7308.85
Project 0435,2026-06-01,125.29,13366.75,8783.67
Project 0435,2026-07-01,173.91,14108.63,9784.06
Project 0435,2026-08-01,118.16,12910.47,8931.86
Project 0436,2024-09-01,343.63,23049.71,15645.2
Project 0436,2024-10-01,314.69,18659.08,12967.92
Project 0436,2024-11-01,312.16,18247.34,10463.13
Project 0436,2024-12-01,325.76,20730.36,13621.44
Project 0436,2025-01-01,327.71,20279.49,15196.64
Project 0436,2025-02-01,350.86,21406.18,12595.91
Project 0436,2025-03-01,246.4,20725.24,11529.27
Project 0436,2025-04-01,310.77,19197.62,12768.86
Project 0436,2025-05-01,353.55,23360.16,14249.59
Project 0436,2025-06-01,322.37,22296.42,15737.62
Project 0436,2025-07-01,258.23,19849.53,13372.58
Project 0436,2025-08-01,379.05,20924.07,12186.73
Project 0436,2025-09-01,311.82,21653.47,13550.4
Project 0436,2025-10-01,359.0,22672.41,15710.17
Project 0436,2025-11-01,293.73,17439.35,9754.7
Project 0436,2025-12-01,336.19,19353.67,12652.29
Project 0436,2026-01-01,322.66,21997.97,14544.24
Project 0436,2026-02-01,296.43,20584.96,13160.23
Project 0436,2026-03-01,362.35,17651.6,12847.58
Project 0436,2026-04-01,327.17,22464.14,14912.5
Project 0436,2026-05-01,277.78,20285.82,12714.35
Project 0436,2026-06-01,265.79,24110.2,15877.45
Project 0436,2026-07-01,308.86,23202.06,15571.42
Project 0436,2026-08-01,322.12,22916.97,15956.95
Project 0437,2024-09-01,91.79,14478.25,8081.82
Project 0437,2024-10-01,88.25,13409.43,8579.23
Project 0437,2024-11-01,77.33,17123.58,12045.44
Project 0437,2024-12-01,99.08,13333.62,8449.35
Project 0437,2025-01-01,93.86,13838.35,10234.53
Project 0437,2025-02-01,73.49,17617.01,12057.11
Project 0437,2025-03-01,91.5,15575.72,10083.52
Project 0437,2025-04-01,97.32,15151.8,10973.71
Project 0437,2025-05-01,90.75,16899.49,11587.53
Project 0437,2025-06-01,92.4,12877.6,8726.13
Project 0437,2025-07-01,95.01,14231.56,10196.76
Project 0437,2025-08-01,80.16,17694.59,11682.85
Project 0437,2025-09-01,76.4,17550.32,12448.94
Project 0437,2025-10-01,88.79,18023.28,13458.72
Project 0437,2025-11-01,70.35,15405.01,9013.77
Project 0437,2025-12-01,64.73,16590.34,11320.88
Project 0437,2026-01-01,101.08,13400.48,7807.46
Project 0437,2026-02-01,89.44,15606.55,11141.5
Project 0437,2026-03-01,99.21,15094.06,9751.51
Project 0437,2026-04-01,86.61,13954.69,9511.53
Project 0437,2026-05-01,91.79,15358.7,9739.51
Project 0437,2026-06-01,74.47,12592.51,9308.15
Project 0437,2026-07-01,71.7,16765.47,9444.5
Project 0437,2026-08-01,95.61,14497.63,8280.98
Project 0438,2024-09-01,65.48,7203.51,5008.25
Project 0438,2024-10-01,65.55,5821.04,3992.36
Project 0438,2024-11-01,81.77,7212.16,4194.13
Project 0438,2024-12-01,62.91,7172.0,4861.49
Project 0438,2025-01-01,61.39,6154.43,3788.92
Project 0438,2025-02-01,72.7,6843.35,4558.64
Project 0438,2025-03-01,58.06,7013.72,4339.33
Project 0438,2025-04-01,60.4,5976.29,3397.91
Project 0438,2025-05-01,82.87,6222.55,4203.42
Project 0438,2025-06-01,80.26,7110.39,5277.65
Project 0438,2025-07-01,68.46,6883.51,5132.03
Project 0438,2025-08-01,81.71,7784.0,5215.19
Project 0438,2025-09-01,74.39,7110.97,4838.43
Project 0438,2025-10-01,81.88,6779.53,4961.56
Project 0438,2025-11-01,68.92,7274.63,5013.08
Project 0438,2025-12-01,87.9,6283.84,4283.05
Project 0438,2026-01-01,73.71,5992.05,4194.84
Project 0438,2026-02-01,58.23,6527.47,4228.7
Project 0438,2026-03-01,64.72,7942.62,5507.43
Project 0438,2026-04-01,58.51,6858.34,4189.02
Project 0438,2026-05-01,85.83,6619.27,4940.29
Project 0438,2026-06-01,70.5,6354.12,4735.99
Project 0438,2026-07-01,67.87,6857.01,3922.05
Project 0438,2026-08-01,71.04,7738.05,5244.33
Project 0439,2024-09-01,232.29,17714.83,10368.03
Project 0439,2024-10-01,318.59,20439.0,13737.6
Project 0439,2024-11-01,263.52,14491.88,9507.92
Project 0439,2024-12-01,322.93,17331.98,9674.24
Project 0439,2025-01-01,249.11,18634.12,12333.84
Project 0439,2025-02-01,264.43,18640.38,10805.36
Project 0439,2025-03-01,323.83,17773.01,11680.0
Project 0439,2025-04-01,310.7,15263.04,9071.57
Project 0439,2025-05-01,262.98,16829.97,10399.91
Project 0439,2025-06-01,307.24,17046.91,10137.32
Project 0439,2025-07-01,213.64,17464.92,11378.98
Project 0439,2025-08-01,245.29,15191.74,9342.54
Project 0439,2025-09-01,254.75,15005.85,9747.97
Project 0439,2025-10-01,245.07,17215.74,10483.89
Project 0439,2025-11-01,297.94,18498.86,12307.4
Project 0439,2025-12-01,325.27,20669.86,11775.49
Project 0439,2026-01-01,316.04,16140.26,8972.9
Project 0439,2026-02-01,326.43,18236.61,12505.63
Project 0439,2026-03-01,301.49,15066.56,9421.07
Project 0439,2026-04-01,245.78,20323.53,13101.49
Project 0439,2026-05-01,242.31,19215.06,11266.88
Project 0439,2026-06-01,270.12,14501.16,10668.84
Project 0439,2026-07-01,216.46,16267.71,10965.84
Project 0439,2026-08-01,272.41,14839.93,9294.34
Project 0440,2024-09-01,140.13,30092.03,17093.49
Project 0440,2024-10-01,146.22,33073.48,23484.98
Project 0440,2024-11-01,142.75,33176.54,24273.89
Project 0440,2024-12-01,186.62,26668.36,16910.59
Project 0440,2025-01-01,196.95,26905.25,19981.23
Project 0440,2025-02-01,162.59,30483.82,22258.32
Project 0440,2025-03-01,147.71,31407.61,19945.07
Project 0440,2025-04-01,191.19,34021.62,25102.87
Project 0440,2025-05-01,178.03,28052.25,15812.43
Project 0440,2025-06-01,169.48,32821.86,19691.58
Project 0440,2025-07-01,138.12,32045.12,19764.19
Project 0440,2025-08-01,185.15,29279.99,17912.23
Project 0440,2025-09-01,141.46,25445.07,17089.38
Project 0440,2025-10-01,186.26,25076.87,18311.73
Project 0440,2025-11-01,180.06,30309.72,19475.06
Project 0440,2025-12-01,140.3,28275.7,18481.91
Project 0440,2026-01-01,193.42,35044.99,25720.4
Project 0440,2026-02-01,140.33,35443.04,20532.33
Project 0440,2026-03-01,178.72,29572.59,18865.5
Project 0440,2026-04-01,180.78,34635.92,23441.39
Project 0440,2026-05-01,141.06,25684.87,16326.09
Project 0440,2026-06-01,152.72,35551.61,24032.71
Project 0440,2026-07-01,147.56,35688.18,20818.11
Project 0440,2026-08-01,168.65,30864.83,22666.43
Project 0441,2024-09-01,117.29,4949.58,3031.47
Project 0441,2024-10-01,95.65,6115.45,4233.19
Project 0441,2024-11-01,133.24,5931.21,3793.37
Project 0441,2024-12-01,143.83,5908.1,3498.66
Project 0441,2025-01-01,125.56,5358.58,3654.79
Project 0441,2025-02-01,123.39,5652.28,3366.33
Project 0441,2025-03-01,108.1,5183.94,3801.25
Project 0441,2025-04-01,102.77,6609.44,3696.74
Project 0441,2025-05-01,111.09,5092.48,3627.23
Project 0441,2025-06-01,105.24,5580.96,3511.36
Project 0441,2025-07-01,120.71,5158.56,3534.19
Project 0441,2025-08-01,104.58,5682.59,3640.49
Project 0441,2025-09-01,99.31,6525.25,3681.46
Project 0441,2025-10-01,117.71,5573.98,3307.01
Project 0441,2025-11-01,107.08,4950.61,3153.9
Project 0441,2025-12-01,134.06,5063.03,3343.73
Project 0441,2026-01-01,123.34,5823.0,3966.4
Project 0441,2026-02-01,137.28,7022.55,4621.35
Project 0441,2026-03-01,120.98,6542.47,4005.18
Project 0441,2026-04-01,116.86,5453.78,3002.07
Project 0441,2026-05-01,102.02,5271.81,3912.04
Project 0441,2026-06-01,122.38,5031.82,3693.07
Project 0441,2026-07-01,122.07,6193.51,4326.78
Project 0441,2026-08-01,105.67,5649.47,4064.55
Project 0442,2024-09-01,243.67,58086.85,33148.61
Project 0442,2024-10-01,212.16,72197.19,54126.83
Project 0442,2024-11-01,257.91,66303.75,41821.5
Project 0442,2024-12-01,228.04,73589.23,41746.46
Project 0442,2025-01-01,186.6,75118.47,47150.98
Project 0442,2025-02-01,256.68,76081.54,50362.99
Project 0442,2025-03-01,214.82,69563.94,49620.86
Project 0442,2025-04-01,227.08,81312.06,50878.94
Project 0442,2025-05-01,185.66,62106.35,44792.97
Project 0442,2025-06-01,233.21,81293.11,60251.67
Project 0442,2025-07-01,226.51,65363.24,42638.86
Project 0442,2025-08-01,226.96,68637.29,42010.67
Project 0442,2025-09-01,230.82,72570.53,52049.23
Project 0442,2025-10-01,197.18,74798.95,47883.3
Project 0442,2025-11-01,191.23,59668.93,39034.76
Project 0442,2025-12-01,221.08,59182.44,37169.88
Project 0442,2026-01-01,208.11,57545.84,34885.9
Project 0442,2026-02-01,194.67,58344.65,35521.33
Project 0442,2026-03-01,201.63,65489.18,41648.12
Project 0442,2026-04-01,167.22,58964.15,41109.89
Project 0442,2026-05-01,225.17,65049.56,39771.75
Project 0442,2026-06-01,196.77,81090.63,54412.53
Project 0442,2026-07-01,216.05,62138.76,41376.1
Project 0442,2026-08-01,178.5,61217.54,45589.94
Project 0443,2024-09-01,277.88,81783.48,59064.92
Project 0443,2024-10-01,285.87,61261.42,37193.08
Project 0443,2024-11-01,289.96,72682.17,40461.86
Project 0443,2024-12-01,251.92,76678.62,48915.95
Project 0443,2025-01-01,300.9,82143.92,46124.37
Project 0443,2025-02-01,252.03,74709.98,42850.87
Project 0443,2025-03-01,210.02,80697.41,44901.61
Project 0443,2025-04-01,236.75,63884.35,35914.26
Project 0443,2025-05-01,252.18,75301.58,47623.56
Project 0443,2025-06-01,252.25,62542.08,39278.5
Project 0443,2025-07-01,226.98,68672.71,39067.05
Project 0443,2025-08-01,278.71,65510.05,36985.97
Project 0443,2025-09-01,261.08,68638.8,50973.26
Project 0443,2025-10-01,307.46,80511.51,57485.24
Project 0443,2025-11-01,301.02,73958.75,49038.31
Project 0443,2025-12-01,244.71,68006.54,45094.61
Project 0443,2026-01-01,217.19,79626.9,44420.11
Project 0443,2026-02-01,276.44,79115.69,56509.34
Project 0443,2026-03-01,230.76,83929.29,49422.46
Project 0443,2026-04-01,303.0,67575.12,37355.04
Project 0443,2026-05-01,226.77,59073.96,36932.05
Project 0443,2026-06-01,296.89,66581.25,45804.2
Project 0443,2026-07-01,246.02,80357.37,53772.1
Project 0443,2026-08-01,256.51,72063.77,43787.43
Project 0444,2024-09-01,172.07,42136.55,23837.51
Project 0444,2024-10-01,133.95,32165.68,18179.72
Project 0444,2024-11-01,155.55,37377.39,21728.54
Project 0444,2024-12-01,205.83,39410.33,22942.3
Project 0444,2025-01-01,167.38,35683.97,24199.73
Project 0444,2025-02-01,171.85,40603.41,28319.0
Project 0444,2025-03-01,208.01,44060.17,28335.19
Project 0444,2025-04-01,187.69,46156.65,31454.29
Project 0444,2025-05-01,201.33,41158.21,30440.07
Project 0444,2025-06-01,169.75,34669.6,25596.22
Project 0444,2025-07-01,150.02,37534.38,21414.51
Project 0444,2025-08-01,185.4,40560.75,23894.73
Project 0444,2025-09-01,200.49,41635.93,24928.09
Project 0444,2025-10-01,195.63,33874.78,24840.02
Project 0444,2025-11-01,187.0,35181.28,23507.57
Project 0444,2025-12-01,194.74,35523.65,22880.34
Project 0444,2026-01-01,155.22,42011.52,29960.78
Project 0444,2026-02-01,160.02,35876.64,22541.07
Project 0444,2026-03-01,198.58,35062.61,20080.27
Project 0444,2026-04-01,194.02,40081.15,26701.3
Project 0444,2026-05-01,191.54,36757.53,23886.35
Project 0444,2026-06-01,156.39,34451.81,23027.17
Project 0444,2026-07-01,173.89,41426.84,25038.46
Project 0444,2026-08-01,157.57,40512.0,24104.0
Project 0445,2024-09-01,289.08,67290.63,41526.67
Project 0445,2024-10-01,264.98,66275.37,44200.3
Project 0445,2024-11-01,283.31,63920.77,45947.29
Project 0445,2024-12-01,313.05,63627.94,36506.09
Project 0445,2025-01-01,332.39,67802.48,44303.48
Project 0445,2025-02-01,303.99,66039.49,43766.24
Project 0445,2025-03-01,300.02,65476.45,46126.74
Project 0445,2025-04-01,343.33,52934.07,34517.62
Project 0445,2025-05-01,264.04,51034.18,32740.35
Project 0445,2025-06-01,329.46,62403.39,44989.41
Project 0445,2025-07-01,363.11,55714.7,31055.69
Project 0445,2025-08-01,255.22,55217.88,40521.58
Project 0445,2025-09-01,289.26,57498.38,37287.56
Project 0445,2025-10-01,363.47,58696.52,38650.81
Project 0445,2025-11-01,379.59,56583.52,42081.82
Project 0445,2025-12-01,343.96,48400.03,30218.64
Project 0445,2026-01-01,334.17,61661.03,37984.49
Project 0445,2026-02-01,295.0,68147.17,46094.49
Project 0445,2026-03-01,265.37,64538.77,39375.99
Project 0445,2026-04-01,354.46,51743.61,36750.47
Project 0445,2026-05-01,245.58,52930.03,33593.11
Project 0445,2026-06-01,332.15,61909.64,39568.93
Project 0445,2026-07-01,311.41,53887.93,29801.14
Project 0445,2026-08-01,267.77,49138.36,33172.37
Project 0446,2024-09-01,129.75,5887.33,3969.72
Project 0446,2024-10-01,137.29,7325.43,4288.49
Project 0446,2024-11-01,109.85,7610.24,4744.41
Project 0446,2024-12-01,140.43,7538.74,5145.42
Project 0446,2025-01-01,109.16,6082.19,3790.13
Project 0446,2025-02-01,120.61,6318.35,3747.39
Project 0446,2025-03-01,142.65,6208.69,4593.23
Project 0446,2025-04-01,151.02,7027.37,4295.22
Project 0446,2025-05-01,121.88,5619.1,3543.02
Project 0446,2025-06-01,160.55,6994.7,4979.23
Project 0446,2025-07-01,153.45,5999.22,3793.61
Project 0446,2025-08-01,132.01,5785.4,3833.66
Project 0446,2025-09-01,125.36,7167.53,4152.55
Project 0446,2025-10-01,111.19,5594.8,4140.18
Project 0446,2025-11-01,162.31,7610.27,4646.05
Project 0446,2025-12-01,163.04,5823.43,4353.9
Project 0446,2026-01-01,149.4,5557.18,3377.28
Project 0446,2026-02-01,109.8,7510.48,5465.49
Project 0446,2026-03-01,135.64,5379.16,3319.55
Project 0446,2026-04-01,130.37,6377.53,4341.31
Project 0446,2026-05-01,145.75,5427.29,3009.11
Project 0446,2026-06-01,140.7,5808.52,3295.1
Project 0446,2026-07-01,151.3,7702.3,5323.32
Project 0446,2026-08-01,107.37,6002.23,4476.2
Project 0447,2024-09-01,95.74,7109.96,4191.34
Project 0447,2024-10-01,90.66,7770.97,5743.31
Project 0447,2024-11-01,74.6,6735.8,4735.22
Project 0447,2024-12-01,69.06,7184.59,4017.89
Project 0447,2025-01-01,93.41,8146.09,6047.22
Project 0447,2025-02-01,69.43,7459.49,4703.29
Project 0447,2025-03-01,77.22,6839.98,4641.72
Project 0447,2025-04-01,88.37,7169.32,5336.77
Project 0447,2025-05-01,78.16,9202.87,5837.37
Project 0447,2025-06-01,96.83,7903.1,5917.57
Project 0447,2025-07-01,85.63,9090.96,5177.06
Project 0447,2025-08-01,96.83,9466.64,6799.72
Project 0447,2025-09-01,81.52,7822.74,4489.73
Project 0447,2025-10-01,99.92,9418.11,5659.23
Project 0447,2025-11-01,72.47,8711.47,5475.94
Project 0447,2025-12-01,79.38,7561.44,4626.05
Project 0447,2026-01-01,94.27,7686.81,4689.0
Project 0447,2026-02-01,85.99,9058.23,6395.92
Project 0447,2026-03-01,70.06,9362.65,5793.4
Project 0447,2026-04-01,80.02,6840.32,4086.96
Project 0447,2026-05-01,93.99,8348.23,5403.59
Project 0447,2026-06-01,70.58,7652.72,4250.06
Project 0447,2026-07-01,66.06,8658.52,6356.81
Project 0447,2026-08-01,78.03,8414.12,4698.3
Project 0448,2024-09-01,67.61,6406.38,4766.12
Project 0448,2024-10-01,65.28,5626.57,3385.35
Project 0448,2024-11-01,59.36,6325.57,4737.51
Project 0448,2024-12-01,48.58,5920.61,3960.86
Project 0448,2025-01-01,61.95,7449.66,4615.18
Project 0448,2025-02-01,70.91,7743.81,5452.65
Project 0448,2025-03-01,64.86,7329.48,4408.92
Project 0448,2025-04-01,59.53,5781.64,4283.21
Project 0448,2025-05-01,47.97,7509.57,4215.86
Project 0448,2025-06-01,61.04,7498.84,4580.77
Project 0448,2025-07-01,50.93,6758.32,4997.04
Project 0448,2025-08-01,70.07,7388.3,4339.97
Project 0448,2025-09-01,59.68,7427.4,4567.84
Project 0448,2025-10-01,69.6,6563.45,4517.56
Project 0448,2025-11-01,71.04,6279.24,3887.78
Project 0448,2025-12-01,65.47,7356.31,5109.59
Project 0448,2026-01-01,48.02,7013.87,5253.32
Project 0448,2026-02-01,60.61,5807.23,3483.35
Project 0448,2026-03-01,59.66,5825.58,4178.51
Project 0448,2026-04-01,47.2,6319.66,4264.2
Project 0448,2026-05-01,52.86,7244.07,4984.78
Project 0448,2026-06-01,54.55,5604.88,3614.18
Project 0448,2026-07-01,53.94,7280.94,4665.19
Project 0448,2026-08-01,61.33,6916.36,4520.2
Project 0449,2024-09-01,169.39,27220.24,19528.64
Project 0449,2024-10-01,146.33,25401.59,17368.33
Project 0449,2024-11-01,177.2,31669.51,21555.99
Project 0449,2024-12-01,167.71,28779.99,16606.31
Project 0449,2025-01-01,187.43,25963.31,19068.35
Project 0449,2025-02-01,145.39,31337.44,21302.19
Project 0449,2025-03-01,158.56,30961.63,21664.01
Project 0449,2025-04-01,140.44,24109.16,17090.74
Project 0449,2025-05-01,183.83,33574.22,23276.96
Project 0449,2025-06-01,148.31,25523.24,14294.1
Project 0449,2025-07-01,153.99,30462.56,20245.49
Project 0449,2025-08-01,150.66,33997.51,20784.11
Project 0449,2025-09-01,132.55,25368.17,16583.55
Project 0449,2025-10-01,162.01,31601.34,22900.18
Project 0449,2025-11-01,164.15,27089.02,18481.44
Project 0449,2025-12-01,150.24,26722.69,17855.78
Project 0449,2026-01-01,184.56,24017.94,13743.37
Project 0449,2026-02-01,137.55,24295.2,15803.14
Project 0449,2026-03-01,153.31,27222.56,15431.22
Project 0449,2026-04-01,129.34,26227.2,15629.87
Project 0449,2026-05-01,162.77,31123.21,19196.61
Project 0449,2026-06-01,192.33,26520.03,18658.79
Project 0449,2026-07-01,124.35,32359.54,18183.38
Project 0449,2026-08-01,135.93,31220.1,19828.85
Project 0450,2024-09-01,88.52,11912.24,6811.6
Project 0450,2024-10-01,114.34,13890.12,7797.48
Project 0450,2024-11-01,110.62,12352.99,7763.4
Project 0450,2024-12-01,115.26,14422.6,8025.58
Project 0450,2025-01-01,113.88,12860.89,8046.84
Project 0450,2025-02-01,95.83,11052.13,8007.61
Project 0450,2025-03-01,106.13,15615.2,9545.14
Project 0450,2025-04-01,91.23,13271.83,7745.77
Project 0450,2025-05-01,114.22,13404.32,7968.77
Project 0450,2025-06-01,88.11,15410.7,10196.99
Project 0450,2025-07-01,90.18,14768.5,8998.28
Project 0450,2025-08-01,123.74,11272.31,7297.63
Project 0450,2025-09-01,118.51,11334.15,7524.39
Project 0450,2025-10-01,101.09,11290.64,7190.79
Project 0450,2025-11-01,99.69,11728.55,7114.09
Project 0450,2025-12-01,80.64,14399.82,8226.26
Project 0450,2026-01-01,100.29,15454.64,9044.62
Project 0450,2026-02-01,119.5,14849.73,8794.65
Project 0450,2026-03-01,108.64,14465.69,10111.68
Project 0450,2026-04-01,110.74,14824.03,10988.22
Project 0450,2026-05-01,90.9,15192.16,11131.5
Project 0450,2026-06-01,113.76,12758.34,9180.93
Project 0450,2026-07-01,82.75,13128.61,9714.29
Project 0450,2026-08-01,96.37,11373.57,7612.21
Project 0451,2024-09-01,95.76,8169.55,4825.63
Project 0451,2024-10-01,98.66,11121.8,7461.74
Project 0451,2024-11-01,84.49,10013.62,6290.77
Project 0451,2024-12-01,97.74,8965.59,5965.02
Project 0451,2025-01-01,83.77,10568.68,6461.75
Project 0451,2025-02-01,76.73,8081.92,5867.67
Project 0451,2025-03-01,93.83,10190.22,7180.92
Project 0451,2025-04-01,70.63,8177.83,5016.67
Project 0451,2025-05-01,67.19,8793.31,5106.22
Project 0451,2025-06-01,86.54,10680.65,6605.52
Project 0451,2025-07-01,74.42,9559.7,6374.1
Project 0451,2025-08-01,98.15,8023.7,4798.89
Project 0451,2025-09-01,89.17,10554.34,6908.89
Project 0451,2025-10-01,70.55,10930.73,6272.66
Project 0451,2025-11-01,95.47,8864.12,4937.67
Project 0451,2025-12-01,80.46,8583.83,5945.06
Project 0451,2026-01-01,81.33,8787.48,5425.13
Project 0451,2026-02-01,92.08,8082.95,5191.48
Project 0451,2026-03-01,90.45,10532.03,5914.4
Project 0451,2026-04-01,101.41,9469.95,5791.57
Project 0451,2026-05-01,88.88,9445.75,5577.27
Project 0451,2026-06-01,89.16,10158.09,6348.72
Project 0451,2026-07-01,98.76,8736.92,5027.26
Project 0451,2026-08-01,93.13,9238.63,5354.97
Project 0452,2024-09-01,254.79,37828.7,24625.09
Project 0452,2024-10-01,292.98,31850.53,23559.47
Project 0452,2024-11-01,256.6,31330.94,19208.52
Project 0452,2024-12-01,199.05,31189.3,22056.67
Project 0452,2025-01-01,282.02,38256.57,25006.11
Project 0452,2025-02-01,291.91,36589.72,24109.14
Project 0452,2025-03-01,199.26,37878.41,20909.61
Project 0452,2025-04-01,202.36,27821.39,17664.42
Project 0452,2025-05-01,271.46,37915.59,25854.29
Project 0452,2025-06-01,255.63,31387.57,19172.62
Project 0452,2025-07-01,279.46,32950.15,21804.38
Project 0452,2025-08-01,290.46,31787.0,19310.24
Project 0452,2025-09-01,305.37,32522.92,24179.63
Project 0452,2025-10-01,255.46,26937.86,16631.0
Project 0452,2025-11-01,262.62,30286.75,19361.14
Project 0452,2025-12-01,198.92,35477.09,26089.08
Project 0452,2026-01-01,272.45,33534.92,22499.16
Project 0452,2026-02-01,306.28,38489.26,25863.95
Project 0452,2026-03-01,265.12,34902.62,21365.16
Project 0452,2026-04-01,240.97,29127.79,19997.72
Project 0452,2026-05-01,253.45,27521.9,17385.02
Project 0452,2026-06-01,292.17,33063.53,18499.77
Project 0452,2026-07-01,270.53,35838.87,21172.52
Project 0452,2026-08-01,251.44,35492.86,22935.66
Project 0453,2024-09-01,391.75,42193.51,31175.64
Project 0453,2024-10-01,382.68,48754.47,27181.48
Project 0453,2024-11-01,383.86,40936.67,28697.64
Project 0453,2024-12-01,366.21,41791.04,24725.13
Project 0453,2025-01-01,331.34,43972.34,29228.83
Project 0453,2025-02-01,391.83,45831.44,27627.3
Project 0453,2025-03-01,347.61,46383.94,31959.88
Project 0453,2025-04-01,391.07,41368.31,26721.08
Project 0453,2025-05-01,352.77,36684.94,21122.23
Project 0453,2025-06-01,287.07,39749.24,26146.53
Project 0453,2025-07-01,277.18,40127.61,28416.88
Project 0453,2025-08-01,319.94,41971.34,30524.61
Project 0453,2025-09-01,357.01,43043.14,26497.92
Project 0453,2025-10-01,359.41,43385.49,26434.54
Project 0453,2025-11-01,336.53,45324.57,28864.44
Project 0453,2025-12-01,299.98,45696.94,31663.44
Project 0453,2026-01-01,289.63,43230.43,29554.7
Project 0453,2026-02-01,298.98,48314.92,34422.76
Project 0453,2026-03-01,373.16,39954.29,22383.6
Project 0453,2026-04-01,270.42,34941.95,25325.53
Project 0453,2026-05-01,340.21,42965.39,30868.1
Project 0453,2026-06-01,310.17,35603.79,24161.38
Project 0453,2026-07-01,258.65,40998.92,27887.0
Project 0453,2026-08-01,256.77,40796.56,23829.42
Project 0454,2024-09-01,258.92,31986.18,18784.69
Project 0454,2024-10-01,286.41,33822.9,24066.48
Project 0454,2024-11-01,280.04,39369.49,25919.39
Project 0454,2024-12-01,309.63,36241.75,26296.06
Project 0454,2025-01-01,254.09,37508.7,26099.08
Project 0454,2025-02-01,308.62,30007.36,19790.33
Project 0454,2025-03-01,233.74,35630.47,19620.91
Project 0454,2025-04-01,230.56,29988.54,19741.74
Project 0454,2025-05-01,311.77,30273.96,19138.96
Project 0454,2025-06-01,260.59,33247.79,18718.41
Project 0454,2025-07-01,253.15,40072.74,23469.28
Project 0454,2025-08-01,241.77,31272.58,20786.03
Project 0454,2025-09-01,268.79,34533.07,23865.65
Project 0454,2025-10-01,246.36,38769.91,26883.08
Project 0454,2025-11-01,259.2,31014.09,17507.54
Project 0454,2025-12-01,267.23,32325.09,22565.63
Project 0454,2026-01-01,224.15,30423.83,22768.57
Project 0454,2026-02-01,232.97,33520.46,19007.83
Project 0454,2026-03-01,258.65,38084.44,22146.49
Project 0454,2026-04-01,260.65,37292.94,24724.81
Project 0454,2026-05-01,203.71,41917.88,30725.57
Project 0454,2026-06-01,248.0,39963.36,29020.97
Project 0454,2026-07-01,302.29,37493.07,25080.85
Project 0454,2026-08-01,266.43,31967.87,18727.18
Project 0455,2024-09-01,91.84,17235.27,12745.4
Project 0455,2024-10-01,97.25,20414.98,11915.67
Project 0455,2024-11-01,94.85,20881.73,11658.75
Project 0455,2024-12-01,96.71,16925.14,10798.07
Project 0455,2025-01-01,102.01,19115.77,14306.11
Project 0455,2025-02-01,97.13,21664.28,12817.98
Project 0455,2025-03-01,104.31,17600.34,12126.96
Project 0455,2025-04-01,77.78,21112.57,15355.09
Project 0455,2025-05-01,77.34,16550.65,9699.15
Project 0455,2025-06-01,94.18,21285.78,13983.62
Project 0455,2025-07-01,100.23,16272.36,12059.73
Project 0455,2025-08-01,99.02,17671.99,13159.57
Project 0455,2025-09-01,73.92,18557.44,13834.72
Project 0455,2025-10-01,77.39,16659.35,11634.98
Project 0455,2025-11-01,93.0,20619.95,14261.13
Project 0455,2025-12-01,79.92,21108.55,12924.77
Project 0455,2026-01-01,97.7,19278.32,14220.73
Project 0455,2026-02-01,70.13,19468.53,14361.15
Project 0455,2026-03-01,72.93,16806.27,12159.93
Project 0455,2026-04-01,80.32,20152.05,14835.57
Project 0455,2026-05-01,79.49,23057.3,16686.22
Project 0455,2026-06-01,77.34,21054.46,15544.23
Project 0455,2026-07-01,79.0,16682.97,10497.8
Project 0455,2026-08-01,68.32,21140.58,15389.4
Project 0456,2024-09-01,215.26,24651.43,16804.1
Project 0456,2024-10-01,221.77,23628.66,13130.9
Project 0456,2024-11-01,194.76,23747.33,16908.94
Project 0456,2024-12-01,231.6,19875.06,12658.63
Project 0456,2025-01-01,190.22,23790.03,14054.35
Project 0456,2025-02-01,249.7,20804.05,12539.16
Project 0456,2025-03-01,187.98,20341.07,14607.11
Project 0456,2025-04-01,260.78,27266.95,17247.51
Project 0456,2025-05-01,236.53,20155.37,12928.95
Project 0456,2025-06-01,226.24,22648.84,14707.04
Project 0456,2025-07-01,190.1,19746.6,11113.23
Project 0456,2025-08-01,215.58,20808.21,12149.74
Project 0456,2025-09-01,205.78,21242.83,12324.0
Project 0456,2025-10-01,228.28,21586.59,15085.86
Project 0456,2025-11-01,283.71,27133.03,17505.87
Project 0456,2025-12-01,199.39,22995.98,17117.01
Project 0456,2026-01-01,276.12,25496.87,15217.37
Project 0456,2026-02-01,196.94,22491.54,16602.41
Project 0456,2026-03-01,249.38,21526.71,12495.05
Project 0456,2026-04-01,205.83,25854.31,18405.09
Project 0456,2026-05-01,247.44,22497.2,13587.0
Project 0456,2026-06-01,266.8,26523.83,16467.45
Project 0456,2026-07-01,199.74,24034.16,13990.15
Project 0456,2026-08-01,254.12,23601.48,15612.06
Project 0457,2024-09-01,303.73,77363.14,56512.34
Project 0457,2024-10-01,278.7,72691.36,52963.27
Project 0457,2024-11-01,267.52,74776.43,52590.48
Project 0457,2024-12-01,303.16,86007.13,49026.21
Project 0457,2025-01-01,239.1,74789.82,45881.28
Project 0457,2025-02-01,240.26,74898.14,48922.47
Project 0457,2025-03-01,319.89,79643.64,47172.3
Project 0457,2025-04-01,262.72,70596.73,41998.65
Project 0457,2025-05-01,320.92,71180.67,41123.28
Project 0457,2025-06-01,251.16,74218.16,41965.39
Project 0457,2025-07-01,308.92,64765.79,46661.59
Project 0457,2025-08-01,278.98,82311.98,57991.42
Project 0457,2025-09-01,308.35,66285.54,42071.1
Project 0457,2025-10-01,241.02,82554.2,59150.8
Project 0457,2025-11-01,214.16,77599.94,50738.99
Project 0457,2025-12-01,220.27,70588.96,45138.95
Project 0457,2026-01-01,238.18,70621.34,43772.83
Project 0457,2026-02-01,249.8,67035.79,38415.99
Project 0457,2026-03-01,324.17,64444.59,47080.2
Project 0457,2026-04-01,241.34,84666.7,58858.44
Project 0457,2026-05-01,219.51,78187.16,57070.15
Project 0457,2026-06-01,299.64,89288.63,53242.95
Project 0457,2026-07-01,226.6,77227.23,47089.75
Project 0457,2026-08-01,249.96,81655.27,47314.42
Project 0458,2024-09-01,184.72,40694.58,30265.95
Project 0458,2024-10-01,156.09,49153.36,31588.7
Project 0458,2024-11-01,202.92,51246.5,32825.22
Project 0458,2024-12-01,154.14,43631.19,31848.37
Project 0458,2025-01-01,197.09,44754.32,27022.2
Project 0458,2025-02-01,145.42,53349.0,31554.79
Project 0458,2025-03-01,180.17,47814.76,29673.37
Project 0458,2025-04-01,165.06,50739.55,34791.49
Project 0458,2025-05-01,195.26,49633.82,31576.83
Project 0458,2025-06-01,169.58,56116.26,34322.21
Project 0458,2025-07-01,179.68,50447.96,32973.78
Project 0458,2025-08-01,186.0,54690.03,39762.55
Project 0458,2025-09-01,140.91,51548.42,37325.11
Project 0458,2025-10-01,143.07,55464.71,31895.36
Project 0458,2025-11-01,142.59,50435.02,31886.72
Project 0458,2025-12-01,152.92,57870.63,34214.22
Project 0458,2026-01-01,142.68,52564.39,37538.19
Project 0458,2026-02-01,181.46,44093.98,26445.48
Project 0458,2026-03-01,185.89,52254.44,38631.08
Project 0458,2026-04-01,208.77,48469.58,32240.23
Project 0458,2026-05-01,162.39,56789.94,37478.65
Project 0458,2026-06-01,144.42,47483.42,31569.5
Project 0458,2026-07-01,183.42,54656.28,33114.51
Project 0458,2026-08-01,158.1,45243.88,33748.6
Project 0459,2024-09-01,271.1,52385.86,33196.58
Project 0459,2024-10-01,255.25,46856.0,30539.83
Project 0459,2024-11-01,344.5,60183.01,43524.17
Project 0459,2024-12-01,246.04,63029.74,35182.83
Project 0459,2025-01-01,308.34,46659.59,30852.43
Project 0459,2025-02-01,278.22,57692.67,36249.33
Project 0459,2025-03-01,239.91,55241.4,39219.99
Project 0459,2025-04-01,280.35,62602.54,43691.22
Project 0459,2025-05-01,260.5,55305.0,31167.66
Project 0459,2025-06-01,308.89,49394.41,27564.35
Project 0459,2025-07-01,356.81,60911.62,34518.64
Project 0459,2025-08-01,318.16,49410.0,35141.19
Project 0459,2025-09-01,297.12,51347.37,37398.95
Project 0459,2025-10-01,240.24,52096.68,39019.31
Project 0459,2025-11-01,235.94,48114.12,30414.41
Project 0459,2025-12-01,357.92,46966.55,29408.52
Project 0459,2026-01-01,252.71,60709.1,35075.47
Project 0459,2026-02-01,348.81,57265.05,32807.57
Project 0459,2026-03-01,240.68,56093.63,39962.93
Project 0459,2026-04-01,312.02,62338.17,42868.0
Project 0459,2026-05-01,239.11,45678.29,26764.47
Project 0459,2026-06-01,329.21,49939.35,31815.65
Project 0459,2026-07-01,341.38,46123.4,34535.6
Project 0459,2026-08-01,296.67,53474.7,30250.74
Project 0460,2024-09-01,170.52,63806.93,47418.65
Project 0460,2024-10-01,203.5,70439.65,40549.74
Project 0460,2024-11-01,156.04,64617.67,46656.4
Project 0460,2024-12-01,175.91,58292.42,32686.31
Project 0460,2025-01-01,179.37,69814.73,45351.18
Project 0460,2025-02-01,181.95,57078.95,37829.46
Project 0460,2025-03-01,143.31,77669.96,57051.9
Project 0460,2025-04-01,157.53,66115.28,45163.96
Project 0460,2025-05-01,158.87,67011.58,45257.3
Project 0460,2025-06-01,196.02,65964.6,45371.47
Project 0460,2025-07-01,172.05,65953.91,37108.89
Project 0460,2025-08-01,160.18,66456.75,37258.94
Project 0460,2025-09-01,147.67,62548.42,41654.02
Project 0460,2025-10-01,204.33,66691.6,40250.16
Project 0460,2025-11-01,196.01,63532.25,47559.54
Project 0460,2025-12-01,182.5,76267.2,52287.99
Project 0460,2026-01-01,175.59,67367.11,45166.92
Project 0460,2026-02-01,163.16,63890.18,44156.72
Project 0460,2026-03-01,163.79,75497.42,52197.28
Project 0460,2026-04-01,164.92,65026.33,43842.19
Project 0460,2026-05-01,168.91,77109.87,54123.1
Project 0460,2026-06-01,205.25,62173.48,43645.59
Project 0460,2026-07-01,220.82,72954.91,42175.49
Project 0460,2026-08-01,191.34,63946.12,42722.09
Project 0461,2024-09-01,122.49,54411.22,37598.71
Project 0461,2024-10-01,123.46,53649.81,35287.44
Project 0461,2024-11-01,173.94,44906.47,25144.15
Project 0461,2024-12-01,126.41,43152.8,24296.9
Project 0461,2025-01-01,178.5,51207.26,33397.1
Project 0461,2025-02-01,142.73,44295.86,27555.27
Project 0461,2025-03-01,147.96,48573.27,33235.3
Project 0461,2025-04-01,164.48,46590.78,30719.85
Project 0461,2025-05-01,181.98,41419.94,24255.16
Project 0461,2025-06-01,183.89,48571.38,29116.92
Project 0461,2025-07-01,152.7,40952.47,24357.96
Project 0461,2025-08-01,174.99,50887.03,33190.76
Project 0461,2025-09-01,164.7,52004.98,37137.11
Project 0461,2025-10-01,185.83,52766.18,33835.9
Project 0461,2025-11-01,146.15,41450.98,29760.79
Project 0461,2025-12-01,169.46,42920.4,28204.38
Project 0461,2026-01-01,169.13,56541.16,38567.0
Project 0461,2026-02-01,181.2,56296.49,35296.96
Project 0461,2026-03-01,123.02,57023.48,40059.75
Project 0461,2026-04-01,152.52,46530.79,33369.55
Project 0461,2026-05-01,150.48,51863.19,30225.17
Project 0461,2026-06-01,141.96,57226.08,32632.16
Project 0461,2026-07-01,146.99,50569.75,33785.76
Project 0461,2026-08-01,145.11,44703.07,33281.51
Project 0462,2024-09-01,58.82,18872.82,13320.89
Project 0462,2024-10-01,49.88,14304.48,9949.92
Project 0462,2024-11-01,40.12,14920.68,9454.04
Project 0462,2024-12-01,40.84,15877.57,9750.78
Project 0462,2025-01-01,45.01,18760.16,12453.59
Project 0462,2025-02-01,58.77,16245.04,11058.16
Project 0462,2025-03-01,42.59,14315.43,9469.62
Project 0462,2025-04-01,48.23,13659.65,8602.88
Project 0462,2025-05-01,46.15,14537.43,8954.91
Project 0462,2025-06-01,57.51,13456.37,9977.75
Project 0462,2025-07-01,41.89,15081.74,11171.2
Project 0462,2025-08-01,59.43,17724.93,11028.01
Project 0462,2025-09-01,60.31,16222.67,10413.5
Project 0462,2025-10-01,55.23,17323.98,12428.62
Project 0462,2025-11-01,46.91,19099.15,11449.75
Project 0462,2025-12-01,58.65,13842.63,8423.74
Project 0462,2026-01-01,58.84,13678.08,8917.86
Project 0462,2026-02-01,51.85,18297.53,11211.74
Project 0462,2026-03-01,49.21,14147.63,7856.32
Project 0462,2026-04-01,49.0,16916.12,9782.67
Project 0462,2026-05-01,57.4,16493.1,12286.7
Project 0462,2026-06-01,42.29,16476.26,11733.42
Project 0462,2026-07-01,60.84,17462.76,11473.77
Project 0462,2026-08-01,61.04,15479.07,10180.41
Project 0463,2024-09-01,80.2,5447.65,2998.8
Project 0463,2024-10-01,83.53,7156.06,4092.98
Project 0463,2024-11-01,82.46,7334.3,4201.17
Project 0463,2024-12-01,92.77,5788.73,3595.36
Project 0463,2025-01-01,65.62,7353.43,4403.03
Project 0463,2025-02-01,86.26,7219.67,4413.85
Project 0463,2025-03-01,70.73,7625.46,5489.99
Project 0463,2025-04-01,67.48,7056.74,4664.67
Project 0463,2025-05-01,85.44,7610.98,4990.98
Project 0463,2025-06-01,91.57,6277.04,4598.63
Project 0463,2025-07-01,89.27,7193.01,4233.07
Project 0463,2025-08-01,64.58,7383.94,5179.63
Project 0463,2025-09-01,80.69,5909.1,4071.65
Project 0463,2025-10-01,95.15,7206.64,4370.96
Project 0463,2025-11-01,99.05,5940.94,3514.13
Project 0463,2025-12-01,97.48,6985.11,5094.32
Project 0463,2026-01-01,86.11,6459.15,4236.03
Project 0463,2026-02-01,68.33,6230.49,4427.88
Project 0463,2026-03-01,85.1,5624.06,3761.79
Project 0463,2026-04-01,68.0,6202.49,4403.32
Project 0463,2026-05-01,89.27,6503.32,3598.27
Project 0463,2026-06-01,69.46,5586.34,3199.67
Project 0463,2026-07-01,87.88,5863.75,3280.18
Project 0463,2026-08-01,64.26,5499.62,3792.15
Project 0464,2024-09-01,127.92,18993.69,13012.99
Project 0464,2024-10-01,106.03,19111.28,13716.35
Project 0464,2024-11-01,129.69,17742.07,12534.03
Project 0464,2024-12-01,106.19,16644.3,12179.76
Project 0464,2025-01-01,126.67,18787.34,13410.58
Project 0464,2025-02-01,117.79,15561.99,9042.41
Project 0464,2025-03-01,124.41,20351.29,14339.14
Project 0464,2025-04-01,142.27,15664.18,9612.23
Project 0464,2025-05-01,154.86,16643.15,10525.96
Project 0464,2025-06-01,107.58,19232.6,13622.93
Project 0464,2025-07-01,147.42,17315.99,12157.47
Project 0464,2025-08-01,123.44,16173.3,11235.4
Project 0464,2025-09-01,156.76,16947.77,10378.73
Project 0464,2025-10-01,111.6,18093.06,10485.56
Project 0464,2025-11-01,108.53,17238.85,10146.9
Project 0464,2025-12-01,128.51,18137.57,10696.43
Project 0464,2026-01-01,124.78,15926.51,11133.73
Project 0464,2026-02-01,162.71,18818.45,10876.64
Project 0464,2026-03-01,122.49,16780.44,9272.88
Project 0464,2026-04-01,132.45,21734.84,14047.87
Project 0464,2026-05-01,158.24,16447.53,11324.56
Project 0464,2026-06-01,158.55,18288.46,13370.54
Project 0464,2026-07-01,112.78,15718.05,8731.78
Project 0464,2026-08-01,118.73,19300.59,13876.85
Project 0465,2024-09-01,322.26,22487.68,14867.08
Project 0465,2024-10-01,264.24,25186.68,18614.94
Project 0465,2024-11-01,292.09,24132.35,14973.43
Project 0465,2024-12-01,259.99,26339.14,18889.69
Project 0465,2025-01-01,313.47,21984.21,16100.7
Project 0465,2025-02-01,283.45,22485.17,13852.41
Project 0465,2025-03-01,299.19,19127.0,10977.53
Project 0465,2025-04-01,261.46,21573.55,12516.99
Project 0465,2025-05-01,239.68,24128.69,17026.83
Project 0465,2025-06-01,253.71,20717.23,12818.7
Project 0465,2025-07-01,272.01,19928.37,11280.75
Project 0465,2025-08-01,260.26,22170.61,13693.74
Project 0465,2025-09-01,313.7,24079.36,14958.09
Project 0465,2025-10-01,279.5,20821.32,14731.99
Project 0465,2025-11-01,222.67,23947.77,15469.92
Project 0465,2025-12-01,261.91,26778.66,17088.63
Project 0465,2026-01-01,279.91,21028.83,12242.65
Project 0465,2026-02-01,306.57,20698.72,11956.77
Project 0465,2026-03-01,256.28,26248.91,17455.66
Project 0465,2026-04-01,277.46,21310.16,15572.62
Project 0465,2026-05-01,324.58,19240.45,12727.84
Project 0465,2026-06-01,224.89,24115.29,16935.69
Project 0465,2026-07-01,338.09,19724.27,14001.42
Project 0465,2026-08-01,333.02,22707.96,13257.24
Project 0466,2024-09-01,248.24,85854.58,48909.26
Project 0466,2024-10-01,247.65,73933.45,49727.96
Project 0466,2024-11-01,201.08,70982.66,42422.5
Project 0466,2024-12-01,199.73,84159.33,62486.71
Project 0466,2025-01-01,214.78,65383.93,36122.31
Project 0466,2025-02-01,186.61,83535.7,51914.58
Project 0466,2025-03-01,255.8,81947.54,58862.93
Project 0466,2025-04-01,267.79,83822.9,59019.69
Project 0466,2025-05-01,232.62,75134.07,41517.88
Project 0466,2025-06-01,198.92,78805.37,56404.11
Project 0466,2025-07-01,275.46,74384.35,44039.6
Project 0466,2025-08-01,231.21,78828.81,58046.49
Project 0466,2025-09-01,182.09,66844.83,44035.58
Project 0466,2025-10-01,207.48,73541.07,54957.8
Project 0466,2025-11-01,233.42,61703.0,37147.88
Project 0466,2025-12-01,275.52,59926.92,38732.12
Project 0466,2026-01-01,260.65,82331.89,58657.82
Project 0466,2026-02-01,266.27,71901.3,44827.19
Project 0466,2026-03-01,201.84,70574.98,45140.96
Project 0466,2026-04-01,233.8,85719.31,61393.84
Project 0466,2026-05-01,272.31,66775.39,36902.4
Project 0466,2026-06-01,266.48,84245.64,47470.0
Project 0466,2026-07-01,255.13,75721.47,47762.19
Project 0466,2026-08-01,259.57,62283.14,40066.72
Project 0467,2024-09-01,250.97,23056.18,15632.88
Project 0467,2024-10-01,350.25,21057.63,14827.74
Project 0467,2024-11-01,306.31,23596.12,16136.06
Project 0467,2024-12-01,312.9,29350.58,21993.44
Project 0467,2025-01-01,313.78,23615.68,13534.69
Project 0467,2025-02-01,315.13,25708.17,18503.78
Project 0467,2025-03-01,377.14,29689.12,17732.13
Project 0467,2025-04-01,279.07,23736.35,14002.92
Project 0467,2025-05-01,311.74,22033.03,15962.92
Project 0467,2025-06-01,361.49,26010.54,19297.19
Project 0467,2025-07-01,356.39,24140.63,13530.03
Project 0467,2025-08-01,291.97,25026.46,14789.89
Project 0467,2025-09-01,302.37,24640.4,17536.77
Project 0467,2025-10-01,331.76,28534.64,19308.75
Project 0467,2025-11-01,320.5,21671.63,13108.93
Project 0467,2025-12-01,254.27,23341.22,15806.06
Project 0467,2026-01-01,271.57,25955.73,15641.11
Project 0467,2026-02-01,350.5,27667.04,17945.31
Project 0467,2026-03-01,248.87,22022.78,13308.23
Project 0467,2026-04-01,324.02,27288.8,18928.1
Project 0467,2026-05-01,345.23,24942.11,16116.62
Project 0467,2026-06-01,252.22,21434.94,15353.86
Project 0467,2026-07-01,279.68,26370.15,18496.95
Project 0467,2026-08-01,330.14,21902.77,16381.02
Project 0468,2024-09-01,72.02,9735.63,6265.53
Project 0468,2024-10-01,67.63,11704.72,7607.3
Project 0468,2024-11-01,75.8,9468.43,6556.7
Project 0468,2024-12-01,94.4,12089.24,6806.6
Project 0468,2025-01-01,83.07,12280.69,7921.81
Project 0468,2025-02-01,99.24,10813.5,7418.0
Project 0468,2025-03-01,98.38,11134.6,7917.51
Project 0468,2025-04-01,84.85,9156.16,5113.25
Project 0468,2025-05-01,97.22,10363.82,7656.9
Project 0468,2025-06-01,67.43,10103.54,6369.95
Project 0468,2025-07-01,92.39,10475.47,6798.7
Project 0468,2025-08-01,75.36,10730.19,7679.56
Project 0468,2025-09-01,68.7,10128.81,6714.61
Project 0468,2025-10-01,93.74,10404.44,5890.73
Project 0468,2025-11-01,73.73,12998.33,8077.31
Project 0468,2025-12-01,100.5,11058.38,7680.13
Project 0468,2026-01-01,83.31,9714.88,6398.05
Project 0468,2026-02-01,88.38,11942.4,7660.65
Project 0468,2026-03-01,81.01,12195.89,9115.63
Project 0468,2026-04-01,93.54,12924.29,9389.78
Project 0468,2026-05-01,88.75,10707.52,6473.03
Project 0468,2026-06-01,84.55,12675.9,8330.97
Project 0468,2026-07-01,96.97,12591.68,7735.68
Project 0468,2026-08-01,72.79,9485.45,5860.29
Project 0469,2024-09-01,215.79,93012.77,59194.54
Project 0469,2024-10-01,237.82,85853.18,60740.84
Project 0469,2024-11-01,256.17,99818.68,58602.26
Project 0469,2024-12-01,320.21,113151.35,73971.06
Project 0469,2025-01-01,267.25,115125.56,65788.33
Project 0469,2025-02-01,226.66,82665.03,55760.14
Project 0469,2025-03-01,289.4,93573.3,60971.91
Project 0469,2025-04-01,237.55,94007.93,53228.11
Project 0469,2025-05-01,309.99,110139.87,72503.99
Project 0469,2025-06-01,242.97,87692.77,64982.89
Project 0469,2025-07-01,218.02,90164.23,59509.28
Project 0469,2025-08-01,326.7,91455.61,60813.73
Project 0469,2025-09-01,305.96,116724.47,81078.8
Project 0469,2025-10-01,284.16,111862.04,61772.93
Project 0469,2025-11-01,237.59,96142.16,61229.34
Project 0469,2025-12-01,226.59,98945.28,54883.59
Project 0469,2026-01-01,314.63,87014.49,61012.03
Project 0469,2026-02-01,244.51,110732.26,66131.5
Project 0469,2026-03-01,268.15,83394.94,52245.41
Project 0469,2026-04-01,293.45,112060.25,64866.88
Project 0469,2026-05-01,304.16,117490.56,81544.03
Project 0469,2026-06-01,320.39,89829.47,57920.62
Project 0469,2026-07-01,290.18,92738.69,54933.8
Project 0469,2026-08-01,314.26,114633.43,73707.26
Project 0470,2024-09-01,35.64,8766.97,5083.33
Project 0470,2024-10-01,35.43,9047.33,5014.28
Project 0470,2024-11-01,30.89,10802.85,7813.94
Project 0470,2024-12-01,36.21,8170.81,5763.12
Project 0470,2025-01-01,38.99,8934.4,6202.02
Project 0470,2025-02-01,33.55,10350.13,7317.67
Project 0470,2025-03-01,37.13,10316.81,7364.47
Project 0470,2025-04-01,31.46,8958.08,5619.31
Project 0470,2025-05-01,33.12,8350.91,5271.55
Project 0470,2025-06-01,31.8,9844.63,7200.05
Project 0470,2025-07-01,41.28,9101.25,5815.61
Project 0470,2025-08-01,29.53,10634.45,7007.33
Project 0470,2025-09-01,38.34,11493.56,8207.07
Project 0470,2025-10-01,40.46,9016.25,5592.34
Project 0470,2025-11-01,30.75,9809.3,6347.99
Project 0470,2025-12-01,37.64,9917.71,7177.71
Project 0470,2026-01-01,43.38,9171.25,6599.06
Project 0470,2026-02-01,31.36,9518.45,5371.25
Project 0470,2026-03-01,41.8,8921.71,5428.02
Project 0470,2026-04-01,28.13,8580.48,5230.11
Project 0470,2026-05-01,29.39,8857.23,6556.28
Project 0470,2026-06-01,27.86,9039.45,6678.84
Project 0470,2026-07-01,29.08,10140.08,5640.77
Project 0470,2026-08-01,37.15,8473.81,4765.45
Project 0471,2024-09-01,348.53,43469.92,25191.48
Project 0471,2024-10-01,393.69,42255.81,30309.99
Project 0471,2024-11-01,328.97,45834.29,28823.12
Project 0471,2024-12-01,364.79,41692.25,27552.73
Project 0471,2025-01-01,394.56,46463.21,31506.83
Project 0471,2025-02-01,312.79,44002.47,25932.89
Project 0471,2025-03-01,329.32,40515.83,22566.15
Project 0471,2025-04-01,378.94,42063.46,31350.94
Project 0471,2025-05-01,278.82,47847.72,27799.65
Project 0471,2025-06-01,286.57,40806.93,27960.86
Project 0471,2025-07-01,318.24,36103.99,21881.59
Project 0471,2025-08-01,369.49,43885.18,32242.99
Project 0471,2025-09-01,304.81,49497.4,35696.02
Project 0471,2025-10-01,354.29,43832.78,31569.51
Project 0471,2025-11-01,391.3,36797.88,24267.45
Project 0471,2025-12-01,303.01,39934.0,27961.79
Project 0471,2026-01-01,359.69,45153.35,27119.06
Project 0471,2026-02-01,358.58,37408.43,22807.77
Project 0471,2026-03-01,285.0,38204.15,22146.19
Project 0471,2026-04-01,291.72,41317.26,30110.9
Project 0471,2026-05-01,361.78,45312.97,28579.89
Project 0471,2026-06-01,326.52,43958.39,25649.29
Project 0471,2026-07-01,353.02,35544.91,20411.11
Project 0471,2026-08-01,317.97,35689.54,24897.21
Project 0472,2024-09-01,385.48,133523.96,78758.14
Project 0472,2024-10-01,369.27,142998.94,83145.68
Project 0472,2024-11-01,330.45,136664.84,76984.57
Project 0472,2024-12-01,320.89,105686.56,69341.1
Project 0472,2025-01-01,288.83,141332.09,91133.88
Project 0472,2025-02-01,339.18,109788.9,80350.5
Project 0472,2025-03-01,332.08,124732.56,87316.02
Project 0472,2025-04-01,390.2,106367.25,70790.25
Project 0472,2025-05-01,377.47,129915.08,87953.49
Project 0472,2025-06-01,364.34,127943.46,71705.57
Project 0472,2025-07-01,398.62,116622.11,70158.36
Project 0472,2025-08-01,282.91,123618.1,75982.47
Project 0472,2025-09-01,351.63,131260.15,83069.73
Project 0472,2025-10-01,371.01,140920.48,85057.45
Project 0472,2025-11-01,386.15,120260.57,66683.62
Project 0472,2025-12-01,291.22,125332.11,70532.4
Project 0472,2026-01-01,377.07,139818.26,82081.53
Project 0472,2026-02-01,278.65,136499.83,88074.1
Project 0472,2026-03-01,335.57,131640.15,94801.46
Project 0472,2026-04-01,320.6,126880.04,93260.94
Project 0472,2026-05-01,328.9,101501.2,69239.69
Project 0472,2026-06-01,336.65,136461.01,99221.28
Project 0472,2026-07-01,303.73,118548.36,88290.37
Project 0472,2026-08-01,319.69,129078.93,93664.57
Project 0473,2024-09-01,251.37,81351.59,56596.92
Project 0473,2024-10-01,236.11,82864.54,52524.64
Project 0473,2024-11-01,236.56,87550.04,51931.56
Project 0473,2024-12-01,187.84,76926.75,53438.22
Project 0473,2025-01-01,195.98,66113.31,48875.67
Project 0473,2025-02-01,227.82,83803.44,50107.35
Project 0473,2025-03-01,286.18,85747.19,55878.94
Project 0473,2025-04-01,209.8,78529.04,52445.63
Project 0473,2025-05-01,273.23,73610.93,46037.94
Project 0473,2025-06-01,205.63,80411.66,45684.64
Project 0473,2025-07-01,227.97,63739.49,37141.37
Project 0473,2025-08-01,268.26,89857.24,61882.4
Project 0473,2025-09-01,211.88,84646.38,61440.81
Project 0473,2025-10-01,214.73,89916.32,67161.18
Project 0473,2025-11-01,185.45,71413.25,44522.08
Project 0473,2025-12-01,251.08,89967.8,61996.32
Project 0473,2026-01-01,199.58,69164.91,50289.95
Project 0473,2026-02-01,184.65,73961.53,45031.42
Project 0473,2026-03-01,247.77,67997.16,47681.29
Project 0473,2026-04-01,203.79,76266.23,42830.58
Project 0473,2026-05-01,269.06,71225.2,45149.85
Project 0473,2026-06-01,186.4,69545.91,45150.07
Project 0473,2026-07-01,204.25,81399.32,53514.99
Project 0473,2026-08-01,258.32,74162.85,53554.55
Project 0474,2024-09-01,35.4,3856.74,2666.51
Project 0474,2024-10-01,33.88,3455.28,2242.22
Project 0474,2024-11-01,27.65,4806.37,3211.82
Project 0474,2024-12-01,26.95,4822.27,3107.42
Project 0474,2025-01-01,32.55,4519.34,3243.71
Project 0474,2025-02-01,27.59,4173.2,2741.86
Project 0474,2025-03-01,25.69,3920.57,2591.47
Project 0474,2025-04-01,23.82,3471.97,1954.42
Project 0474,2025-05-01,28.76,4400.51,2855.15
Project 0474,2025-06-01,26.72,3910.81,2431.2
Project 0474,2025-07-01,32.38,3687.65,2103.24
Project 0474,2025-08-01,29.69,4168.89,2544.63
Project 0474,2025-09-01,32.71,3552.16,2358.3
Project 0474,2025-10-01,26.47,4604.1,3261.14
Project 0474,2025-11-01,24.83,3834.27,2212.31
Project 0474,2025-12-01,32.43,3728.82,2232.79
Project 0474,2026-01-01,26.75,4298.26,2678.01
Project 0474,2026-02-01,30.0,4723.46,3164.96
Project 0474,2026-03-01,25.09,3681.55,2329.08
Project 0474,2026-04-01,26.55,4672.39,3150.77
Project 0474,2026-05-01,35.79,4697.24,3517.1
Project 0474,2026-06-01,24.33,4534.9,3284.59
Project 0474,2026-07-01,30.76,4717.38,2658.18
Project 0474,2026-08-01,26.14,4109.04,2623.3
Project 0475,2024-09-01,284.95,18624.89,13149.15
Project 0475,2024-10-01,266.47,17092.72,12599.69
Project 0475,2024-11-01,294.38,18049.76,12326.25
Project 0475,2024-12-01,313.94,18107.32,11250.03
Project 0475,2025-01-01,251.03,16790.55,11804.42
Project 0475,2025-02-01,248.4,19517.78,11290.44
Project 0475,2025-03-01,322.29,17201.53,10161.57
Project 0475,2025-04-01,238.25,16940.98,12443.76
Project 0475,2025-05-01,274.48,17553.08,9683.19
Project 0475,2025-06-01,242.38,18183.4,11868.0
Project 0475,2025-07-01,276.07,17430.24,12457.53
Project 0475,2025-08-01,236.46,15993.81,11342.2
Project 0475,2025-09-01,232.86,18591.43,10228.4
Project 0475,2025-10-01,224.79,18264.81,13541.52
Project 0475,2025-11-01,306.41,17884.07,12717.8
Project 0475,2025-12-01,257.93,17595.65,11425.91
Project 0475,2026-01-01,281.75,19112.89,11298.46
Project 0475,2026-02-01,253.96,17914.69,10072.7
Project 0475,2026-03-01,233.09,16503.29,11844.69
Project 0475,2026-04-01,248.77,14793.74,10194.34
Project 0475,2026-05-01,245.79,19697.06,13222.4
Project 0475,2026-06-01,230.18,16456.14,10122.89
Project 0475,2026-07-01,290.7,18078.96,11283.46
Project 0475,2026-08-01,222.72,15087.87,10750.45
Project 0476,2024-09-01,299.51,23311.68,15097.83
Project 0476,2024-10-01,237.04,21757.4,12699.1
Project 0476,2024-11-01,331.39,19350.82,13819.94
Project 0476,2024-12-01,237.43,23096.38,14262.75
Project 0476,2025-01-01,269.25,20912.39,13266.81
Project 0476,2025-02-01,298.64,25539.59,14462.58
Project 0476,2025-03-01,227.59,20985.13,12714.28
Project 0476,2025-04-01,296.76,25735.82,14195.12
Project 0476,2025-05-01,264.54,20738.49,13905.16
Project 0476,2025-06-01,219.95,22093.77,14429.65
Project 0476,2025-07-01,274.27,19163.2,11482.85
Project 0476,2025-08-01,246.32,19273.72,10984.56
Project 0476,2025-09-01,316.3,20382.52,12462.57
Project 0476,2025-10-01,274.34,21859.74,12802.34
Project 0476,2025-11-01,314.61,21634.18,12247.23
Project 0476,2025-12-01,316.81,25449.69,18353.45
Project 0476,2026-01-01,270.05,19704.82,13265.9
Project 0476,2026-02-01,278.82,18922.79,13586.73
Project 0476,2026-03-01,245.16,25558.63,15533.2
Project 0476,2026-04-01,230.06,20277.4,12899.32
Project 0476,2026-05-01,297.58,24352.31,17778.74
Project 0476,2026-06-01,280.68,20951.7,14735.48
Project 0476,2026-07-01,316.88,25254.2,16241.06
Project 0476,2026-08-01,265.19,25323.08,18500.19
Project 0477,2024-09-01,153.13,15610.12,11488.01
Project 0477,2024-10-01,206.47,12885.81,8672.43
Project 0477,2024-11-01,144.41,15051.53,8476.24
Project 0477,2024-12-01,162.08,16585.51,11922.9
Project 0477,2025-01-01,182.84,15240.62,10470.95
Project 0477,2025-02-01,167.95,12105.6,8127.88
Project 0477,2025-03-01,191.42,16071.86,9652.14
Project 0477,2025-04-01,185.86,16670.05,10839.92
Project 0477,2025-05-01,182.73,15632.59,10817.72
Project 0477,2025-06-01,149.81,14795.45,9745.34
Project 0477,2025-07-01,180.21,13092.93,7529.75
Project 0477,2025-08-01,198.73,12832.3,8097.88
Project 0477,2025-09-01,174.58,15084.2,9324.14
Project 0477,2025-10-01,199.11,14173.85,8593.89
Project 0477,2025-11-01,151.65,13798.05,8558.07
Project 0477,2025-12-01,196.94,16161.29,10096.33
Project 0477,2026-01-01,168.53,12324.8,8680.9
Project 0477,2026-02-01,193.8,11873.25,8144.83
Project 0477,2026-03-01,185.28,11979.51,7304.28
Project 0477,2026-04-01,165.81,12553.6,7420.15
Project 0477,2026-05-01,193.55,15852.66,11828.47
Project 0477,2026-06-01,142.84,14372.11,8961.78
Project 0477,2026-07-01,166.74,15924.43,10209.71
Project 0477,2026-08-01,154.2,13749.76,7763.65
Project 0478,2024-09-01,334.36,58024.76,34761.91
Project 0478,2024-10-01,373.89,67251.57,44655.93
Project 0478,2024-11-01,382.27,55774.58,34965.97
Project 0478,2024-12-01,359.93,74437.36,42198.76
Project 0478,2025-01-01,387.91,53993.54,34021.45
Project 0478,2025-02-01,347.52,60552.43,34180.55
Project 0478,2025-03-01,326.57,62999.0,44731.67
Project 0478,2025-04-01,396.42,57890.51,37633.49
Project 0478,2025-05-01,430.16,55703.27,38816.37
Project 0478,2025-06-01,368.81,59895.98,43723.29
Project 0478,2025-07-01,392.44,75676.03,52635.26
Project 0478,2025-08-01,433.34,60302.23,36102.72
Project 0478,2025-09-01,431.38,55880.16,32442.29
Project 0478,2025-10-01,350.85,66048.82,47531.45
Project 0478,2025-11-01,356.22,63108.98,35261.99
Project 0478,2025-12-01,408.54,58666.52,37879.34
Project 0478,2026-01-01,335.14,59209.86,35941.52
Project 0478,2026-02-01,284.93,66863.04,39783.1
Project 0478,2026-03-01,423.6,62128.03,41915.03
Project 0478,2026-04-01,306.97,65640.39,43425.75
Project 0478,2026-05-01,366.36,75633.75,44091.06
Project 0478,2026-06-01,355.69,77236.18,47416.14
Project 0478,2026-07-01,318.5,65619.74,36489.47
Project 0478,2026-08-01,344.63,74704.69,52336.51
Project 0479,2024-09-01,250.25,35919.49,24724.22
Project 0479,2024-10-01,238.06,35610.53,21864.15
Project 0479,2024-11-01,191.06,35369.49,20971.33
Project 0479,2024-12-01,265.96,28971.64,21171.9
Project 0479,2025-01-01,213.86,30190.53,18737.51
Project 0479,2025-02-01,200.4,32448.73,21399.49
Project 0479,2025-03-01,258.16,31697.65,21262.13
Project 0479,2025-04-01,256.16,26277.28,14566.79
Project 0479,2025-05-01,227.61,29512.52,16920.3
Project 0479,2025-06-01,191.28,25316.71,16183.96
Project 0479,2025-07-01,191.05,27858.75,16750.94
Project 0479,2025-08-01,261.76,31040.12,19629.78
Project 0479,2025-09-01,246.49,31970.11,23314.62
Project 0479,2025-10-01,233.85,27186.45,18387.99
Project 0479,2025-11-01,231.11,30939.76,23040.58
Project 0479,2025-12-01,248.03,35597.0,22707.87
Project 0479,2026-01-01,237.68,33538.73,25124.33
Project 0479,2026-02-01,190.97,32772.86,20659.42
Project 0479,2026-03-01,272.29,33261.72,23704.76
Project 0479,2026-04-01,235.18,35985.47,20800.08
Project 0479,2026-05-01,191.24,32401.26,24129.37
Project 0479,2026-06-01,286.97,33573.48,20998.55
Project 0479,2026-07-01,238.56,25382.21,14575.4
Project 0479,2026-08-01,236.07,32703.27,22914.84
Project 0480,2024-09-01,153.72,6047.07,4113.0
Project 0480,2024-10-01,114.94,7681.91,4303.67
Project 0480,2024-11-01,124.47,7361.2,4683.56
Project 0480,2024-12-01,130.57,7536.31,4594.16
Project 0480,2025-01-01,130.7,5503.62,3747.91
Project 0480,2025-02-01,147.08,5995.69,3871.13
Project 0480,2025-03-01,113.94,7377.76,5174.88
Project 0480,2025-04-01,148.49,7552.47,4767.02
Project 0480,2025-05-01,110.16,5904.82,4006.27
Project 0480,2025-06-01,154.26,5699.24,4229.68
Project 0480,2025-07-01,126.71,5682.66,4190.71
Project 0480,2025-08-01,136.21,6468.63,4524.82
Project 0480,2025-09-01,162.66,5858.07,4136.83
Project 0480,2025-10-01,110.92,5742.7,4232.32
Project 0480,2025-11-01,106.6,6971.59,4032.35
Project 0480,2025-12-01,162.36,5476.24,3557.2
Project 0480,2026-01-01,161.26,6448.55,4197.53
Project 0480,2026-02-01,162.95,6579.04,3765.1
Project 0480,2026-03-01,114.17,7677.32,4948.66
Project 0480,2026-04-01,161.24,6156.29,3983.74
Project 0480,2026-05-01,117.51,5418.01,3446.73
Project 0480,2026-06-01,137.79,6951.32,5004.82
Project 0480,2026-07-01,139.49,7308.13,4854.52
Project 0480,2026-08-01,161.39,6016.78,3401.71
Project 0481,2024-09-01,326.11,40484.46,29923.38
Project 0481,2024-10-01,357.9,42061.43,24015.39
Project 0481,2024-11-01,279.47,42514.97,30149.04
Project 0481,2024-12-01,301.0,41208.28,23198.46
Project 0481,2025-01-01,247.65,41102.87,25069.15
Project 0481,2025-02-01,281.96,36407.73,21679.99
Project 0481,2025-03-01,256.79,38796.56,24749.16
Project 0481,2025-04-01,349.89,42001.77,27627.3
Project 0481,2025-05-01,336.26,37945.11,23125.62
Project 0481,2025-06-01,289.09,45907.54,29965.46
Project 0481,2025-07-01,365.98,42095.02,24445.97
Project 0481,2025-08-01,312.73,48656.45,36430.92
Project 0481,2025-09-01,325.5,43142.05,30195.76
Project 0481,2025-10-01,301.32,46894.36,32156.35
Project 0481,2025-11-01,291.78,43772.01,31260.2
Project 0481,2025-12-01,259.32,37397.18,26076.59
Project 0481,2026-01-01,279.69,44113.09,29865.71
Project 0481,2026-02-01,266.06,46122.6,30730.51
Project 0481,2026-03-01,292.34,46937.78,31182.99
Project 0481,2026-04-01,349.05,35678.16,25303.85
Project 0481,2026-05-01,252.85,41378.19,28223.23
Project 0481,2026-06-01,361.09,43139.66,26140.98
Project 0481,2026-07-01,271.17,34980.83,22233.16
Project 0481,2026-08-01,369.24,36838.76,21899.84
Project 0482,2024-09-01,131.44,39432.4,26065.99
Project 0482,2024-10-01,136.06,42822.95,26166.76
Project 0482,2024-11-01,157.55,33351.09,24924.77
Project 0482,2024-12-01,147.41,33763.8,21985.32
Project 0482,2025-01-01,161.86,39708.13,24032.05
Project 0482,2025-02-01,130.47,40258.49,27396.18
Project 0482,2025-03-01,146.6,35823.78,22121.2
Project 0482,2025-04-01,146.63,36910.9,20616.26
Project 0482,2025-05-01,136.93,34778.46,19643.81
Project 0482,2025-06-01,152.86,39768.98,23172.01
Project 0482,2025-07-01,142.89,40172.23,25395.91
Project 0482,2025-08-01,161.3,32608.28,20960.67
Project 0482,2025-09-01,147.18,32856.5,22065.76
Project 0482,2025-10-01,163.76,41273.08,23070.55
Project 0482,2025-11-01,163.34,40250.1,26470.33
Project 0482,2025-12-01,130.66,39935.91,24814.37
Project 0482,2026-01-01,163.28,39679.85,22551.38
Project 0482,2026-02-01,160.45,36029.62,20629.1
Project 0482,2026-03-01,130.01,39074.12,24436.11
Project 0482,2026-04-01,114.87,33199.74,21687.97
Project 0482,2026-05-01,133.67,35435.06,20877.9
Project 0482,2026-06-01,163.78,35072.68,21871.82
Project 0482,2026-07-01,105.54,35904.38,22482.07
Project 0482,2026-08-01,135.11,40570.45,27645.07
Project 0483,2024-09-01,74.9,29866.39,18410.5
Project 0483,2024-10-01,92.76,31313.13,21449.25
Project 0483,2024-11-01,78.46,27802.92,19905.86
Project 0483,2024-12-01,97.08,27972.32,17517.64
Project 0483,2025-01-01,110.68,33761.7,22950.72
Project 0483,2025-02-01,104.58,30345.54,19823.11
Project 0483,2025-03-01,87.31,33154.89,18446.7
Project 0483,2025-04-01,99.77,33754.73,22013.26
Project 0483,2025-05-01,106.44,33947.06,19407.03
Project 0483,2025-06-01,92.36,30579.3,21567.42
Project 0483,2025-07-01,70.97,27178.62,15956.02
Project 0483,2025-08-01,82.41,26234.72,16372.53
Project 0483,2025-09-01,73.64,31442.61,20353.1
Project 0483,2025-10-01,95.5,29257.89,17909.03
Project 0483,2025-11-01,90.17,26748.01,18240.05
Project 0483,2025-12-01,82.49,24486.74,17323.44
Project 0483,2026-01-01,109.06,29106.01,21058.44
Project 0483,2026-02-01,99.96,27632.32,16713.73
Project 0483,2026-03-01,106.21,25860.17,16034.6
Project 0483,2026-04-01,109.59,26155.67,14547.94
Project 0483,2026-05-01,72.19,27873.53,18140.65
Project 0483,2026-06-01,99.73,28233.7,20915.72
Project 0483,2026-07-01,82.16,29479.03,21355.64
Project 0483,2026-08-01,92.98,30370.64,17849.28
Project 0484,2024-09-01,91.04,10055.46,6592.45
Project 0484,2024-10-01,74.49,10429.36,6186.87
Project 0484,2024-11-01,74.35,10152.74,6485.91
Project 0484,2024-12-01,99.38,13382.28,9178.68
Project 0484,2025-01-01,72.5,11014.38,7050.63
Project 0484,2025-02-01,111.04,11510.12,6496.36
Project 0484,2025-03-01,87.91,13236.07,9476.02
Project 0484,2025-04-01,105.82,12019.24,7732.81
Project 0484,2025-05-01,111.71,11617.04,7246.38
Project 0484,2025-06-01,74.8,13360.91,7515.91
Project 0484,2025-07-01,96.15,11773.72,7908.49
Project 0484,2025-08-01,100.72,10037.28,5781.32
Project 0484,2025-09-01,85.77,14009.48,8437.75
Project 0484,2025-10-01,110.63,11139.0,7202.12
Project 0484,2025-11-01,95.34,11758.9,8656.34
Project 0484,2025-12-01,79.49,11212.8,7502.46
Project 0484,2026-01-01,74.59,12005.26,7856.09
Project 0484,2026-02-01,100.62,12311.05,9222.31
Project 0484,2026-03-01,93.05,11702.28,6611.8
Project 0484,2026-04-01,76.08,13474.54,9927.58
Project 0484,2026-05-01,85.94,11386.39,7010.85
Project 0484,2026-06-01,112.39,13988.49,10416.5
Project 0484,2026-07-01,76.61,12926.44,8108.4
Project 0484,2026-08-01,101.2,11130.54,7218.5
Project 0485,2024-09-01,85.83,7435.48,5253.71
Project 0485,2024-10-01,118.07,8295.16,5975.73
Project 0485,2024-11-01,86.39,7081.28,5297.46
Project 0485,2024-12-01,94.81,6006.73,3366.7
Project 0485,2025-01-01,113.86,7457.14,4414.14
Project 0485,2025-02-01,129.98,8306.95,5033.69
Project 0485,2025-03-01,127.14,7544.01,4692.07
Project 0485,2025-04-01,97.9,6505.68,4645.65
Project 0485,2025-05-01,120.31,7042.39,4789.25
Project 0485,2025-06-01,95.55,6640.55,3819.36
Project 0485,2025-07-01,89.37,5917.19,3557.71
Project 0485,2025-08-01,92.96,7684.24,5030.71
Project 0485,2025-09-01,110.38,6484.03,4538.83
Project 0485,2025-10-01,102.38,6537.44,4540.91
Project 0485,2025-11-01,90.01,7255.72,5090.84
Project 0485,2025-12-01,104.19,6566.8,3933.74
Project 0485,2026-01-01,119.94,7248.08,5150.8
Project 0485,2026-02-01,102.93,8218.48,6053.1
Project 0485,2026-03-01,104.41,7436.64,5409.85
Project 0485,2026-04-01,107.57,7341.01,4054.44
Project 0485,2026-05-01,89.17,7694.26,4677.17
Project 0485,2026-06-01,92.97,8319.86,5094.72
Project 0485,2026-07-01,101.88,8244.65,5076.52
Project 0485,2026-08-01,91.81,7516.06,5596.08
Project 0486,2024-09-01,305.47,45886.91,27877.35
Project 0486,2024-10-01,217.75,45893.18,26336.45
Project 0486,2024-11-01,280.31,50312.02,35880.96
Project 0486,2024-12-01,253.72,42037.69,24803.57
Project 0486,2025-01-01,253.5,47371.62,29410.95
Project 0486,2025-02-01,302.85,46507.12,31994.16
Project 0486,2025-03-01,228.46,47077.6,30772.56
Project 0486,2025-04-01,225.7,57423.88,40231.51
Project 0486,2025-05-01,281.72,51699.19,38098.76
Project 0486,2025-06-01,240.19,58088.56,41341.36
Project 0486,2025-07-01,260.07,52083.03,35579.18
Project 0486,2025-08-01,273.08,58089.03,42870.63
Project 0486,2025-09-01,268.99,52478.83,35624.42
Project 0486,2025-10-01,261.62,51755.85,34287.84
Project 0486,2025-11-01,311.87,53560.47,32718.28
Project 0486,2025-12-01,277.22,41221.15,26705.4
Project 0486,2026-01-01,287.01,41929.88,30955.99
Project 0486,2026-02-01,318.56,48166.43,34324.37
Project 0486,2026-03-01,305.66,43856.53,28653.28
Project 0486,2026-04-01,233.64,57419.95,33017.01
Project 0486,2026-05-01,218.0,45282.27,27804.04
Project 0486,2026-06-01,260.96,46030.02,29578.68
Project 0486,2026-07-01,285.43,43551.97,25900.95
Project 0486,2026-08-01,296.2,43143.56,23925.13
Project 0487,2024-09-01,279.87,72905.37,52970.02
Project 0487,2024-10-01,267.48,85433.85,56394.05
Project 0487,2024-11-01,286.98,70899.84,43412.52
Project 0487,2024-12-01,267.08,85198.41,57904.82
Project 0487,2025-01-01,324.73,87876.18,64176.22
Project 0487,2025-02-01,348.59,87695.72,56227.7
Project 0487,2025-03-01,393.89,83049.67,56972.66
Project 0487,2025-04-01,379.68,68544.4,50743.88
Project 0487,2025-05-01,361.59,74056.58,48405.84
Project 0487,2025-06-01,310.22,65863.47,38382.98
Project 0487,2025-07-01,344.53,81289.17,45254.24
Project 0487,2025-08-01,297.06,64478.96,45068.98
Project 0487,2025-09-01,288.79,66270.75,48478.73
Project 0487,2025-10-01,350.25,77788.61,49874.42
Project 0487,2025-11-01,295.34,71021.13,47431.03
Project 0487,2025-12-01,318.07,75723.97,52164.5
Project 0487,2026-01-01,263.96,73888.44,53047.03
Project 0487,2026-02-01,398.35,71532.94,51926.6
Project 0487,2026-03-01,401.17,69212.15,49882.04
Project 0487,2026-04-01,358.69,89844.25,66138.43
Project 0487,2026-05-01,384.86,81742.95,54938.28
Project 0487,2026-06-01,335.07,88310.31,61579.99
Project 0487,2026-07-01,320.93,87974.81,48850.69
Project 0487,2026-08-01,402.12,65891.98,47748.0
Project 0488,2024-09-01,118.01,13448.81,7896.08
Project 0488,2024-10-01,102.37,11639.93,7291.53
Project 0488,2024-11-01,108.14,12751.15,7395.7
Project 0488,2024-12-01,91.83,14881.68,11121.79
Project 0488,2025-01-01,104.32,15028.83,8955.52
Project 0488,2025-02-01,77.62,15746.06,9363.71
Project 0488,2025-03-01,118.26,11279.61,8169.71
Project 0488,2025-04-01,107.31,15725.09,8735.05
Project 0488,2025-05-01,94.51,15625.01,9744.39
Project 0488,2025-06-01,88.67,12480.94,8863.04
Project 0488,2025-07-01,85.85,12346.16,8513.96
Project 0488,2025-08-01,76.75,12497.12,9202.29
Project 0488,2025-09-01,109.46,12623.88,8127.22
Project 0488,2025-10-01,105.0,11752.18,7007.97
Project 0488,2025-11-01,77.59,12499.33,6915.64
Project 0488,2025-12-01,78.7,13595.49,8046.95
Project 0488,2026-01-01,79.79,15587.64,9479.75
Project 0488,2026-02-01,114.68,14629.52,8181.45
Project 0488,2026-03-01,93.07,12001.62,7467.4
Project 0488,2026-04-01,86.73,12502.28,7548.02
Project 0488,2026-05-01,83.29,11749.01,7887.74
Project 0488,2026-06-01,93.58,12520.08,7917.62
Project 0488,2026-07-01,111.86,11633.96,8623.93
Project 0488,2026-08-01,89.0,12380.94,8525.9
Project 0489,2024-09-01,59.35,2774.49,1592.88
Project 0489,2024-10-01,45.59,3538.34,2174.85
Project 0489,2024-11-01,53.52,2845.14,2017.2
Project 0489,2024-12-01,46.49,3794.16,2558.16
Project 0489,2025-01-01,51.54,3166.58,1844.81
Project 0489,2025-02-01,58.05,3362.11,2429.9
Project 0489,2025-03-01,44.35,3246.77,2329.03
Project 0489,2025-04-01,47.51,3851.83,2830.61
Project 0489,2025-05-01,47.92,3833.11,2657.33
Project 0489,2025-06-01,55.21,3361.33,1952.36
Project 0489,2025-07-01,40.49,3109.98,2091.91
Project 0489,2025-08-01,51.6,3766.55,2124.58
Project 0489,2025-09-01,42.05,3770.87,2739.87
Project 0489,2025-10-01,53.3,3517.43,2347.43
Project 0489,2025-11-01,50.27,2833.77,1670.05
Project 0489,2025-12-01,49.07,3350.42,2298.17
Project 0489,2026-01-01,47.15,3831.98,2580.23
Project 0489,2026-02-01,41.16,3693.52,2622.58
Project 0489,2026-03-01,51.15,2960.73,2215.51
Project 0489,2026-04-01,46.14,3833.8,2209.62
Project 0489,2026-05-01,59.04,3780.02,2544.73
Project 0489,2026-06-01,55.86,2718.0,1582.34
Project 0489,2026-07-01,48.8,3785.69,2547.86
Project 0489,2026-08-01,49.69,3009.57,2109.49
Project 0490,2024-09-01,97.65,23303.77,16140.32
Project 0490,2024-10-01,88.62,19825.01,13332.71
Project 0490,2024-11-01,77.93,22371.55,12585.73
Project 0490,2024-12-01,78.46,22919.03,16964.95
Project 0490,2025-01-01,83.1,24831.99,17405.3
Project 0490,2025-02-01,83.87,25709.49,14529.76
Project 0490,2025-03-01,69.19,25724.43,18508.77
Project 0490,2025-04-01,89.8,21979.41,15343.41
Project 0490,2025-05-01,80.26,19471.25,13061.87
Project 0490,2025-06-01,92.79,26291.51,19172.51
Project 0490,2025-07-01,68.5,19870.0,13764.05
Project 0490,2025-08-01,83.91,22519.45,15107.47
Project 0490,2025-09-01,68.33,27447.56,15693.94
Project 0490,2025-10-01,66.57,26133.52,16727.83
Project 0490,2025-11-01,73.14,25670.47,15078.88
Project 0490,2025-12-01,71.44,21778.86,14934.0
Project 0490,2026-01-01,74.33,20855.05,13868.34
Project 0490,2026-02-01,100.16,27291.51,19729.01
Project 0490,2026-03-01,77.0,23630.19,16332.08
Project 0490,2026-04-01,95.05,22444.36,12417.08
Project 0490,2026-05-01,78.48,23618.58,14166.65
Project 0490,2026-06-01,90.55,24728.48,13783.99
Project 0490,2026-07-01,79.41,27126.72,19896.95
Project 0490,2026-08-01,90.34,24073.12,17864.74
Project 0491,2024-09-01,304.17,111599.67,61496.35
Project 0491,2024-10-01,360.26,93156.83,64877.21
Project 0491,2024-11-01,331.98,105813.09,69667.25
Project 0491,2024-12-01,364.31,105449.88,72527.88
Project 0491,2025-01-01,366.88,99499.34,73445.94
Project 0491,2025-02-01,403.25,96049.99,59256.63
Project 0491,2025-03-01,430.77,93992.32,64829.72
Project 0491,2025-04-01,441.69,115433.27,63492.99
Project 0491,2025-05-01,297.87,117379.2,66211.53
Project 0491,2025-06-01,337.99,109646.71,80432.7
Project 0491,2025-07-01,343.77,101628.28,57388.22
Project 0491,2025-08-01,326.36,98760.26,55831.41
Project 0491,2025-09-01,438.92,106148.48,66425.9
Project 0491,2025-10-01,296.11,92750.26,55152.0
Project 0491,2025-11-01,337.02,92308.85,62474.02
Project 0491,2025-12-01,291.04,86200.88,63453.88
Project 0491,2026-01-01,326.41,110773.47,75077.65
Project 0491,2026-02-01,401.21,103351.36,74605.1
Project 0491,2026-03-01,387.98,94922.25,67433.54
Project 0491,2026-04-01,430.04,107186.43,69557.3
Project 0491,2026-05-01,428.04,110897.42,73348.73
Project 0491,2026-06-01,413.28,82696.98,59476.23
Project 0491,2026-07-01,318.5,96433.94,71904.02
Project 0491,2026-08-01,364.7,101883.84,75314.05
Project 0492,2024-09-01,241.37,9853.79,6800.4
Project 0492,2024-10-01,202.4,11900.84,8705.77
Project 0492,2024-11-01,206.78,10441.93,6381.41
Project 0492,2024-12-01,215.77,10382.73,7576.06
Project 0492,2025-01-01,239.35,10936.42,7697.33
Project 0492,2025-02-01,181.69,9372.96,5639.67
Project 0492,2025-03-01,198.43,8897.18,6057.02
Project 0492,2025-04-01,225.67,10325.23,6414.24
Project 0492,2025-05-01,181.41,9111.89,6106.54
Project 0492,2025-06-01,199.47,8961.98,5310.57
Project 0492,2025-07-01,219.75,10785.34,6754.05
Project 0492,2025-08-01,182.25,8831.84,5691.61
Project 0492,2025-09-01,187.73,11916.82,7009.93
Project 0492,2025-10-01,228.36,9168.25,6719.75
Project 0492,2025-11-01,232.18,8635.97,5604.07
Project 0492,2025-12-01,201.73,11379.5,6270.59
Project 0492,2026-01-01,237.64,10858.63,7931.19
Project 0492,2026-02-01,173.91,10442.55,6515.81
Project 0492,2026-03-01,208.51,11229.74,7746.82
Project 0492,2026-04-01,169.36,8378.15,5749.36
Project 0492,2026-05-01,198.64,9422.54,6392.5
Project 0492,2026-06-01,239.93,8770.74,5077.27
Project 0492,2026-07-01,189.77,11043.3,6648.0
Project 0492,2026-08-01,213.87,11365.13,6717.93
Project 0493,2024-09-01,99.03,3276.65,2084.86
Project 0493,2024-10-01,65.47,3842.08,2800.42
Project 0493,2024-11-01,75.84,3474.31,2203.48
Project 0493,2024-12-01,76.71,4433.02,2909.36
Project 0493,2025-01-01,74.98,3886.92,2873.44
Project 0493,2025-02-01,69.98,4414.08,2917.45
Project 0493,2025-03-01,84.73,4413.62,2863.36
Project 0493,2025-04-01,67.5,3376.18,2022.5
Project 0493,2025-05-01,99.55,4008.15,2847.6
Project 0493,2025-06-01,89.73,3430.59,2442.9
Project 0493,2025-07-01,75.65,3866.2,2578.46
Project 0493,2025-08-01,73.29,4016.4,2528.22
Project 0493,2025-09-01,84.73,4052.6,2659.92
Project 0493,2025-10-01,64.8,4484.57,2765.17
Project 0493,2025-11-01,87.34,4346.71,3188.98
Project 0493,2025-12-01,86.85,4115.01,2843.43
Project 0493,2026-01-01,91.03,3539.63,2159.09
Project 0493,2026-02-01,64.15,3880.86,2789.22
Project 0493,2026-03-01,65.83,4638.34,3140.34
Project 0493,2026-04-01,85.71,4648.78,3298.73
Project 0493,2026-05-01,72.55,3442.15,2131.2
Project 0493,2026-06-01,92.07,4677.97,3401.5
Project 0493,2026-07-01,89.71,3970.46,2764.68
Project 0493,2026-08-01,95.57,4087.66,2377.59
Project 0494,2024-09-01,338.51,43081.53,24455.42
Project 0494,2024-10-01,357.47,43132.94,25452.8
Project 0494,2024-11-01,383.95,56551.26,35181.59
Project 0494,2024-12-01,381.21,47292.26,30115.73
Project 0494,2025-01-01,398.02,43048.72,27979.58
Project 0494,2025-02-01,336.26,47114.94,30179.8
Project 0494,2025-03-01,358.12,57239.7,41093.31
Project 0494,2025-04-01,425.17,49835.32,36694.05
Project 0494,2025-05-01,298.66,42402.26,24457.79
Project 0494,2025-06-01,363.3,44269.25,31112.73
Project 0494,2025-07-01,357.25,59698.5,41054.44
Project 0494,2025-08-01,353.2,53708.11,37285.5
Project 0494,2025-09-01,413.64,52907.32,31148.11
Project 0494,2025-10-01,399.02,48647.77,27970.56
Project 0494,2025-11-01,310.39,56188.14,34549.57
Project 0494,2025-12-01,298.45,46391.08,28026.31
Project 0494,2026-01-01,292.84,58782.59,32528.27
Project 0494,2026-02-01,348.86,54972.3,32760.64
Project 0494,2026-03-01,332.35,51379.87,32287.29
Project 0494,2026-04-01,307.67,55175.82,40936.66
Project 0494,2026-05-01,421.32,42805.91,29746.61
Project 0494,2026-06-01,307.9,47210.36,34013.88
Project 0494,2026-07-01,336.34,54519.0,30170.04
Project 0494,2026-08-01,355.02,59278.61,34693.01
Project 0495,2024-09-01,293.58,35051.52,22525.87
Project 0495,2024-10-01,357.66,32714.26,18648.29
Project 0495,2024-11-01,373.41,34907.26,21009.07
Project 0495,2024-12-01,363.02,30508.37,19753.24
Project 0495,2025-01-01,329.7,30339.41,21343.4
Project 0495,2025-02-01,330.82,32352.5,20198.77
Project 0495,2025-03-01,257.98,31962.87,20197.71
Project 0495,2025-04-01,318.43,27120.71,16337.76
Project 0495,2025-05-01,351.8,30602.06,19487.35
Project 0495,2025-06-01,274.64,27453.7,20075.55
Project 0495,2025-07-01,248.69,33616.28,24827.12
Project 0495,2025-08-01,334.49,26289.94,17359.26
Project 0495,2025-09-01,284.69,25567.63,18029.54
Project 0495,2025-10-01,310.46,28420.02,19598.16
Project 0495,2025-11-01,359.5,25840.58,14427.22
Project 0495,2025-12-01,349.82,27932.29,20456.91
Project 0495,2026-01-01,275.2,33390.89,24947.83
Project 0495,2026-02-01,296.0,29586.97,21392.77
Project 0495,2026-03-01,321.01,25781.78,19159.09
Project 0495,2026-04-01,318.89,26153.63,15077.34
Project 0495,2026-05-01,325.41,34811.94,20779.97
Project 0495,2026-06-01,315.52,28421.81,19755.13
Project 0495,2026-07-01,269.95,30399.91,21025.38
Project 0495,2026-08-01,356.27,26353.5,16579.52
Project 0496,2024-09-01,238.8,74742.51,51110.03
Project 0496,2024-10-01,279.46,80757.58,55260.94
Project 0496,2024-11-01,256.52,77405.69,45983.51
Project 0496,2024-12-01,273.43,78883.82,48337.18
Project 0496,2025-01-01,256.49,65157.1,38537.89
Project 0496,2025-02-01,289.4,80479.1,49226.09
Project 0496,2025-03-01,205.41,59396.64,36197.74
Project 0496,2025-04-01,299.06,61892.04,39249.24
Project 0496,2025-05-01,224.34,66992.49,48116.7
Project 0496,2025-06-01,243.31,78297.39,45715.62
Project 0496,2025-07-01,235.51,82355.01,57995.91
Project 0496,2025-08-01,288.61,69918.24,45189.69
Project 0496,2025-09-01,290.75,81682.77,49177.75
Project 0496,2025-10-01,210.97,69087.2,50481.62
Project 0496,2025-11-01,201.58,59902.64,38893.98
Project 0496,2025-12-01,224.95,73481.34,48799.68
Project 0496,2026-01-01,270.88,80919.74,51881.54
Project 0496,2026-02-01,218.76,61813.73,39985.51
Project 0496,2026-03-01,259.05,69920.07,45558.39
Project 0496,2026-04-01,278.83,66820.86,39587.5
Project 0496,2026-05-01,221.66,79820.05,50540.26
Project 0496,2026-06-01,270.0,63500.52,40991.34
Project 0496,2026-07-01,253.67,67661.14,42913.95
Project 0496,2026-08-01,213.67,79892.2,56614.51
Project 0497,2024-09-01,122.26,6747.49,4951.45
Project 0497,2024-10-01,120.05,5649.96,3531.04
Project 0497,2024-11-01,157.11,6730.21,4500.42
Project 0497,2024-12-01,154.7,7208.58,4637.23
Project 0497,2025-01-01,116.53,6327.88,4241.69
Project 0497,2025-02-01,138.93,5519.37,4021.3
Project 0497,2025-03-01,139.79,6989.43,5016.18
Project 0497,2025-04-01,132.83,6918.38,4526.09
Project 0497,2025-05-01,127.28,5489.49,3592.82
Project 0497,2025-06-01,147.18,6322.11,3680.68
Project 0497,2025-07-01,145.18,7067.7,5160.58
Project 0497,2025-08-01,112.25,6100.8,4281.09
Project 0497,2025-09-01,143.48,6594.01,4941.21
Project 0497,2025-10-01,125.92,5690.32,3348.98
Project 0497,2025-11-01,102.96,7218.48,4165.39
Project 0497,2025-12-01,146.91,5812.68,3927.57
Project 0497,2026-01-01,111.21,6135.57,3769.22
Project 0497,2026-02-01,124.22,6949.59,4465.25
Project 0497,2026-03-01,155.16,6640.34,3984.34
Project 0497,2026-04-01,120.05,6271.82,4034.27
Project 0497,2026-05-01,130.05,6841.86,4904.98
Project 0497,2026-06-01,124.44,6513.31,4601.42
Project 0497,2026-07-01,132.01,6233.56,4668.53
Project 0497,2026-08-01,151.79,7048.27,4712.26
Project 0498,2024-09-01,210.16,30037.79,17986.75
Project 0498,2024-10-01,204.03,36020.42,25700.96
Project 0498,2024-11-01,199.65,27367.7,18685.45
Project 0498,2024-12-01,194.47,33830.9,21926.06
Project 0498,2025-01-01,178.24,29113.37,16645.14
Project 0498,2025-02-01,171.19,33762.26,21961.21
Project 0498,2025-03-01,137.33,28185.81,18948.02
Project 0498,2025-04-01,172.37,33580.08,23611.71
Project 0498,2025-05-01,199.2,32495.38,19744.96
Project 0498,2025-06-01,154.19,28839.11,16037.54
Project 0498,2025-07-01,210.77,36337.53,25919.73
Project 0498,2025-08-01,161.3,30771.98,21692.29
Project 0498,2025-09-01,206.19,31882.17,19317.91
Project 0498,2025-10-01,210.74,29759.54,22189.75
Project 0498,2025-11-01,165.19,36161.54,25946.72
Project 0498,2025-12-01,153.7,29298.53,19316.16
Project 0498,2026-01-01,141.64,35877.25,23788.81
Project 0498,2026-02-01,178.62,33020.22,19604.09
Project 0498,2026-03-01,202.78,26798.01,17818.06
Project 0498,2026-04-01,162.11,34823.98,19449.21
Project 0498,2026-05-01,139.79,29026.79,16418.95
Project 0498,2026-06-01,182.74,28512.4,20345.14
Project 0498,2026-07-01,206.06,35433.56,24140.04
Project 0498,2026-08-01,163.1,26293.16,15047.37
Project 0499,2024-09-01,137.42,8865.03,5063.57
Project 0499,2024-10-01,198.85,6696.64,4735.47
Project 0499,2024-11-01,156.29,7579.62,4258.88
Project 0499,2024-12-01,151.52,7072.02,4438.21
Project 0499,2025-01-01,154.37,8409.25,6230.58
Project 0499,2025-02-01,197.83,7607.07,5294.31
Project 0499,2025-03-01,180.31,9219.36,6119.04
Project 0499,2025-04-01,150.04,8088.32,4930.92
Project 0499,2025-05-01,156.96,7260.97,4177.92
Project 0499,2025-06-01,189.91,7736.75,5601.86
Project 0499,2025-07-01,147.5,8475.39,5068.88
Project 0499,2025-08-01,165.38,7419.34,5529.55
Project 0499,2025-09-01,165.41,6930.99,4757.77
Project 0499,2025-10-01,199.85,7325.96,4540.66
Project 0499,2025-11-01,172.53,9313.3,5129.91
Project 0499,2025-12-01,130.21,7515.38,4706.84
Project 0499,2026-01-01,185.88,9313.81,6277.76
Project 0499,2026-02-01,156.01,8173.6,4841.29
Project 0499,2026-03-01,142.6,6795.95,4215.56
Project 0499,2026-04-01,143.65,8119.89,6048.23
Project 0499,2026-05-01,135.59,6837.41,4694.02
Project 0499,2026-06-01,200.1,8800.2,5773.71
Project 0499,2026-07-01,197.56,7095.22,5293.37
Project 0499,2026-08-01,192.69,9287.71,5252.34
Project 0500,2024-09-01,257.8,33413.79,22068.57
Project 0500,2024-10-01,229.92,32538.33,19770.67
Project 0500,2024-11-01,251.71,30569.33,19847.96
Project 0500,2024-12-01,217.58,30597.26,18556.66
Project 0500,2025-01-01,215.48,31166.65,18591.2
Project 0500,2025-02-01,257.49,33844.74,18989.42
Project 0500,2025-03-01,206.47,30939.88,20271.53
Project 0500,2025-04-01,212.13,28295.8,17393.06
Project 0500,2025-05-01,195.7,25569.72,17491.39
Project 0500,2025-06-01,203.39,24854.53,13880.25
Project 0500,2025-07-01,175.25,28108.94,17369.3
Project 0500,2025-08-01,225.39,33235.2,22814.6
Project 0500,2025-09-01,254.86,29678.6,19535.4
Project 0500,2025-10-01,255.88,25428.12,14662.18
Project 0500,2025-11-01,208.41,34949.02,19735.61
Project 0500,2025-12-01,175.75,33511.98,19600.7
Project 0500,2026-01-01,231.38,28758.8,16514.11
Project 0500,2026-02-01,241.31,30942.82,17782.82
Project 0500,2026-03-01,258.34,31208.23,23202.66
Project 0500,2026-04-01,239.34,26038.48,18730.17
Project 0500,2026-05-01,197.76,33776.49,20401.8
Project 0500,2026-06-01,204.99,24827.71,14270.75
Project 0500,2026-07-01,180.53,32683.76,23329.05
Project 0500,2026-08-01,212.73,25463.44,15963.71
Project 0501,2024-09-01,121.08,34379.85,23025.05
Project 0501,2024-10-01,100.2,27228.48,17791.74
Project 0501,2024-11-01,97.46,29951.73,17777.56
Project 0501,2024-12-01,122.3,36503.13,21464.4
Project 0501,2025-01-01,112.48,27407.26,17033.45
Project 0501,2025-02-01,142.46,35970.46,22460.05
Project 0501,2025-03-01,127.27,35410.9,22465.24
Project 0501,2025-04-01,118.66,28001.58,17384.16
Project 0501,2025-05-01,100.08,33768.41,23463.91
Project 0501,2025-06-01,114.12,36597.09,21411.32
Project 0501,2025-07-01,144.4,34642.22,23906.62
Project 0501,2025-08-01,114.59,28687.36,21029.95
Project 0501,2025-09-01,101.24,34771.35,24163.25
Project 0501,2025-10-01,119.52,31426.5,19893.27
Project 0501,2025-11-01,105.02,35858.19,22507.25
Project 0501,2025-12-01,131.0,36082.63,21301.34
Project 0501,2026-01-01,94.16,31392.51,20594.57
Project 0501,2026-02-01,94.02,30562.29,19405.25
Project 0501,2026-03-01,142.67,38253.64,23886.36
Project 0501,2026-04-01,106.34,32565.56,18355.95
Project 0501,2026-05-01,136.09,35479.89,25759.14
Project 0501,2026-06-01,142.27,38353.87,21304.68
Project 0501,2026-07-01,113.64,38863.6,28262.45
Project 0501,2026-08-01,115.92,32465.32,17928.59
Project 0502,2024-09-01,312.75,15855.62,11693.96
Project 0502,2024-10-01,238.17,17021.71,10089.99
Project 0502,2024-11-01,263.91,16939.79,9637.87
Project 0502,2024-12-01,345.04,17097.17,12447.49
Project 0502,2025-01-01,354.81,17644.94,10757.6
Project 0502,2025-02-01,309.23,20394.91,11480.51
Project 0502,2025-03-01,348.94,17821.2,9982.96
Project 0502,2025-04-01,351.46,16685.93,9310.06
Project 0502,2025-05-01,344.66,18528.56,13687.71
Project 0502,2025-06-01,288.21,22141.02,12560.51
Project 0502,2025-07-01,317.62,20739.89,13811.17
Project 0502,2025-08-01,343.79,21523.35,14778.98
Project 0502,2025-09-01,238.38,16260.18,10271.98
Project 0502,2025-10-01,243.22,17484.88,11754.0
Project 0502,2025-11-01,316.2,20135.19,11780.2
Project 0502,2025-12-01,251.75,17574.0,11779.27
Project 0502,2026-01-01,291.05,19345.52,11785.51
Project 0502,2026-02-01,341.05,17107.52,9576.29
Project 0502,2026-03-01,228.57,19951.2,11746.62
Project 0502,2026-04-01,340.55,17463.06,10085.74
Project 0502,2026-05-01,331.37,21859.5,14991.45
Project 0502,2026-06-01,342.97,18292.15,11992.17
Project 0502,2026-07-01,301.68,18017.25,10746.45
Project 0502,2026-08-01,344.79,17350.46,12297.75
Project 0503,2024-09-01,216.08,14656.69,10428.44
Project 0503,2024-10-01,215.93,14955.85,9767.51
Project 0503,2024-11-01,194.68,13186.47,9861.08
Project 0503,2024-12-01,216.5,17044.78,11131.13
Project 0503,2025-01-01,246.92,16299.19,9289.07
Project 0503,2025-02-01,199.48,13929.46,10426.57
Project 0503,2025-03-01,179.3,15888.2,11598.51
Project 0503,2025-04-01,207.77,16826.79,11415.22
Project 0503,2025-05-01,247.29,15539.16,10701.84
Project 0503,2025-06-01,269.66,14898.68,9721.02
Project 0503,2025-07-01,182.55,12548.74,6947.93
Project 0503,2025-08-01,201.78,14208.61,10358.7
Project 0503,2025-09-01,258.09,16508.39,11943.08
Project 0503,2025-10-01,217.03,13526.26,8282.78
Project 0503,2025-11-01,266.69,12418.72,8360.1
Project 0503,2025-12-01,195.08,12662.04,8105.61
Project 0503,2026-01-01,201.66,12239.72,8453.84
Project 0503,2026-02-01,267.16,16787.25,10978.96
Project 0503,2026-03-01,266.36,13602.44,9621.38
Project 0503,2026-04-01,257.77,15042.12,9653.52
Project 0503,2026-05-01,268.11,12555.45,8246.44
Project 0503,2026-06-01,213.66,15608.54,9008.44
Project 0503,2026-07-01,178.89,13391.57,7599.93
Project 0503,2026-08-01,230.48,13040.96,9762.16
Project 0504,2024-09-01,258.55,34707.42,24936.2
Project 0504,2024-10-01,339.45,31298.03,18026.2
Project 0504,2024-11-01,370.97,29735.68,18884.33
Project 0504,2024-12-01,290.27,26759.77,15903.44
Project 0504,2025-01-01,374.76,32968.12,22968.82
Project 0504,2025-02-01,359.94,34706.27,19189.82
Project 0504,2025-03-01,306.08,26729.34,15300.36
Project 0504,2025-04-01,256.34,33500.89,21214.38
Project 0504,2025-05-01,322.99,29700.73,20074.0
Project 0504,2025-06-01,284.65,35852.34,24494.21
Project 0504,2025-07-01,246.6,25739.11,14287.05
Project 0504,2025-08-01,324.62,30328.71,16718.47
Project 0504,2025-09-01,252.21,29746.45,20247.12
Project 0504,2025-10-01,356.9,32350.76,21327.31
Project 0504,2025-11-01,285.81,32258.9,18293.73
Project 0504,2025-12-01,332.63,33527.19,24731.88
Project 0504,2026-01-01,365.78,36321.13,27136.4
Project 0504,2026-02-01,259.41,32530.58,18476.28
Project 0504,2026-03-01,279.82,34301.46,19284.2
Project 0504,2026-04-01,290.77,30587.82,20421.34
Project 0504,2026-05-01,342.44,32006.05,21293.26
Project 0504,2026-06-01,249.79,29574.62,21619.57
Project 0504,2026-07-01,317.88,28975.77,19164.21
Project 0504,2026-08-01,289.9,28841.92,17367.8
Project 0505,2024-09-01,69.55,22045.25,16348.38
Project 0505,2024-10-01,72.59,25113.05,16785.35
Project 0505,2024-11-01,80.5,21948.44,15588.52
Project 0505,2024-12-01,95.71,27645.31,20361.22
Project 0505,2025-01-01,89.9,27812.89,20347.06
Project 0505,2025-02-01,72.44,24674.61,17664.33
Project 0505,2025-03-01,80.71,21067.66,13187.48
Project 0505,2025-04-01,71.63,26960.91,17227.71
Project 0505,2025-05-01,91.11,23730.74,14731.42
Project 0505,2025-06-01,106.88,24954.98,14082.34
Project 0505,2025-07-01,80.42,27547.92,17717.26
Project 0505,2025-08-01,103.92,26384.14,14559.16
Project 0505,2025-09-01,71.08,25696.16,16834.47
Project 0505,2025-10-01,74.99,26459.47,18594.58
Project 0505,2025-11-01,92.22,22622.16,15419.45
Project 0505,2025-12-01,69.09,25581.0,14848.62
Project 0505,2026-01-01,105.08,27387.3,18150.49
Project 0505,2026-02-01,97.86,25127.65,15861.1
Project 0505,2026-03-01,98.38,22783.24,12659.67
Project 0505,2026-04-01,85.59,27641.34,17990.25
Project 0505,2026-05-01,79.09,25452.84,17040.11
Project 0505,2026-06-01,72.97,25965.05,16983.59
Project 0505,2026-07-01,90.14,22795.47,12634.59
Project 0505,2026-08-01,74.95,26397.76,18158.42
Project 0506,2024-09-01,314.91,100054.13,71388.66
Project 0506,2024-10-01,341.9,84951.33,47127.91
Project 0506,2024-11-01,254.22,90633.02,63259.68
Project 0506,2024-12-01,323.69,101246.72,61697.81
Project 0506,2025-01-01,305.39,83850.58,61683.58
Project 0506,2025-02-01,334.79,83197.58,55600.3
Project 0506,2025-03-01,275.56,99042.72,70456.17
Project 0506,2025-04-01,241.67,106660.29,66887.93
Project 0506,2025-05-01,242.44,103121.45,65233.88
Project 0506,2025-06-01,301.79,80312.1,47999.64
Project 0506,2025-07-01,282.01,87344.38,53229.92
Project 0506,2025-08-01,234.21,97141.66,70520.98
Project 0506,2025-09-01,292.29,90637.62,61128.36
Project 0506,2025-10-01,315.46,76825.78,56788.72
Project 0506,2025-11-01,269.39,91900.93,64970.21
Project 0506,2025-12-01,302.12,98466.71,73167.68
Project 0506,2026-01-01,251.46,93927.43,52125.33
Project 0506,2026-02-01,302.29,89724.43,52437.45
Project 0506,2026-03-01,334.6,75714.75,46215.49
Project 0506,2026-04-01,231.67,90136.74,56454.69
Project 0506,2026-05-01,333.8,88751.95,64175.78
Project 0506,2026-06-01,290.18,81061.78,56439.23
Project 0506,2026-07-01,269.84,84430.69,63067.72
Project 0506,2026-08-01,275.22,99756.61,65521.77
Project 0507,2024-09-01,180.21,34704.55,21944.52
Project 0507,2024-10-01,153.77,31528.72,23480.2
Project 0507,2024-11-01,188.4,28334.96,21022.29
Project 0507,2024-12-01,160.46,31714.46,23503.73
Project 0507,2025-01-01,192.72,36801.93,24745.53
Project 0507,2025-02-01,191.62,31537.98,21919.05
Project 0507,2025-03-01,149.66,27623.56,16933.85
Project 0507,2025-04-01,212.39,31096.97,21360.54
Project 0507,2025-05-01,205.08,31697.44,19482.48
Project 0507,2025-06-01,202.87,39054.98,27794.57
Project 0507,2025-07-01,151.86,30356.08,19060.82
Project 0507,2025-08-01,201.92,31229.37,18264.73
Project 0507,2025-09-01,190.57,33532.64,21026.08
Project 0507,2025-10-01,212.01,29636.54,17123.04
Project 0507,2025-11-01,200.86,30866.63,20713.43
Project 0507,2025-12-01,205.04,35954.51,26213.66
Project 0507,2026-01-01,178.24,30875.7,21232.04
Project 0507,2026-02-01,186.54,36718.57,23968.03
Project 0507,2026-03-01,170.85,35491.04,25863.77
Project 0507,2026-04-01,211.07,29774.95,20208.95
Project 0507,2026-05-01,177.89,34405.08,19987.61
Project 0507,2026-06-01,144.44,37555.2,22683.09
Project 0507,2026-07-01,148.79,28553.02,17933.71
Project 0507,2026-08-01,186.82,29157.58,19693.96
Project 0508,2024-09-01,48.85,11230.54,6871.24
Project 0508,2024-10-01,60.34,8976.76,5705.74
Project 0508,2024-11-01,50.64,10061.78,5849.55
Project 0508,2024-12-01,62.4,8466.82,5106.31
Project 0508,2025-01-01,64.29,11441.57,7388.79
Project 0508,2025-02-01,42.39,11501.73,6536.78
Project 0508,2025-03-01,46.69,8965.92,5384.28
Project 0508,2025-04-01,43.21,9706.81,6416.96
Project 0508,2025-05-01,43.41,9200.41,6446.19
Project 0508,2025-06-01,60.62,10419.88,7688.27
Project 0508,2025-07-01,60.46,10179.99,6004.53
Project 0508,2025-08-01,54.34,9558.17,6291.6
Project 0508,2025-09-01,60.68,10649.99,7277.89
Project 0508,2025-10-01,50.08,8270.83,5495.86
Project 0508,2025-11-01,42.78,9903.84,7389.52
Project 0508,2025-12-01,60.15,11492.93,6448.34
Project 0508,2026-01-01,51.47,9628.51,6370.27
Project 0508,2026-02-01,51.81,8301.61,5824.14
Project 0508,2026-03-01,55.9,11641.48,8592.84
Project 0508,2026-04-01,52.07,11643.36,7961.01
Project 0508,2026-05-01,53.04,8859.23,5011.51
Project 0508,2026-06-01,62.99,8206.68,5922.59
Project 0508,2026-07-01,52.6,9209.67,5974.51
Project 0508,2026-08-01,44.92,9949.33,7014.39
Project 0509,2024-09-01,241.78,79738.19,54645.56
Project 0509,2024-10-01,362.06,94334.08,64607.63
Project 0509,2024-11-01,317.51,74998.56,54925.37
Project 0509,2024-12-01,366.84,79821.28,45461.08
Project 0509,2025-01-01,253.75,91251.03,64767.7
Project 0509,2025-02-01,281.68,72163.82,50902.37
Project 0509,2025-03-01,357.26,83140.76,52407.58
Project 0509,2025-04-01,240.01,99332.4,68461.13
Project 0509,2025-05-01,310.21,96938.3,72480.95
Project 0509,2025-06-01,295.76,90644.61,59197.77
Project 0509,2025-07-01,367.42,95775.08,63324.3
Project 0509,2025-08-01,269.95,78506.91,50669.12
Project 0509,2025-09-01,294.58,78179.56,56046.41
Project 0509,2025-10-01,324.44,83497.87,47428.57
Project 0509,2025-11-01,303.01,92282.74,57417.26
Project 0509,2025-12-01,251.31,87706.58,55500.7
Project 0509,2026-01-01,273.04,93761.67,68710.36
Project 0509,2026-02-01,310.86,87484.16,55107.51
Project 0509,2026-03-01,314.07,91673.31,65024.65
Project 0509,2026-04-01,332.74,79249.6,58540.77
Project 0509,2026-05-01,370.6,77682.4,49103.47
Project 0509,2026-06-01,286.02,70373.68,40811.7
Project 0509,2026-07-01,250.5,78420.17,45926.05
Project 0509,2026-08-01,243.37,73043.2,44500.64
Project 0510,2024-09-01,312.23,55516.28,39934.48
Project 0510,2024-10-01,205.67,39535.55,21826.45
Project 0510,2024-11-01,315.8,45634.86,33284.59
Project 0510,2024-12-01,249.86,43637.23,31195.63
Project 0510,2025-01-01,217.76,52378.41,29937.16
Project 0510,2025-02-01,214.23,48681.6,34807.53
Project 0510,2025-03-01,224.2,43685.26,25649.11
Project 0510,2025-04-01,276.66,40104.89,23377.11
Project 0510,2025-05-01,289.32,43341.34,24336.0
Project 0510,2025-06-01,219.69,42814.98,23589.76
Project 0510,2025-07-01,224.4,48606.27,32886.1
Project 0510,2025-08-01,279.67,47959.99,35793.16
Project 0510,2025-09-01,279.44,43109.69,30897.67
Project 0510,2025-10-01,274.4,55798.9,32149.47
Project 0510,2025-11-01,234.63,40253.14,29611.48
Project 0510,2025-12-01,269.42,48564.8,32641.4
Project 0510,2026-01-01,223.42,45042.57,33369.71
Project 0510,2026-02-01,261.53,52323.38,32719.96
Project 0510,2026-03-01,206.31,47632.96,28555.9
Project 0510,2026-04-01,253.93,43640.17,26064.26
Project 0510,2026-05-01,290.96,42517.53,30982.57
Project 0510,2026-06-01,226.67,40481.84,28529.06
Project 0510,2026-07-01,260.27,53363.44,36766.16
Project 0510,2026-08-01,300.68,40661.81,29136.05
Project 0511,2024-09-01,58.66,6021.54,3369.21
Project 0511,2024-10-01,46.48,5086.83,2959.1
Project 0511,2024-11-01,55.16,6266.97,4416.02
Project 0511,2024-12-01,55.28,5208.78,2993.02
Project 0511,2025-01-01,51.35,4835.87,2706.8
Project 0511,2025-02-01,45.73,6517.25,4206.27
Project 0511,2025-03-01,47.3,6263.74,3984.55
Project 0511,2025-04-01,46.24,5323.28,3426.02
Project 0511,2025-05-01,59.09,6531.96,4304.77
Project 0511,2025-06-01,56.28,5541.61,3802.57
Project 0511,2025-07-01,54.57,6401.86,4740.38
Project 0511,2025-08-01,57.32,6411.32,4028.3
Project 0511,2025-09-01,54.81,5400.63,3060.81
Project 0511,2025-10-01,59.01,5271.28,3373.72
Project 0511,2025-11-01,48.98,5165.53,3139.19
Project 0511,2025-12-01,57.21,6172.85,4361.31
Project 0511,2026-01-01,45.89,4921.26,2917.3
Project 0511,2026-02-01,54.76,4706.51,2991.79
Project 0511,2026-03-01,45.27,5179.12,2988.37
Project 0511,2026-04-01,41.67,6291.09,3885.78
Project 0511,2026-05-01,48.1,4634.93,2878.11
Project 0511,2026-06-01,54.24,6073.48,3387.34
Project 0511,2026-07-01,58.4,4854.19,3438.51
Project 0511,2026-08-01,42.16,5407.25,3256.01
Project 0512,2024-09-01,114.29,9829.15,6616.47
Project 0512,2024-10-01,101.79,7720.3,5704.92
Project 0512,2024-11-01,113.78,8829.5,6040.47
Project 0512,2024-12-01,80.36,8265.86,4837.68
Project 0512,2025-01-01,99.2,9966.71,6389.75
Project 0512,2025-02-01,112.67,8511.34,5045.09
Project 0512,2025-03-01,76.53,8578.96,5190.83
Project 0512,2025-04-01,82.15,10713.56,6329.49
Project 0512,2025-05-01,98.24,9635.32,5638.51
Project 0512,2025-06-01,79.16,8147.09,5883.97
Project 0512,2025-07-01,114.63,9817.16,5725.04
Project 0512,2025-08-01,105.71,9169.96,5435.12
Project 0512,2025-09-01,94.29,9918.14,6309.58
Project 0512,2025-10-01,94.03,9785.65,6986.98
Project 0512,2025-11-01,99.17,10739.01,6552.07
Project 0512,2025-12-01,81.43,10227.14,5819.23
Project 0512,2026-01-01,101.62,9364.04,6714.02
Project 0512,2026-02-01,111.23,10821.45,8091.63
Project 0512,2026-03-01,87.62,9220.36,5918.93
Project 0512,2026-04-01,95.71,9782.75,6621.2
Project 0512,2026-05-01,81.23,10592.77,6080.81
Project 0512,2026-06-01,115.83,9296.55,5222.89
Project 0512,2026-07-01,115.23,10926.11,6648.76
Project 0512,2026-08-01,74.53,10607.06,6797.13
Project 0513,2024-09-01,440.43,66382.76,42780.98
Project 0513,2024-10-01,396.75,66773.36,41744.02
Project 0513,2024-11-01,449.21,69702.99,41161.25
Project 0513,2024-12-01,293.11,67785.31,48700.18
Project 0513,2025-01-01,306.29,58723.93,42666.92
Project 0513,2025-02-01,404.67,66559.9,48027.58
Project 0513,2025-03-01,333.98,65699.98,38362.45
Project 0513,2025-04-01,332.44,71445.64,48358.52
Project 0513,2025-05-01,348.3,64283.94,38558.98
Project 0513,2025-06-01,317.48,66786.43,41002.95
Project 0513,2025-07-01,326.36,75663.0,55946.93
Project 0513,2025-08-01,308.31,68625.25,50687.45
Project 0513,2025-09-01,383.03,67730.13,39760.22
Project 0513,2025-10-01,407.39,64683.22,37179.52
Project 0513,2025-11-01,405.71,70540.22,38823.03
Project 0513,2025-12-01,299.91,77137.34,46234.89
Project 0513,2026-01-01,304.01,80248.44,57392.73
Project 0513,2026-02-01,389.91,72554.03,48345.4
Project 0513,2026-03-01,401.61,60562.44,44835.97
Project 0513,2026-04-01,345.75,58353.89,37606.18
Project 0513,2026-05-01,413.57,62188.33,42768.45
Project 0513,2026-06-01,385.11,59360.13,37027.34
Project 0513,2026-07-01,431.4,62091.79,34829.44
Project 0513,2026-08-01,369.48,67994.69,45150.14
Project 0514,2024-09-01,165.66,8239.62,6122.53
Project 0514,2024-10-01,126.79,9405.43,6822.37
Project 0514,2024-11-01,157.49,10862.76,6699.51
Project 0514,2024-12-01,120.5,8367.12,4995.07
Project 0514,2025-01-01,171.74,8338.35,5658.8
Project 0514,2025-02-01,141.44,8138.02,4776.43
Project 0514,2025-03-01,132.18,9594.76,5652.45
Project 0514,2025-04-01,153.27,8389.58,5298.92
Project 0514,2025-05-01,162.51,9286.66,6325.0
Project 0514,2025-06-01,170.9,9118.29,5406.24
Project 0514,2025-07-01,168.2,8542.88,6156.38
Project 0514,2025-08-01,169.37,8015.53,4424.84
Project 0514,2025-09-01,128.22,10312.79,6061.15
Project 0514,2025-10-01,167.3,9072.82,6416.11
Project 0514,2025-11-01,144.79,10792.73,7038.07
Project 0514,2025-12-01,122.01,7627.24,4954.08
Project 0514,2026-01-01,162.59,10081.02,6115.68
Project 0514,2026-02-01,162.96,9947.93,6217.07
Project 0514,2026-03-01,138.24,9891.85,7390.51
Project 0514,2026-04-01,136.79,7606.12,4584.54
Project 0514,2026-05-01,128.75,10403.43,6853.46
Project 0514,2026-06-01,142.02,10040.21,6346.22
Project 0514,2026-07-01,112.05,7725.07,5727.87
Project 0514,2026-08-01,162.76,9718.28,6278.86
Project 0515,2024-09-01,184.01,68203.83,38105.37
Project 0515,2024-10-01,209.84,82375.91,53228.04
Project 0515,2024-11-01,197.54,84020.25,62140.21
Project 0515,2024-12-01,246.12,61554.41,43899.17
Project 0515,2025-01-01,211.08,70703.5,51113.04
Project 0515,2025-02-01,162.09,74094.8,54143.97
Project 0515,2025-03-01,206.56,75043.11,41479.6
Project 0515,2025-04-01,227.47,63879.27,40690.45
Project 0515,2025-05-01,220.11,87923.01,65056.01
Project 0515,2025-06-01,173.35,68679.65,42946.62
Project 0515,2025-07-01,212.7,68289.18,47726.51
Project 0515,2025-08-01,165.59,71966.16,39960.39
Project 0515,2025-09-01,223.42,67037.69,39841.2
Project 0515,2025-10-01,216.15,85591.34,61832.72
Project 0515,2025-11-01,246.02,71530.19,49062.53
Project 0515,2025-12-01,176.63,70757.6,51179.42
Project 0515,2026-01-01,161.49,69717.08,42229.85
Project 0515,2026-02-01,186.28,66004.81,44398.35
Project 0515,2026-03-01,221.48,74599.06,46010.2
Project 0515,2026-04-01,171.92,64407.87,45694.59
Project 0515,2026-05-01,229.33,63823.7,37817.19
Project 0515,2026-06-01,213.58,79364.28,45210.03
Project 0515,2026-07-01,197.78,79028.5,54642.86
Project 0515,2026-08-01,161.05,83569.81,56793.42
Project 0516,2024-09-01,180.88,52876.61,29216.22
Project 0516,2024-10-01,163.08,57824.07,38236.33
Project 0516,2024-11-01,216.09,61885.53,41957.91
Project 0516,2024-12-01,156.55,66361.18,36867.15
Project 0516,2025-01-01,184.98,71999.38,45287.24
Project 0516,2025-02-01,158.8,51329.57,37886.09
Project 0516,2025-03-01,183.46,65923.67,48183.4
Project 0516,2025-04-01,212.12,63602.35,40471.44
Project 0516,2025-05-01,154.5,60099.65,41877.12
Project 0516,2025-06-01,213.63,52747.43,31024.54
Project 0516,2025-07-01,226.68,56026.41,36098.57
Project 0516,2025-08-01,225.59,53325.27,34153.73
Project 0516,2025-09-01,181.9,53442.69,35692.54
Project 0516,2025-10-01,227.23,58569.41,35372.22
Project 0516,2025-11-01,167.47,54444.05,30856.17
Project 0516,2025-12-01,223.32,60559.0,37005.66
Project 0516,2026-01-01,219.84,56269.05,34391.58
Project 0516,2026-02-01,151.35,61103.01,37114.84
Project 0516,2026-03-01,157.69,53442.88,34004.82
Project 0516,2026-04-01,162.83,56689.17,36978.18
Project 0516,2026-05-01,211.13,67896.56,40748.3
Project 0516,2026-06-01,210.88,56375.15,37288.42
Project 0516,2026-07-01,148.81,66975.85,38003.95
Project 0516,2026-08-01,221.01,68293.05,42252.09
Project 0517,2024-09-01,189.22,66761.11,48605.87
Project 0517,2024-10-01,213.23,55717.59,37812.99
Project 0517,2024-11-01,164.83,49778.31,31627.15
Project 0517,2024-12-01,212.04,50339.07,32253.67
Project 0517,2025-01-01,222.82,49551.72,27456.55
Project 0517,2025-02-01,225.99,49639.91,32542.49
Project 0517,2025-03-01,178.03,52841.06,35850.37
Project 0517,2025-04-01,252.22,51270.09,37112.48
Project 0517,2025-05-01,240.65,49758.75,30801.09
Project 0517,2025-06-01,174.58,57122.61,32772.07
Project 0517,2025-07-01,219.51,64850.47,41639.98
Project 0517,2025-08-01,246.44,47783.24,29874.92
Project 0517,2025-09-01,188.14,55613.46,40500.95
Project 0517,2025-10-01,177.48,54130.4,35190.79
Project 0517,2025-11-01,195.66,63121.78,42948.64
Project 0517,2025-12-01,227.79,53299.8,36443.46
Project 0517,2026-01-01,220.98,61048.64,35485.28
Project 0517,2026-02-01,215.43,65313.47,40917.41
Project 0517,2026-03-01,233.68,50585.59,32972.17
Project 0517,2026-04-01,246.39,50070.23,28600.94
Project 0517,2026-05-01,217.72,57827.24,43358.69
Project 0517,2026-06-01,218.0,49938.98,32227.78
Project 0517,2026-07-01,248.31,52330.31,37058.69
Project 0517,2026-08-01,244.34,63030.51,43806.76
Project 0518,2024-09-01,184.17,35722.46,24678.03
Project 0518,2024-10-01,197.19,36951.47,24676.61
Project 0518,2024-11-01,233.81,37623.53,26360.24
Project 0518,2024-12-01,190.64,31497.02,21595.88
Project 0518,2025-01-01,230.71,31487.05,17802.94
Project 0518,2025-02-01,234.43,37056.0,25775.18
Project 0518,2025-03-01,236.28,37903.83,26849.53
Project 0518,2025-04-01,210.6,41652.48,28452.46
Project 0518,2025-05-01,166.73,38995.14,27731.67
Project 0518,2025-06-01,203.1,41650.52,23010.71
Project 0518,2025-07-01,170.68,30162.24,19551.75
Project 0518,2025-08-01,234.71,34532.97,25523.92
Project 0518,2025-09-01,218.81,34263.9,23206.0
Project 0518,2025-10-01,230.58,32350.31,19471.77
Project 0518,2025-11-01,205.34,40373.87,27221.09
Project 0518,2025-12-01,193.01,39965.36,28802.03
Project 0518,2026-01-01,235.18,36278.8,24741.63
Project 0518,2026-02-01,216.15,34025.17,22183.71
Project 0518,2026-03-01,222.18,39551.07,26633.01
Project 0518,2026-04-01,185.19,40397.47,22682.19
Project 0518,2026-05-01,216.24,37716.93,21293.48
Project 0518,2026-06-01,205.47,39101.86,22416.4
Project 0518,2026-07-01,159.85,36147.18,22206.07
Project 0518,2026-08-01,159.17,39524.98,25370.2
Project 0519,2024-09-01,187.44,15863.09,11063.76
Project 0519,2024-10-01,189.41,13303.94,8588.91
Project 0519,2024-11-01,130.88,14568.36,10732.46
Project 0519,2024-12-01,190.75,15756.07,9213.73
Project 0519,2025-01-01,129.57,15534.59,10172.91
Project 0519,2025-02-01,129.53,17421.62,10521.44
Project 0519,2025-03-01,127.23,16283.83,10434.63
Project 0519,2025-04-01,180.31,14367.26,8043.01
Project 0519,2025-05-01,170.94,17276.8,10529.14
Project 0519,2025-06-01,188.11,13625.01,9003.15
Project 0519,2025-07-01,125.01,14431.54,8415.85
Project 0519,2025-08-01,157.66,15821.68,11099.26
Project 0519,2025-09-01,149.59,17120.13,9761.66
Project 0519,2025-10-01,160.49,16882.53,12593.66
Project 0519,2025-11-01,144.84,16908.97,10749.0
Project 0519,2025-12-01,157.59,13832.43,9574.05
Project 0519,2026-01-01,145.75,15900.27,11363.28
Project 0519,2026-02-01,131.85,13116.38,8274.23
Project 0519,2026-03-01,170.28,16392.68,10217.64
Project 0519,2026-04-01,126.14,16361.77,9948.03
Project 0519,2026-05-01,134.74,16346.21,9685.82
Project 0519,2026-06-01,147.31,13016.66,9306.72
Project 0519,2026-07-01,181.99,17128.48,9546.4
Project 0519,2026-08-01,156.93,17990.53,13034.95
Project 0520,2024-09-01,41.97,6597.44,3696.0
Project 0520,2024-10-01,38.63,5961.34,3525.26
Project 0520,2024-11-01,42.8,5103.34,2913.47
Project 0520,2024-12-01,36.65,6424.85,4239.49
Project 0520,2025-01-01,48.37,4985.4,3432.04
Project 0520,2025-02-01,45.7,5153.01,2919.59
Project 0520,2025-03-01,41.52,6322.65,3629.44
Project 0520,2025-04-01,36.16,5864.18,4014.35
Project 0520,2025-05-01,46.53,6191.16,4513.2
Project 0520,2025-06-01,41.55,6080.17,4382.86
Project 0520,2025-07-01,46.92,6586.54,4864.07
Project 0520,2025-08-01,37.09,6751.1,3961.13
Project 0520,2025-09-01,50.91,5653.52,3209.47
Project 0520,2025-10-01,48.2,6198.14,4644.2
Project 0520,2025-11-01,39.48,6007.33,3504.07
Project 0520,2025-12-01,49.56,6755.92,4802.81
Project 0520,2026-01-01,33.56,6677.37,4515.9
Project 0520,2026-02-01,46.62,5294.18,3013.14
Project 0520,2026-03-01,48.19,5260.94,3682.07
Project 0520,2026-04-01,44.37,6777.13,4138.22
Project 0520,2026-05-01,49.93,5858.82,3986.06
Project 0520,2026-06-01,32.86,6548.61,4085.74
Project 0520,2026-07-01,33.16,6659.86,4354.35
Project 0520,2026-08-01,44.41,5442.49,3169.95
Project 0521,2024-09-01,201.16,11320.35,6840.13
Project 0521,2024-10-01,130.57,10581.31,6738.28
Project 0521,2024-11-01,169.82,10367.78,6234.71
Project 0521,2024-12-01,173.14,10069.89,7368.09
Project 0521,2025-01-01,178.09,9709.92,6357.83
Project 0521,2025-02-01,169.88,9206.93,6369.0
Project 0521,2025-03-01,136.05,11108.32,8008.08
Project 0521,2025-04-01,145.71,8961.94,6032.65
Project 0521,2025-05-01,135.86,9643.73,6291.41
Project 0521,2025-06-01,158.53,11586.74,7991.28
Project 0521,2025-07-01,198.74,12119.02,7230.85
Project 0521,2025-08-01,147.97,11135.7,8064.29
Project 0521,2025-09-01,152.03,12233.17,8307.16
Project 0521,2025-10-01,165.69,12223.1,8483.98
Project 0521,2025-11-01,192.36,11888.7,7763.81
Project 0521,2025-12-01,174.54,12431.67,7214.67
Project 0521,2026-01-01,150.29,11163.03,6970.39
Project 0521,2026-02-01,199.8,11919.52,8629.39
Project 0521,2026-03-01,161.68,10058.91,7510.99
Project 0521,2026-04-01,200.07,12361.21,7868.94
Project 0521,2026-05-01,192.31,11887.57,6643.4
Project 0521,2026-06-01,193.21,9828.9,6170.08
Project 0521,2026-07-01,148.4,9877.18,6174.04
Project 0521,2026-08-01,128.64,9743.68,5695.37
Project 0522,2024-09-01,91.04,10368.23,6558.94
Project 0522,2024-10-01,126.07,8973.86,5388.96
Project 0522,2024-11-01,87.98,8493.3,6204.92
Project 0522,2024-12-01,100.37,9723.49,7073.86
Project 0522,2025-01-01,105.64,7763.34,5144.92
Project 0522,2025-02-01,119.92,9134.29,5567.52
Project 0522,2025-03-01,107.48,9960.04,5727.61
Project 0522,2025-04-01,132.74,9902.96,6168.41
Project 0522,2025-05-01,121.57,9409.64,6740.17
Project 0522,2025-06-01,115.69,8127.93,5673.89
Project 0522,2025-07-01,110.83,8131.64,5227.61
Project 0522,2025-08-01,126.03,10226.76,6099.09
Project 0522,2025-09-01,123.34,8242.34,5752.51
Project 0522,2025-10-01,107.77,8065.45,5768.04
Project 0522,2025-11-01,105.91,7739.9,5254.68
Project 0522,2025-12-01,119.81,10003.38,6297.17
Project 0522,2026-01-01,89.34,10726.16,6960.75
Project 0522,2026-02-01,99.22,9149.16,6054.38
Project 0522,2026-03-01,109.38,8200.14,5217.97
Project 0522,2026-04-01,134.27,10010.04,5911.62
Project 0522,2026-05-01,134.16,10724.74,6140.24
Project 0522,2026-06-01,115.42,10465.72,7595.93
Project 0522,2026-07-01,130.1,10574.59,6668.08
Project 0522,2026-08-01,110.44,9563.79,5961.01
Project 0523,2024-09-01,199.06,51406.19,36559.79
Project 0523,2024-10-01,245.98,63430.97,38573.85
Project 0523,2024-11-01,221.98,59506.73,35005.81
Project 0523,2024-12-01,190.05,53760.66,40169.0
Project 0523,2025-01-01,233.6,65748.64,42379.41
Project 0523,2025-02-01,242.16,51676.99,31192.68
Project 0523,2025-03-01,181.22,56903.32,42350.38
Project 0523,2025-04-01,174.8,47171.39,33161.95
Project 0523,2025-05-01,247.92,49394.37,30341.5
Project 0523,2025-06-01,219.12,64943.37,43955.2
Project 0523,2025-07-01,205.58,64877.03,40882.62
Project 0523,2025-08-01,172.09,50735.6,35938.75
Project 0523,2025-09-01,194.75,48917.95,30908.48
Project 0523,2025-10-01,184.26,59792.53,42909.86
Project 0523,2025-11-01,230.64,50530.12,36379.25
Project 0523,2025-12-01,232.48,50240.23,34803.82
Project 0523,2026-01-01,205.28,64046.18,38220.92
Project 0523,2026-02-01,230.72,64809.48,35917.22
Project 0523,2026-03-01,245.12,65364.27,40595.19
Project 0523,2026-04-01,209.15,46528.04,34092.73
Project 0523,2026-05-01,212.6,48847.05,34014.83
Project 0523,2026-06-01,205.58,49054.78,27851.39
Project 0523,2026-07-01,199.12,57636.65,34751.42
Project 0523,2026-08-01,193.64,63614.54,43891.71
Project 0524,2024-09-01,288.14,102551.31,58846.27
Project 0524,2024-10-01,307.14,76455.18,54527.16
Project 0524,2024-11-01,391.7,101954.05,71583.98
Project 0524,2024-12-01,319.05,76993.76,42437.84
Project 0524,2025-01-01,332.95,77395.76,48140.25
Project 0524,2025-02-01,271.33,94812.31,63302.39
Project 0524,2025-03-01,324.75,78360.85,48620.67
Project 0524,2025-04-01,308.06,83659.28,46021.37
Project 0524,2025-05-01,273.16,86997.62,63878.91
Project 0524,2025-06-01,403.84,78671.88,51001.82
Project 0524,2025-07-01,379.2,93300.56,64291.17
Project 0524,2025-08-01,265.25,84096.4,59345.98
Project 0524,2025-09-01,350.85,80518.96,59465.37
Project 0524,2025-10-01,304.11,94509.63,55360.0
Project 0524,2025-11-01,354.56,77092.37,51004.3
Project 0524,2025-12-01,290.4,91585.58,54706.48
Project 0524,2026-01-01,264.5,108146.44,67341.38
Project 0524,2026-02-01,290.07,77487.81,57079.63
Project 0524,2026-03-01,351.21,81179.66,50281.79
Project 0524,2026-04-01,388.76,97296.58,59089.08
Project 0524,2026-05-01,291.95,78814.89,50269.56
Project 0524,2026-06-01,402.17,93363.59,51650.64
Project 0524,2026-07-01,272.28,101449.4,57378.2
Project 0524,2026-08-01,397.24,97999.42,59538.49
Project 0525,2024-09-01,349.79,98258.0,69297.06
Project 0525,2024-10-01,295.42,121318.75,84685.32
Project 0525,2024-11-01,339.02,99715.74,58649.85
Project 0525,2024-12-01,396.71,93516.11,61668.25
Project 0525,2025-01-01,375.75,88077.83,60612.88
Project 0525,2025-02-01,327.08,100433.75,64275.18
Project 0525,2025-03-01,403.39,98468.11,64868.52
Project 0525,2025-04-01,345.01,122407.86,84221.09
Project 0525,2025-05-01,334.15,89037.44,61814.72
Project 0525,2025-06-01,358.74,92587.8,52483.81
Project 0525,2025-07-01,402.98,118936.88,80323.66
Project 0525,2025-08-01,345.22,90865.51,63439.81
Project 0525,2025-09-01,265.25,123785.25,87269.65
Project 0525,2025-10-01,375.33,93000.01,67680.02
Project 0525,2025-11-01,354.98,121022.01,78682.84
Project 0525,2025-12-01,335.22,121535.17,71465.38
Project 0525,2026-01-01,313.68,124159.71,83791.64
Project 0525,2026-02-01,274.86,95559.85,63089.35
Project 0525,2026-03-01,313.16,109229.28,66886.3
Project 0525,2026-04-01,376.0,102290.86,63578.57
Project 0525,2026-05-01,275.22,123334.41,90813.01
Project 0525,2026-06-01,309.41,114419.17,63087.42
Project 0525,2026-07-01,401.74,118760.31,88653.13
Project 0525,2026-08-01,268.95,104184.16,63838.92
Project 0526,2024-09-01,149.24,46657.03,30557.71
Project 0526,2024-10-01,199.71,51957.17,29106.55
Project 0526,2024-11-01,169.61,46039.66,33537.51
Project 0526,2024-12-01,161.94,57292.82,37095.16
Project 0526,2025-01-01,183.43,48724.61,29586.7
Project 0526,2025-02-01,152.7,49410.68,34187.75
Project 0526,2025-03-01,184.69,47735.62,32026.79
Project 0526,2025-04-01,147.58,56126.75,36288.64
Project 0526,2025-05-01,167.56,57161.23,36520.61
Project 0526,2025-06-01,201.47,42618.33,24164.78
Project 0526,2025-07-01,171.14,52431.74,32383.51
Project 0526,2025-08-01,186.73,51614.27,32573.28
Project 0526,2025-09-01,181.93,46092.64,27813.25
Project 0526,2025-10-01,205.38,42934.13,29644.38
Project 0526,2025-11-01,154.09,42605.33,24286.46
Project 0526,2025-12-01,203.26,55303.15,34929.85
Project 0526,2026-01-01,219.46,55854.86,41561.23
Project 0526,2026-02-01,209.18,58721.32,34845.09
Project 0526,2026-03-01,206.38,42121.17,25765.89
Project 0526,2026-04-01,146.87,47160.61,32679.58
Project 0526,2026-05-01,157.45,48832.48,33230.12
Project 0526,2026-06-01,181.15,58703.82,39406.35
Project 0526,2026-07-01,153.96,44016.6,28243.17
Project 0526,2026-08-01,214.24,56274.78,38174.02
Project 0527,2024-09-01,261.34,25414.43,15461.84
Project 0527,2024-10-01,266.08,24060.59,16848.75
Project 0527,2024-11-01,243.2,30423.74,22189.34
Project 0527,2024-12-01,209.46,22206.3,15786.26
Project 0527,2025-01-01,207.96,26020.81,18454.68
Project 0527,2025-02-01,230.63,29849.06,19202.46
Project 0527,2025-03-01,263.56,29452.11,21303.09
Project 0527,2025-04-01,202.37,28151.7,18578.5
Project 0527,2025-05-01,185.76,25624.42,15100.49
Project 0527,2025-06-01,191.54,23926.37,15328.76
Project 0527,2025-07-01,218.48,26831.17,16969.96
Project 0527,2025-08-01,195.53,27229.32,18038.24
Project 0527,2025-09-01,274.38,28770.12,17558.83
Project 0527,2025-10-01,246.28,29130.12,18950.89
Project 0527,2025-11-01,247.74,30783.41,19184.65
Project 0527,2025-12-01,283.27,28799.01,21127.98
Project 0527,2026-01-01,192.87,31366.51,20033.44
Project 0527,2026-02-01,223.05,26107.55,15291.14
Project 0527,2026-03-01,253.29,29944.44,20098.65
Project 0527,2026-04-01,223.55,26243.58,18561.88
Project 0527,2026-05-01,246.45,27011.72,15396.7
Project 0527,2026-06-01,196.56,26480.13,14849.17
Project 0527,2026-07-01,211.66,28571.99,21229.29
Project 0527,2026-08-01,250.37,27767.21,16365.01
Project 0528,2024-09-01,125.98,24857.65,18273.16
Project 0528,2024-10-01,125.03,24104.71,14215.57
Project 0528,2024-11-01,134.65,31581.16,17983.61
Project 0528,2024-12-01,151.35,29875.86,19587.45
Project 0528,2025-01-01,105.31,26469.46,19797.26
Project 0528,2025-02-01,117.64,29335.17,17391.74
Project 0528,2025-03-01,131.61,33312.89,18706.3
Project 0528,2025-04-01,148.91,24142.82,16707.3
Project 0528,2025-05-01,131.43,24595.62,15590.83
Project 0528,2025-06-01,112.05,31650.32,19831.12
Project 0528,2025-07-01,110.87,25254.08,14845.12
Project 0528,2025-08-01,99.45,23781.0,17053.94
Project 0528,2025-09-01,104.68,31805.79,21741.77
Project 0528,2025-10-01,99.73,31207.05,17716.51
Project 0528,2025-11-01,117.61,29326.95,20232.03
Project 0528,2025-12-01,98.61,29272.09,20102.19
Project 0528,2026-01-01,114.2,25630.12,17871.31
Project 0528,2026-02-01,116.04,31470.69,17870.49
Project 0528,2026-03-01,145.07,31454.41,23366.3
Project 0528,2026-04-01,103.75,26802.78,19767.91
Project 0528,2026-05-01,102.07,27646.32,17963.37
Project 0528,2026-06-01,116.56,25492.23,15654.02
Project 0528,2026-07-01,132.3,33694.69,21846.31
Project 0528,2026-08-01,130.34,28819.78,20881.4
Project 0529,2024-09-01,315.16,60647.53,37264.06
Project 0529,2024-10-01,304.18,71257.68,39618.33
Project 0529,2024-11-01,329.86,71533.58,42862.91
Project 0529,2024-12-01,263.12,59672.02,40414.82
Project 0529,2025-01-01,350.8,68698.55,41699.86
Project 0529,2025-02-01,305.56,66112.36,42444.36
Project 0529,2025-03-01,276.59,70668.06,41223.1
Project 0529,2025-04-01,240.0,77041.69,48069.48
Project 0529,2025-05-01,333.5,59186.51,36879.27
Project 0529,2025-06-01,244.91,57756.12,34059.92
Project 0529,2025-07-01,341.93,76632.67,57422.58
Project 0529,2025-08-01,242.84,63015.39,38226.79
Project 0529,2025-09-01,330.02,61466.51,45721.75
Project 0529,2025-10-01,278.81,63816.02,39580.18
Project 0529,2025-11-01,312.26,78379.45,58376.64
Project 0529,2025-12-01,329.42,72648.35,41252.16
Project 0529,2026-01-01,318.98,80741.97,52808.17
Project 0529,2026-02-01,245.07,66668.68,38445.79
Project 0529,2026-03-01,368.69,57298.35,40524.71
Project 0529,2026-04-01,332.66,76895.45,49737.61
Project 0529,2026-05-01,244.43,59206.34,43414.52
Project 0529,2026-06-01,328.51,57014.51,38525.6
Project 0529,2026-07-01,365.51,69507.44,40983.37
Project 0529,2026-08-01,325.25,76592.04,57052.36
Project 0530,2024-09-01,227.31,25567.11,15635.4
Project 0530,2024-10-01,239.42,24905.88,15583.81
Project 0530,2024-11-01,279.86,23120.54,15678.53
Project 0530,2024-12-01,299.93,23815.54,16611.61
Project 0530,2025-01-01,254.9,26024.53,14543.48
Project 0530,2025-02-01,322.05,20920.18,11855.0
Project 0530,2025-03-01,262.95,23287.13,17100.08
Project 0530,2025-04-01,306.76,25523.45,14540.81
Project 0530,2025-05-01,228.28,18346.25,11271.29
Project 0530,2025-06-01,256.49,20067.12,11611.14
Project 0530,2025-07-01,314.03,24125.35,15623.34
Project 0530,2025-08-01,226.31,25745.42,14704.83
Project 0530,2025-09-01,330.56,19741.29,12502.15
Project 0530,2025-10-01,236.19,25487.98,18331.48
Project 0530,2025-11-01,300.61,20611.74,15353.53
Project 0530,2025-12-01,312.34,25558.8,14313.98
Project 0530,2026-01-01,312.84,22976.07,14471.83
Project 0530,2026-02-01,228.46,23956.09,14022.77
Project 0530,2026-03-01,264.64,23261.46,13809.17
Project 0530,2026-04-01,286.64,20396.2,14176.87
Project 0530,2026-05-01,327.33,19798.59,10921.61
Project 0530,2026-06-01,246.96,23708.93,15308.93
Project 0530,2026-07-01,279.69,22674.94,15991.63
Project 0530,2026-08-01,220.63,24691.73,17052.15
Project 0531,2024-09-01,188.62,18113.32,12168.13
Project 0531,2024-10-01,177.45,15490.06,11387.4
Project 0531,2024-11-01,164.8,15981.63,10790.33
Project 0531,2024-12-01,176.29,16742.43,9375.09
Project 0531,2025-01-01,184.51,21531.33,15894.53
Project 0531,2025-02-01,131.02,18243.99,11280.38
Project 0531,2025-03-01,197.23,18900.61,13733.44
Project 0531,2025-04-01,182.1,19429.02,14392.62
Project 0531,2025-05-01,176.89,21159.68,13923.3
Project 0531,2025-06-01,184.07,18632.7,13261.91
Project 0531,2025-07-01,163.32,16889.38,11894.01
Project 0531,2025-08-01,171.95,19979.79,12282.48
Project 0531,2025-09-01,173.46,19531.21,12431.35
Project 0531,2025-10-01,176.47,21899.84,15770.94
Project 0531,2025-11-01,184.08,16291.04,10921.09
Project 0531,2025-12-01,138.52,17500.85,10954.3
Project 0531,2026-01-01,138.85,18398.83,12585.27
Project 0531,2026-02-01,187.7,17492.97,11889.44
Project 0531,2026-03-01,154.95,17515.86,12934.23
Project 0531,2026-04-01,159.23,21817.67,14963.3
Project 0531,2026-05-01,201.5,22032.57,12435.77
Project 0531,2026-06-01,181.87,19155.29,11251.3
Project 0531,2026-07-01,162.91,20966.14,13618.56
Project 0531,2026-08-01,150.55,17271.77,9790.24
Project 0532,2024-09-01,25.08,3478.03,2025.76
Project 0532,2024-10-01,25.39,2624.89,1775.59
Project 0532,2024-11-01,31.47,3311.83,2242.57
Project 0532,2024-12-01,25.56,2925.76,1945.27
Project 0532,2025-01-01,28.13,3052.66,1986.31
Project 0532,2025-02-01,26.48,2534.77,1405.55
Project 0532,2025-03-01,25.15,2666.25,1760.42
Project 0532,2025-04-01,23.84,2670.8,1668.83
Project 0532,2025-05-01,32.34,2684.2,1908.31
Project 0532,2025-06-01,27.29,3347.67,2484.86
Project 0532,2025-07-01,24.49,3262.55,2192.78
Project 0532,2025-08-01,27.42,3058.77,2182.57
Project 0532,2025-09-01,29.17,3021.87,1813.48
Project 0532,2025-10-01,21.61,3478.62,2604.5
Project 0532,2025-11-01,26.12,3154.96,1931.33
Project 0532,2025-12-01,29.8,2908.98,1681.06
Project 0532,2026-01-01,22.05,2744.17,1743.46
Project 0532,2026-02-01,28.23,2889.61,2164.73
Project 0532,2026-03-01,30.95,3435.7,2333.32
Project 0532,2026-04-01,25.11,2763.54,1658.19
Project 0532,2026-05-01,25.72,2617.03,1909.14
Project 0532,2026-06-01,32.18,3275.14,1928.94
Project 0532,2026-07-01,29.92,3012.12,1934.06
Project 0532,2026-08-01,30.19,2854.84,1815.85
Project 0533,2024-09-01,85.04,15035.4,10965.18
Project 0533,2024-10-01,85.93,12052.91,7642.95
Project 0533,2024-11-01,91.35,13168.57,9513.37
Project 0533,2024-12-01,86.79,14483.57,9447.69
Project 0533,2025-01-01,76.1,12770.06,8934.31
Project 0533,2025-02-01,113.09,11597.92,7301.54
Project 0533,2025-03-01,108.21,13668.92,8010.8
Project 0533,2025-04-01,83.74,13287.61,8662.65
Project 0533,2025-05-01,80.86,13467.64,8971.65
Project 0533,2025-06-01,95.73,12882.3,9416.87
Project 0533,2025-07-01,93.8,13018.12,8384.7
Project 0533,2025-08-01,89.22,13672.91,9711.48
Project 0533,2025-09-01,86.35,12088.58,8072.15
Project 0533,2025-10-01,77.52,11965.61,7073.08
Project 0533,2025-11-01,74.18,15038.65,8672.67
Project 0533,2025-12-01,115.02,14307.17,9838.14
Project 0533,2026-01-01,109.77,15079.43,9741.22
Project 0533,2026-02-01,100.37,12311.73,8085.24
Project 0533,2026-03-01,114.07,10865.41,7215.17
Project 0533,2026-04-01,104.69,14854.55,9182.59
Project 0533,2026-05-01,107.04,14979.89,9526.59
Project 0533,2026-06-01,85.17,14694.67,10053.16
Project 0533,2026-07-01,110.21,11282.59,7851.4
Project 0533,2026-08-01,74.63,11461.15,7197.3
Project 0534,2024-09-01,335.2,32036.03,23855.66
Project 0534,2024-10-01,387.1,34842.67,21362.73
Project 0534,2024-11-01,420.98,34427.07,19528.1
Project 0534,2024-12-01,450.29,29883.52,19148.79
Project 0534,2025-01-01,449.64,34823.49,21850.76
Project 0534,2025-02-01,311.26,35165.92,20467.41
Project 0534,2025-03-01,365.6,27722.03,16250.79
Project 0534,2025-04-01,305.61,28410.51,18069.13
Project 0534,2025-05-01,386.62,33682.8,23983.23
Project 0534,2025-06-01,354.37,26198.33,14615.12
Project 0534,2025-07-01,389.83,28732.94,19072.18
Project 0534,2025-08-01,298.75,25382.65,15509.14
Project 0534,2025-09-01,291.91,33076.06,22266.32
Project 0534,2025-10-01,444.2,26717.54,16993.5
Project 0534,2025-11-01,406.17,25248.07,16333.53
Project 0534,2025-12-01,395.98,34264.47,23591.26
Project 0534,2026-01-01,357.82,33031.27,23402.97
Project 0534,2026-02-01,414.73,25277.71,17119.62
Project 0534,2026-03-01,340.97,30860.96,17677.85
Project 0534,2026-04-01,366.28,31732.31,18835.31
Project 0534,2026-05-01,377.34,25199.2,14496.07
Project 0534,2026-06-01,313.35,34785.74,19354.96
Project 0534,2026-07-01,317.36,27565.19,19522.98
Project 0534,2026-08-01,328.95,27860.51,20866.45
Project 0535,2024-09-01,81.47,24130.62,14746.82
Project 0535,2024-10-01,111.46,26657.13,19755.3
Project 0535,2024-11-01,109.96,30209.56,22605.5
Project 0535,2024-12-01,83.9,30226.27,19414.51
Project 0535,2025-01-01,91.23,27632.09,16105.51
Project 0535,2025-02-01,90.02,29695.04,20042.1
Project 0535,2025-03-01,100.18,25839.82,15953.78
Project 0535,2025-04-01,110.2,26723.19,19421.48
Project 0535,2025-05-01,104.8,27684.02,20012.28
Project 0535,2025-06-01,84.9,24062.87,14963.43
Project 0535,2025-07-01,121.49,25705.86,17038.32
Project 0535,2025-08-01,103.4,27834.21,20180.66
Project 0535,2025-09-01,100.39,25056.77,15139.11
Project 0535,2025-10-01,112.2,30376.97,22524.1
Project 0535,2025-11-01,84.74,27070.55,19742.07
Project 0535,2025-12-01,88.12,31466.98,19045.51
Project 0535,2026-01-01,97.76,25748.92,18431.3
Project 0535,2026-02-01,108.8,24074.24,14939.51
Project 0535,2026-03-01,92.73,24582.39,16142.15
Project 0535,2026-04-01,105.6,31772.22,21332.38
Project 0535,2026-05-01,81.24,23721.27,13660.91
Project 0535,2026-06-01,103.29,23590.55,15110.29
Project 0535,2026-07-01,93.29,22693.46,13059.47
Project 0535,2026-08-01,98.13,32433.05,20602.3
Project 0536,2024-09-01,167.09,12197.86,8454.37
Project 0536,2024-10-01,178.34,13282.88,8322.85
Project 0536,2024-11-01,186.64,11688.79,8410.56
Project 0536,2024-12-01,142.85,11158.32,7544.66
Project 0536,2025-01-01,206.52,13624.62,9559.73
Project 0536,2025-02-01,198.14,10250.82,5804.99
Project 0536,2025-03-01,168.19,11572.3,8460.02
Project 0536,2025-04-01,201.33,10181.44,5698.57
Project 0536,2025-05-01,162.07,12437.58,9268.27
Project 0536,2025-06-01,163.27,12312.64,7351.93
Project 0536,2025-07-01,160.4,12177.6,7152.65
Project 0536,2025-08-01,196.21,12212.41,7298.21
Project 0536,2025-09-01,191.4,11746.97,8673.77
Project 0536,2025-10-01,172.15,12860.89,9245.46
Project 0536,2025-11-01,149.09,11354.88,7019.82
Project 0536,2025-12-01,214.57,12866.27,9607.46
Project 0536,2026-01-01,176.71,12176.71,7091.86
Project 0536,2026-02-01,179.89,9942.83,6915.8
Project 0536,2026-03-01,192.28,10864.57,7215.83
Project 0536,2026-04-01,155.39,13432.57,8975.8
Project 0536,2026-05-01,159.52,11238.74,6984.41
Project 0536,2026-06-01,180.62,10742.22,7107.17
Project 0536,2026-07-01,200.73,13119.46,8009.47
Project 0536,2026-08-01,207.64,13393.34,9042.82
Project 0537,2024-09-01,287.8,35543.34,25159.84
Project 0537,2024-10-01,275.58,42255.03,26690.47
Project 0537,2024-11-01,388.19,38524.5,28040.12
Project 0537,2024-12-01,277.26,41226.24,25633.08
Project 0537,2025-01-01,301.74,37241.75,26226.99
Project 0537,2025-02-01,337.02,39759.13,22812.78
Project 0537,2025-03-01,262.9,40617.95,26792.97
Project 0537,2025-04-01,385.17,40617.91,25528.79
Project 0537,2025-05-01,400.54,43859.4,29760.41
Project 0537,2025-06-01,271.49,42975.53,30692.82
Project 0537,2025-07-01,273.02,45164.44,27059.55
Project 0537,2025-08-01,263.69,43548.94,30208.25
Project 0537,2025-09-01,329.01,38769.61,23196.97
Project 0537,2025-10-01,284.94,42801.46,28624.94
Project 0537,2025-11-01,375.67,49298.57,29495.54
Project 0537,2025-12-01,319.23,42939.09,31907.82
Project 0537,2026-01-01,272.86,47577.42,27771.44
Project 0537,2026-02-01,280.56,46084.44,34106.8
Project 0537,2026-03-01,371.42,50571.71,28085.51
Project 0537,2026-04-01,316.73,42701.82,30314.33
Project 0537,2026-05-01,313.8,39682.96,22567.71
Project 0537,2026-06-01,400.13,40540.99,29936.68
Project 0537,2026-07-01,390.35,46828.37,27733.36
Project 0537,2026-08-01,330.52,44847.45,28457.41
Project 0538,2024-09-01,138.66,25726.15,16642.27
Project 0538,2024-10-01,130.17,29660.12,17120.25
Project 0538,2024-11-01,137.27,23007.25,14910.17
Project 0538,2024-12-01,108.49,30508.14,22038.05
Project 0538,2025-01-01,112.98,30712.48,19420.72
Project 0538,2025-02-01,94.6,25982.93,17864.1
Project 0538,2025-03-01,139.6,25212.69,18392.04
Project 0538,2025-04-01,102.37,29645.79,16834.62
Project 0538,2025-05-01,140.08,30570.83,18966.38
Project 0538,2025-06-01,113.43,26003.27,18605.98
Project 0538,2025-07-01,99.21,29492.97,19964.92
Project 0538,2025-08-01,130.4,22621.36,15901.15
Project 0538,2025-09-01,125.91,30556.06,17909.45
Project 0538,2025-10-01,140.44,30347.13,20537.7
Project 0538,2025-11-01,102.26,25236.2,15048.16
Project 0538,2025-12-01,93.29,22691.59,13828.43
Project 0538,2026-01-01,125.68,31620.48,19833.04
Project 0538,2026-02-01,145.2,22631.9,14510.87
Project 0538,2026-03-01,130.92,32295.95,18093.73
Project 0538,2026-04-01,120.86,30990.43,19850.79
Project 0538,2026-05-01,133.81,29993.39,21273.89
Project 0538,2026-06-01,126.74,30019.85,20567.33
Project 0538,2026-07-01,129.35,30986.06,17670.47
Project 0538,2026-08-01,101.76,28886.21,15969.76
Project 0539,2024-09-01,176.67,34495.96,19677.16
Project 0539,2024-10-01,214.62,34507.28,20024.37
Project 0539,2024-11-01,241.16,35396.65,25754.96
Project 0539,2024-12-01,245.73,36136.91,24108.58
Project 0539,2025-01-01,232.31,34664.33,25458.14
Project 0539,2025-02-01,181.02,40637.49,23048.61
Project 0539,2025-03-01,193.74,34706.33,21405.03
Project 0539,2025-04-01,209.2,38420.12,24753.57
Project 0539,2025-05-01,172.25,36285.11,22992.55
Project 0539,2025-06-01,223.0,45143.21,28799.36
Project 0539,2025-07-01,182.12,32692.76,21738.38
Project 0539,2025-08-01,164.12,38410.85,21788.45
Project 0539,2025-09-01,175.41,36453.24,27032.58
Project 0539,2025-10-01,252.7,32011.46,21809.75
Project 0539,2025-11-01,212.38,37160.02,23486.06
Project 0539,2025-12-01,176.44,39450.38,22644.62
Project 0539,2026-01-01,168.96,38834.71,23630.8
Project 0539,2026-02-01,243.63,44330.93,31753.38
Project 0539,2026-03-01,164.93,38539.04,22131.96
Project 0539,2026-04-01,239.93,44228.21,27656.09
Project 0539,2026-05-01,241.61,41599.83,28041.08
Project 0539,2026-06-01,185.04,43318.52,27828.99
Project 0539,2026-07-01,220.89,39530.89,29545.31
Project 0539,2026-08-01,167.47,43213.71,25229.32
Project 0540,2024-09-01,31.72,12205.93,7101.33
Project 0540,2024-10-01,36.43,12245.37,8706.92
Project 0540,2024-11-01,33.14,10804.93,6267.92
Project 0540,2024-12-01,39.18,12185.67,7039.48
Project 0540,2025-01-01,30.34,10534.31,7369.12
Project 0540,2025-02-01,30.31,10347.6,5835.74
Project 0540,2025-03-01,29.86,12928.27,7187.26
Project 0540,2025-04-01,33.73,9747.05,6524.0
Project 0540,2025-05-01,35.14,11131.95,8169.3
Project 0540,2025-06-01,33.32,12628.07,7335.18
Project 0540,2025-07-01,37.02,12587.64,9345.68
Project 0540,2025-08-01,36.86,13248.23,7471.76
Project 0540,2025-09-01,41.23,9608.74,6626.27
Project 0540,2025-10-01,38.86,11803.67,7766.31
Project 0540,2025-11-01,31.48,11879.07,7615.68
Project 0540,2025-12-01,38.54,9526.26,5872.56
Project 0540,2026-01-01,42.64,12202.53,8155.3
Project 0540,2026-02-01,31.18,10841.11,6508.37
Project 0540,2026-03-01,37.69,13575.29,8662.52
Project 0540,2026-04-01,40.2,10438.34,6549.94
Project 0540,2026-05-01,31.43,10729.3,6299.45
Project 0540,2026-06-01,37.88,10614.2,6346.97
Project 0540,2026-07-01,33.6,9731.67,6490.74
Project 0540,2026-08-01,35.1,9730.1,5453.31
Project 0541,2024-09-01,352.38,91580.17,68022.24
Project 0541,2024-10-01,320.15,89273.61,61493.04
Project 0541,2024-11-01,343.67,94173.19,60054.18
Project 0541,2024-12-01,256.96,88068.38,60677.81
Project 0541,2025-01-01,342.9,90458.35,64544.72
Project 0541,2025-02-01,356.63,81735.96,60990.56
Project 0541,2025-03-01,313.93,97873.5,64782.13
Project 0541,2025-04-01,275.49,82258.54,50733.08
Project 0541,2025-05-01,363.65,75013.97,50556.82
Project 0541,2025-06-01,287.23,96566.68,58870.81
Project 0541,2025-07-01,275.55,72524.75,52800.35
Project 0541,2025-08-01,296.01,86005.3,57077.41
Project 0541,2025-09-01,261.12,95313.97,70830.85
Project 0541,2025-10-01,350.16,88521.84,57989.01
Project 0541,2025-11-01,311.46,75640.3,42629.96
Project 0541,2025-12-01,322.5,94099.63,57078.15
Project 0541,2026-01-01,356.54,76774.79,55138.23
Project 0541,2026-02-01,290.95,91428.1,66239.75
Project 0541,2026-03-01,238.46,75947.74,48344.84
Project 0541,2026-04-01,311.97,96118.72,57275.91
Project 0541,2026-05-01,335.33,88060.83,58126.1
Project 0541,2026-06-01,314.81,93811.83,53398.08
Project 0541,2026-07-01,254.87,92820.64,67438.93
Project 0541,2026-08-01,333.56,84193.09,62674.93
Project 0542,2024-09-01,247.19,27931.4,19975.68
Project 0542,2024-10-01,198.87,24625.0,16520.01
Project 0542,2024-11-01,224.38,25213.73,18790.68
Project 0542,2024-12-01,291.5,30204.89,22036.23
Project 0542,2025-01-01,299.55,24739.21,17893.96
Project 0542,2025-02-01,305.08,23958.02,15372.98
Project 0542,2025-03-01,287.93,33507.55,21378.72
Project 0542,2025-04-01,226.54,28749.66,18612.07
Project 0542,2025-05-01,297.41,24596.78,17036.77
Project 0542,2025-06-01,255.18,31767.71,18270.46
Project 0542,2025-07-01,232.59,29013.67,16016.16
Project 0542,2025-08-01,291.26,29813.18,20634.02
Project 0542,2025-09-01,287.4,25789.41,15780.54
Project 0542,2025-10-01,303.29,25737.54,14241.08
Project 0542,2025-11-01,248.01,25214.23,14710.33
Project 0542,2025-12-01,266.73,25207.04,17992.94
Project 0542,2026-01-01,207.12,30291.94,22085.12
Project 0542,2026-02-01,227.2,32975.77,21784.54
Project 0542,2026-03-01,270.52,28479.14,21233.74
Project 0542,2026-04-01,252.72,33629.77,19114.82
Project 0542,2026-05-01,242.03,26929.63,17690.79
Project 0542,2026-06-01,225.12,33362.45,21930.39
Project 0542,2026-07-01,298.62,26483.32,19809.3
Project 0542,2026-08-01,233.66,32441.24,19645.66
Project 0543,2024-09-01,354.57,86060.9,47493.83
Project 0543,2024-10-01,373.86,103924.45,57653.45
Project 0543,2024-11-01,346.09,84506.52,50558.66
Project 0543,2024-12-01,337.78,76927.6,56211.39
Project 0543,2025-01-01,249.9,102672.67,74426.54
Project 0543,2025-02-01,282.19,90166.06,60716.81
Project 0543,2025-03-01,287.65,103945.92,62926.53
Project 0543,2025-04-01,254.58,94542.92,67513.99
Project 0543,2025-05-01,367.86,93072.71,55485.11
Project 0543,2025-06-01,312.13,99238.86,57215.61
Project 0543,2025-07-01,348.53,100956.74,58924.11
Project 0543,2025-08-01,286.61,80211.37,59570.32
Project 0543,2025-09-01,297.61,100473.82,64637.56
Project 0543,2025-10-01,353.87,81439.62,47417.55
Project 0543,2025-11-01,334.49,83129.05,60307.54
Project 0543,2025-12-01,381.85,92534.89,68120.66
Project 0543,2026-01-01,288.01,95156.08,65335.67
Project 0543,2026-02-01,295.75,78508.22,55079.79
Project 0543,2026-03-01,307.61,99347.88,65041.8
Project 0543,2026-04-01,316.49,84634.27,55223.65
Project 0543,2026-05-01,354.99,94317.76,70267.04
Project 0543,2026-06-01,260.24,86266.19,59319.5
Project 0543,2026-07-01,367.84,88186.5,51087.22
Project 0543,2026-08-01,313.64,92831.5,58842.23
Project 0544,2024-09-01,166.25,28960.83,20857.17
Project 0544,2024-10-01,139.54,25610.65,16895.76
Project 0544,2024-11-01,158.34,26742.89,15779.11
Project 0544,2024-12-01,141.71,26347.59,19720.22
Project 0544,2025-01-01,176.74,31901.86,20822.79
Project 0544,2025-02-01,124.31,27965.0,16484.4
Project 0544,2025-03-01,155.43,32318.39,24157.6
Project 0544,2025-04-01,145.31,29234.34,17681.57
Project 0544,2025-05-01,144.85,32552.19,18855.15
Project 0544,2025-06-01,163.62,26049.0,15019.91
Project 0544,2025-07-01,150.78,24152.28,13687.83
Project 0544,2025-08-01,141.57,27214.1,17098.5
Project 0544,2025-09-01,132.18,28177.75,17991.07
Project 0544,2025-10-01,173.86,26894.9,18528.91
Project 0544,2025-11-01,165.22,32086.7,18424.73
Project 0544,2025-12-01,170.24,28373.71,20381.85
Project 0544,2026-01-01,134.79,25063.69,18107.22
Project 0544,2026-02-01,150.43,28153.53,18266.66
Project 0544,2026-03-01,162.39,24983.0,17777.77
Project 0544,2026-04-01,121.6,31726.23,21987.48
Project 0544,2026-05-01,185.56,24148.81,15610.95
Project 0544,2026-06-01,162.0,31099.93,23025.99
Project 0544,2026-07-01,138.57,33114.0,21410.64
Project 0544,2026-08-01,131.66,28344.89,20714.1
Project 0545,2024-09-01,293.44,27618.99,16044.05
Project 0545,2024-10-01,420.28,29334.59,19819.73
Project 0545,2024-11-01,326.87,26206.5,19529.22
Project 0545,2024-12-01,438.27,24508.87,17920.19
Project 0545,2025-01-01,430.1,31065.72,18033.45
Project 0545,2025-02-01,313.42,33833.63,22304.57
Project 0545,2025-03-01,361.31,29077.38,17547.5
Project 0545,2025-04-01,398.07,32136.34,23806.37
Project 0545,2025-05-01,367.01,29268.42,21385.69
Project 0545,2025-06-01,383.21,33591.01,23986.64
Project 0545,2025-07-01,341.47,29249.02,21141.59
Project 0545,2025-08-01,318.19,32101.05,17961.47
Project 0545,2025-09-01,413.88,29882.66,17912.87
Project 0545,2025-10-01,345.59,31997.54,19747.02
Project 0545,2025-11-01,428.68,25766.17,15334.47
Project 0545,2025-12-01,332.41,26880.98,16314.94
Project 0545,2026-01-01,336.08,25662.3,16535.62
Project 0545,2026-02-01,304.47,29737.75,20991.36
Project 0545,2026-03-01,426.07,27219.93,16765.04
Project 0545,2026-04-01,335.77,32998.24,21487.35
Project 0545,2026-05-01,341.29,27857.39,18767.98
Project 0545,2026-06-01,418.49,31217.11,20722.24
Project 0545,2026-07-01,437.51,26227.59,18011.92
Project 0545,2026-08-01,434.1,27882.52,20680.32
Project 0546,2024-09-01,171.56,9027.58,5045.44
Project 0546,2024-10-01,238.54,11339.67,7878.87
Project 0546,2024-11-01,197.31,11129.47,6493.22
Project 0546,2024-12-01,258.15,12265.4,7340.81
Project 0546,2025-01-01,206.02,9364.97,5241.4
Project 0546,2025-02-01,206.5,9342.84,5584.67
Project 0546,2025-03-01,257.35,11536.26,8442.56
Project 0546,2025-04-01,237.82,11030.38,7156.58
Project 0546,2025-05-01,231.19,9283.87,5755.91
Project 0546,2025-06-01,225.37,8746.11,5157.35
Project 0546,2025-07-01,260.16,12107.57,7051.87
Project 0546,2025-08-01,170.03,8836.26,6473.52
Project 0546,2025-09-01,211.83,9304.22,5223.69
Project 0546,2025-10-01,245.77,10148.97,6407.39
Project 0546,2025-11-01,236.4,11684.2,7635.17
Project 0546,2025-12-01,254.85,11539.65,8177.03
Project 0546,2026-01-01,237.66,11364.16,6616.44
Project 0546,2026-02-01,189.57,12352.48,7655.95
Project 0546,2026-03-01,181.86,10701.03,7155.94
Project 0546,2026-04-01,259.14,9421.24,6856.17
Project 0546,2026-05-01,213.2,10801.94,6162.72
Project 0546,2026-06-01,206.41,11866.33,7111.07
Project 0546,2026-07-01,234.41,12522.8,7072.54
Project 0546,2026-08-01,242.37,11782.35,7425.71
Project 0547,2024-09-01,354.95,56603.11,39772.96
Project 0547,2024-10-01,302.2,55483.12,37383.7
Project 0547,2024-11-01,419.33,66842.48,47655.91
Project 0547,2024-12-01,349.97,75283.02,53267.26
Project 0547,2025-01-01,322.89,54841.82,37229.61
Project 0547,2025-02-01,366.48,71638.24,46288.84
Project 0547,2025-03-01,303.89,59177.35,42909.29
Project 0547,2025-04-01,345.13,57038.27,41506.53
Project 0547,2025-05-01,296.53,57167.47,39359.91
Project 0547,2025-06-01,345.2,61486.89,41510.95
Project 0547,2025-07-01,402.7,62600.45,46562.03
Project 0547,2025-08-01,362.53,75617.34,46955.59
Project 0547,2025-09-01,328.53,63886.83,40781.83
Project 0547,2025-10-01,285.1,54002.1,38031.92
Project 0547,2025-11-01,401.85,61562.96,39768.98
Project 0547,2025-12-01,381.19,72630.42,42866.49
Project 0547,2026-01-01,387.62,64215.49,39564.67
Project 0547,2026-02-01,361.65,58238.5,35218.55
Project 0547,2026-03-01,319.3,67659.97,49480.81
Project 0547,2026-04-01,419.7,61776.48,37430.14
Project 0547,2026-05-01,296.95,67897.53,47913.55
Project 0547,2026-06-01,412.84,58400.96,37405.19
Project 0547,2026-07-01,333.8,55918.31,39475.26
Project 0547,2026-08-01,375.21,55489.7,36148.94
Project 0548,2024-09-01,248.31,28696.37,16083.98
Project 0548,2024-10-01,223.66,30772.35,17456.58
Project 0548,2024-11-01,214.02,26774.35,17598.9
Project 0548,2024-12-01,174.59,25858.62,15218.34
Project 0548,2025-01-01,177.42,30663.65,21361.74
Project 0548,2025-02-01,249.99,26950.19,15926.13
Project 0548,2025-03-01,220.9,29102.67,18027.77
Project 0548,2025-04-01,263.46,25531.63,15505.19
Project 0548,2025-05-01,186.56,26774.49,19944.92
Project 0548,2025-06-01,207.77,26631.01,15007.22
Project 0548,2025-07-01,232.56,33401.77,21935.4
Project 0548,2025-08-01,230.24,34732.54,25740.5
Project 0548,2025-09-01,208.54,32155.86,17922.05
Project 0548,2025-10-01,210.45,33289.03,22298.34
Project 0548,2025-11-01,174.18,34959.27,24538.7
Project 0548,2025-12-01,185.72,30082.94,20050.03
Project 0548,2026-01-01,256.9,31159.01,20387.73
Project 0548,2026-02-01,227.38,34417.57,22006.22
Project 0548,2026-03-01,190.64,29374.25,19586.93
Project 0548,2026-04-01,270.12,31287.65,19788.87
Project 0548,2026-05-01,189.66,29930.8,20039.1
Project 0548,2026-06-01,197.99,34644.22,19117.22
Project 0548,2026-07-01,176.53,32915.32,20797.72
Project 0548,2026-08-01,211.68,32044.53,19294.51
Project 0549,2024-09-01,205.09,34416.82,20168.58
Project 0549,2024-10-01,188.17,29833.05,20527.51
Project 0549,2024-11-01,176.48,33421.83,23026.75
Project 0549,2024-12-01,240.62,28835.58,19933.94
Project 0549,2025-01-01,193.54,28599.0,20456.06
Project 0549,2025-02-01,258.71,33746.52,21501.39
Project 0549,2025-03-01,209.42,30591.36,19878.65
Project 0549,2025-04-01,256.45,32713.3,19190.74
Project 0549,2025-05-01,221.12,30022.94,19442.82
Project 0549,2025-06-01,255.17,31546.39,22942.11
Project 0549,2025-07-01,246.27,27275.6,17615.17
Project 0549,2025-08-01,186.33,30160.15,16974.95
Project 0549,2025-09-01,239.24,36408.7,23319.24
Project 0549,2025-10-01,184.11,33998.42,22829.58
Project 0549,2025-11-01,220.21,32869.95,19739.05
Project 0549,2025-12-01,205.11,36149.59,20784.54
Project 0549,2026-01-01,232.43,32533.72,22804.66
Project 0549,2026-02-01,237.02,33909.39,20057.65
Project 0549,2026-03-01,199.83,35397.22,20133.83
Project 0549,2026-04-01,223.32,28863.6,17070.99
Project 0549,2026-05-01,226.37,29222.52,17959.81
Project 0549,2026-06-01,194.72,26496.45,18781.78
Project 0549,2026-07-01,189.84,36146.76,24804.05
Project 0549,2026-08-01,204.91,35602.87,25487.83
Project 0550,2024-09-01,300.52,86991.91,48832.75
Project 0550,2024-10-01,305.07,87315.2,48263.27
Project 0550,2024-11-01,273.6,75267.68,54971.03
Project 0550,2024-12-01,301.25,66545.06,47119.89
Project 0550,2025-01-01,388.77,84303.92,54753.65
Project 0550,2025-02-01,332.3,89221.74,63181.63
Project 0550,2025-03-01,394.63,72186.3,49592.23
Project 0550,2025-04-01,272.52,64421.22,46909.09
Project 0550,2025-05-01,305.01,84391.48,55218.97
Project 0550,2025-06-01,271.77,85569.04,49427.06
Project 0550,2025-07-01,268.66,81827.75,50775.21
Project 0550,2025-08-01,368.09,69184.63,38085.42
Project 0550,2025-09-01,271.13,65465.09,40170.39
Project 0550,2025-10-01,290.08,68657.64,42847.76
Project 0550,2025-11-01,272.18,68155.13,45435.64
Project 0550,2025-12-01,345.64,88267.95,61911.5
Project 0550,2026-01-01,279.07,88825.21,57022.41
Project 0550,2026-02-01,303.84,78183.02,52587.93
Project 0550,2026-03-01,380.11,79327.4,56838.33
Project 0550,2026-04-01,281.37,66204.98,39357.16
Project 0550,2026-05-01,339.38,69441.51,42741.12
Project 0550,2026-06-01,273.96,88301.35,52918.73
Project 0550,2026-07-01,342.29,85993.53,56711.5
Project 0550,2026-08-01,293.6,78523.77,55146.42
Project 0551,2024-09-01,111.2,19254.8,11272.37
Project 0551,2024-10-01,129.96,21470.02,15129.69
Project 0551,2024-11-01,127.26,20409.46,11743.75
Project 0551,2024-12-01,148.45,21403.04,13059.27
Project 0551,2025-01-01,146.52,19439.87,10700.17
Project 0551,2025-02-01,149.26,20458.85,11590.26
Project 0551,2025-03-01,159.74,21270.22,12932.99
Project 0551,2025-04-01,151.14,16941.11,9735.55
Project 0551,2025-05-01,138.34,21756.66,15925.05
Project 0551,2025-06-01,126.24,20262.69,13041.22
Project 0551,2025-07-01,159.13,19481.9,14073.16
Project 0551,2025-08-01,126.81,20545.35,13471.87
Project 0551,2025-09-01,122.83,16722.48,10210.94
Project 0551,2025-10-01,163.46,16322.04,9377.48
Project 0551,2025-11-01,139.93,20641.04,14786.28
Project 0551,2025-12-01,155.69,20946.91,13273.41
Project 0551,2026-01-01,114.44,21590.11,13793.57
Project 0551,2026-02-01,167.37,22701.82,12859.28
Project 0551,2026-03-01,128.14,19783.9,13763.55
Project 0551,2026-04-01,108.56,20910.59,15038.14
Project 0551,2026-05-01,168.48,17365.83,12695.92
Project 0551,2026-06-01,148.03,17137.97,10441.66
Project 0551,2026-07-01,162.78,16531.21,9690.02
Project 0551,2026-08-01,165.89,18731.85,10584.82
Project 0552,2024-09-01,377.5,48414.2,34016.46
Project 0552,2024-10-01,353.44,53134.71,37127.17
Project 0552,2024-11-01,428.57,54556.74,35481.73
Project 0552,2024-12-01,393.87,49377.69,35246.87
Project 0552,2025-01-01,302.68,47682.75,29899.96
Project 0552,2025-02-01,385.9,51309.49,35952.48
Project 0552,2025-03-01,312.84,47549.96,27248.1
Project 0552,2025-04-01,317.94,47230.9,35255.67
Project 0552,2025-05-01,376.63,42408.61,23339.73
Project 0552,2025-06-01,326.62,43345.59,30237.78
Project 0552,2025-07-01,286.46,47476.09,29712.16
Project 0552,2025-08-01,388.0,50022.09,28051.28
Project 0552,2025-09-01,324.64,54872.08,39963.62
Project 0552,2025-10-01,376.81,42658.88,26926.97
Project 0552,2025-11-01,365.43,48939.34,26936.68
Project 0552,2025-12-01,286.32,45013.07,30909.27
Project 0552,2026-01-01,347.03,53584.75,35095.89
Project 0552,2026-02-01,347.11,40139.81,23191.66
Project 0552,2026-03-01,312.46,40120.43,29053.96
Project 0552,2026-04-01,427.42,55781.74,41497.94
Project 0552,2026-05-01,310.45,51490.51,34119.37
Project 0552,2026-06-01,367.96,51503.98,34040.7
Project 0552,2026-07-01,360.39,49021.97,29811.13
Project 0552,2026-08-01,293.19,49889.7,29144.84
Project 0553,2024-09-01,96.94,36192.61,25853.71
Project 0553,2024-10-01,89.66,33952.73,24131.21
Project 0553,2024-11-01,113.66,26792.84,18382.89
Project 0553,2024-12-01,114.55,36213.02,22671.25
Project 0553,2025-01-01,100.15,35421.31,20594.76
Project 0553,2025-02-01,115.09,35113.81,19906.35
Project 0553,2025-03-01,101.81,36252.26,20126.51
Project 0553,2025-04-01,110.27,31870.36,20927.23
Project 0553,2025-05-01,113.86,33735.25,24422.71
Project 0553,2025-06-01,94.27,27779.64,15896.43
Project 0553,2025-07-01,117.11,32471.16,19040.1
Project 0553,2025-08-01,117.08,30313.03,21219.84
Project 0553,2025-09-01,94.33,26565.69,19859.9
Project 0553,2025-10-01,103.03,30872.24,21307.87
Project 0553,2025-11-01,98.24,33247.02,19168.88
Project 0553,2025-12-01,116.19,33748.42,24917.79
Project 0553,2026-01-01,97.09,32451.91,20016.08
Project 0553,2026-02-01,114.01,26930.88,15550.18
Project 0553,2026-03-01,107.83,29009.09,20043.91
Project 0553,2026-04-01,107.89,33439.56,22016.45
Project 0553,2026-05-01,119.0,27510.03,20039.08
Project 0553,2026-06-01,98.74,30623.25,19253.15
Project 0553,2026-07-01,107.43,32954.49,19651.18
Project 0553,2026-08-01,103.5,30641.78,22907.92
Project 0554,2024-09-01,337.16,27781.23,17205.87
Project 0554,2024-10-01,340.56,25306.66,17205.02
Project 0554,2024-11-01,327.7,29797.47,21628.8
Project 0554,2024-12-01,352.4,32374.6,19683.88
Project 0554,2025-01-01,285.13,32842.55,18199.05
Project 0554,2025-02-01,335.18,24783.56,14978.73
Project 0554,2025-03-01,320.61,27597.23,19271.2
Project 0554,2025-04-01,331.94,30271.51,22346.75
Project 0554,2025-05-01,269.02,33413.76,24437.43
Project 0554,2025-06-01,325.75,27487.41,19926.81
Project 0554,2025-07-01,345.43,30958.56,22769.07
Project 0554,2025-08-01,291.97,34613.9,25910.36
Project 0554,2025-09-01,298.94,27215.16,19108.88
Project 0554,2025-10-01,243.64,34648.13,25609.42
Project 0554,2025-11-01,359.4,34951.65,19981.05
Project 0554,2025-12-01,322.94,33270.52,18362.18
Project 0554,2026-01-01,256.82,34799.49,21901.55
Project 0554,2026-02-01,278.31,24646.15,16356.79
Project 0554,2026-03-01,370.31,34229.91,21724.75
Project 0554,2026-04-01,258.15,28880.63,18762.93
Project 0554,2026-05-01,258.83,34328.11,20709.96
Project 0554,2026-06-01,321.13,33809.18,20829.89
Project 0554,2026-07-01,251.21,32973.03,23795.65
Project 0554,2026-08-01,338.77,29836.44,19503.44
Project 0555,2024-09-01,19.29,1608.44,934.44
Project 0555,2024-10-01,18.55,1598.03,1003.55
Project 0555,2024-11-01,18.82,1925.39,1205.81
Project 0555,2024-12-01,21.48,1659.56,926.06
Project 0555,2025-01-01,17.28,1890.98,1182.75
Project 0555,2025-02-01,20.98,1866.1,1296.72
Project 0555,2025-03-01,18.12,1877.69,1208.92
Project 0555,2025-04-01,15.29,1744.67,1154.8
Project 0555,2025-05-01,19.1,1652.4,1085.41
Project 0555,2025-06-01,17.63,2049.09,1399.28
Project 0555,2025-07-01,19.64,1828.58,1103.35
Project 0555,2025-08-01,18.63,1615.42,1162.8
Project 0555,2025-09-01,18.06,1909.39,1147.58
Project 0555,2025-10-01,21.59,1934.38,1146.32
Project 0555,2025-11-01,15.51,1959.62,1430.83
Project 0555,2025-12-01,15.58,1859.86,1036.41
Project 0555,2026-01-01,19.01,1893.26,1272.77
Project 0555,2026-02-01,19.07,1758.36,1274.18
Project 0555,2026-03-01,16.9,2056.76,1331.9
Project 0555,2026-04-01,17.44,1625.44,1152.73
Project 0555,2026-05-01,17.28,1721.97,1239.86
Project 0555,2026-06-01,20.99,1452.81,851.75
Project 0555,2026-07-01,17.03,1626.38,1180.97
Project 0555,2026-08-01,19.45,2029.24,1294.43
Project 0556,2024-09-01,388.09,104110.15,77124.61
Project 0556,2024-10-01,432.54,120944.07,80638.95
Project 0556,2024-11-01,329.78,99450.81,65328.36
Project 0556,2024-12-01,303.55,97774.87,63088.66
Project 0556,2025-01-01,393.24,106152.28,59950.86
Project 0556,2025-02-01,400.66,102883.29,76361.29
Project 0556,2025-03-01,404.06,85862.65,48294.95
Project 0556,2025-04-01,320.29,90834.27,55933.42
Project 0556,2025-05-01,434.03,115821.2,72387.14
Project 0556,2025-06-01,327.58,100958.24,64260.2
Project 0556,2025-07-01,320.56,95144.23,55344.79
Project 0556,2025-08-01,310.91,113753.3,76579.51
Project 0556,2025-09-01,430.96,91155.25,55139.21
Project 0556,2025-10-01,366.72,86600.14,64946.59
Project 0556,2025-11-01,386.4,115146.35,67693.13
Project 0556,2025-12-01,431.08,89298.22,63182.2
Project 0556,2026-01-01,361.61,102105.89,71447.02
Project 0556,2026-02-01,358.74,104849.95,62946.06
Project 0556,2026-03-01,390.49,89486.18,64001.39
Project 0556,2026-04-01,407.39,112658.49,82890.78
Project 0556,2026-05-01,314.28,99591.35,56805.89
Project 0556,2026-06-01,389.52,120418.1,85756.79
Project 0556,2026-07-01,357.8,104832.2,61856.65
Project 0556,2026-08-01,302.01,116754.21,85236.01
Project 0557,2024-09-01,211.55,89091.85,50851.8
Project 0557,2024-10-01,219.27,113361.26,70402.8
Project 0557,2024-11-01,214.84,90712.34,59533.91
Project 0557,2024-12-01,312.97,117468.45,68575.56
Project 0557,2025-01-01,264.73,113390.13,68561.36
Project 0557,2025-02-01,236.46,104662.03,75977.35
Project 0557,2025-03-01,226.76,104085.37,69126.19
Project 0557,2025-04-01,267.09,100014.34,62308.45
Project 0557,2025-05-01,280.87,98720.72,68780.1
Project 0557,2025-06-01,215.74,114590.54,76073.09
Project 0557,2025-07-01,224.3,108656.34,79568.99
Project 0557,2025-08-01,310.6,90521.81,61772.2
Project 0557,2025-09-01,314.92,101773.32,75703.77
Project 0557,2025-10-01,292.56,117425.46,72548.53
Project 0557,2025-11-01,289.08,113046.15,69485.61
Project 0557,2025-12-01,300.3,115108.81,73734.74
Project 0557,2026-01-01,330.15,98015.53,61234.4
Project 0557,2026-02-01,275.16,85123.88,61882.57
Project 0557,2026-03-01,305.76,102666.6,57593.18
Project 0557,2026-04-01,219.93,105845.6,69992.66
Project 0557,2026-05-01,324.1,99563.52,57397.66
Project 0557,2026-06-01,226.92,82098.17,47956.93
Project 0557,2026-07-01,308.41,90733.62,56742.65
Project 0557,2026-08-01,243.1,111832.08,80754.86
Project 0558,2024-09-01,265.14,42124.41,29453.8
Project 0558,2024-10-01,229.86,49555.39,36502.67
Project 0558,2024-11-01,195.42,52674.22,35005.96
Project 0558,2024-12-01,270.37,57979.46,38661.67
Project 0558,2025-01-01,249.07,44834.17,33597.93
Project 0558,2025-02-01,210.74,50673.89,33470.11
Project 0558,2025-03-01,268.77,45001.67,32296.21
Project 0558,2025-04-01,266.18,44050.84,32534.36
Project 0558,2025-05-01,233.99,47785.51,27340.52
Project 0558,2025-06-01,222.4,43521.96,24369.5
Project 0558,2025-07-01,264.51,58042.72,32704.82
Project 0558,2025-08-01,194.71,42844.19,31532.97
Project 0558,2025-09-01,239.66,56098.35,39564.45
Project 0558,2025-10-01,198.18,45639.11,28000.77
Project 0558,2025-11-01,232.91,53087.52,31413.03
Project 0558,2025-12-01,240.99,49996.08,30593.79
Project 0558,2026-01-01,192.34,43361.93,25277.71
Project 0558,2026-02-01,179.61,53581.1,38950.78
Project 0558,2026-03-01,231.9,43525.55,32030.74
Project 0558,2026-04-01,210.68,43122.19,26545.56
Project 0558,2026-05-01,232.13,48297.03,29095.13
Project 0558,2026-06-01,267.88,42477.6,29723.92
Project 0558,2026-07-01,217.8,44457.37,25009.24
Project 0558,2026-08-01,177.53,42487.4,29790.28
Project 0559,2024-09-01,295.93,16352.43,9992.04
Project 0559,2024-10-01,208.51,18331.01,12410.49
Project 0559,2024-11-01,231.18,15847.46,11299.59
Project 0559,2024-12-01,307.93,13998.94,9898.77
Project 0559,2025-01-01,312.69,15817.57,9340.24
Project 0559,2025-02-01,300.55,16097.86,12063.11
Project 0559,2025-03-01,284.38,15119.93,9240.48
Project 0559,2025-04-01,213.91,18278.02,11281.82
Project 0559,2025-05-01,255.73,14137.14,9758.87
Project 0559,2025-06-01,269.74,15955.34,10591.43
Project 0559,2025-07-01,255.14,15452.19,8712.0
Project 0559,2025-08-01,251.88,16442.19,9137.64
Project 0559,2025-09-01,283.76,16765.33,10737.36
Project 0559,2025-10-01,260.35,17556.72,12413.23
Project 0559,2025-11-01,237.44,16768.82,11998.32
Project 0559,2025-12-01,232.63,14092.95,9418.28
Project 0559,2026-01-01,207.85,18814.31,10709.31
Project 0559,2026-02-01,238.92,15379.06,11053.05
Project 0559,2026-03-01,201.58,19430.39,10746.39
Project 0559,2026-04-01,215.09,18866.92,11657.25
Project 0559,2026-05-01,231.77,15336.12,9442.73
Project 0559,2026-06-01,270.36,15700.41,10609.66
Project 0559,2026-07-01,297.55,16819.34,12095.36
Project 0559,2026-08-01,261.63,14988.81,10593.6
Project 0560,2024-09-01,232.4,23978.39,15557.66
Project 0560,2024-10-01,283.91,21378.32,13170.16
Project 0560,2024-11-01,284.6,19616.98,12356.09
Project 0560,2024-12-01,311.52,17415.61,10099.82
Project 0560,2025-01-01,297.67,18515.5,11425.93
Project 0560,2025-02-01,274.96,19881.08,11169.34
Project 0560,2025-03-01,209.0,19187.32,11671.68
Project 0560,2025-04-01,308.22,24001.63,14686.3
Project 0560,2025-05-01,218.5,18811.77,11830.42
Project 0560,2025-06-01,301.65,23670.59,13236.26
Project 0560,2025-07-01,226.37,18976.38,13581.13
Project 0560,2025-08-01,245.52,20855.53,15460.65
Project 0560,2025-09-01,253.83,24423.21,14059.62
Project 0560,2025-10-01,215.82,18685.64,12820.23
Project 0560,2025-11-01,267.34,21603.92,12307.22
Project 0560,2025-12-01,264.9,23418.6,13306.3
Project 0560,2026-01-01,316.56,23067.63,14722.59
Project 0560,2026-02-01,214.58,18264.66,10140.1
Project 0560,2026-03-01,283.26,23244.6,15500.61
Project 0560,2026-04-01,318.64,23208.33,14629.82
Project 0560,2026-05-01,246.54,22753.35,14116.44
Project 0560,2026-06-01,269.44,23857.05,13696.87
Project 0560,2026-07-01,295.15,20454.12,15095.13
Project 0560,2026-08-01,248.51,22058.3,13243.73
Project 0561,2024-09-01,367.34,33826.08,18634.22
Project 0561,2024-10-01,384.13,31910.42,21847.34
Project 0561,2024-11-01,428.3,36711.6,24365.83
Project 0561,2024-12-01,406.36,31923.54,20044.01
Project 0561,2025-01-01,365.93,31543.31,19172.24
Project 0561,2025-02-01,387.57,33502.98,25100.08
Project 0561,2025-03-01,321.47,36608.23,20796.88
Project 0561,2025-04-01,280.67,33075.84,21266.14
Project 0561,2025-05-01,358.8,36798.76,26607.58
Project 0561,2025-06-01,350.96,34725.86,21249.98
Project 0561,2025-07-01,420.95,39017.78,29091.03
Project 0561,2025-08-01,433.14,40811.63,28257.64
Project 0561,2025-09-01,304.95,35582.87,25029.44
Project 0561,2025-10-01,411.24,37734.4,24243.98
Project 0561,2025-11-01,391.61,39702.46,23195.17
Project 0561,2025-12-01,406.78,31138.72,19777.4
Project 0561,2026-01-01,344.64,31664.76,18437.62
Project 0561,2026-02-01,288.96,39693.91,24635.96
Project 0561,2026-03-01,416.2,35511.36,25082.02
Project 0561,2026-04-01,408.52,28834.12,19538.69
Project 0561,2026-05-01,375.56,30219.84,21564.24
Project 0561,2026-06-01,436.11,36075.81,23499.81
Project 0561,2026-07-01,288.77,36963.01,26341.3
Project 0561,2026-08-01,366.64,36350.53,25145.91
Project 0562,2024-09-01,28.44,1266.39,844.31
Project 0562,2024-10-01,21.3,1248.39,804.42
Project 0562,2024-11-01,26.83,1256.48,805.63
Project 0562,2024-12-01,21.47,1082.25,751.29
Project 0562,2025-01-01,22.71,1311.3,838.15
Project 0562,2025-02-01,21.82,1153.58,709.72
Project 0562,2025-03-01,20.71,1133.88,738.04
Project 0562,2025-04-01,27.85,1217.62,820.75
Project 0562,2025-05-01,25.38,1169.78,768.8
Project 0562,2025-06-01,30.87,1425.25,1016.36
Project 0562,2025-07-01,30.26,1267.1,742.04
Project 0562,2025-08-01,24.98,1326.9,768.21
Project 0562,2025-09-01,25.21,1050.46,627.96
Project 0562,2025-10-01,23.39,1128.46,782.78
Project 0562,2025-11-01,27.88,1090.01,770.14
Project 0562,2025-12-01,22.57,1281.51,718.04
Project 0562,2026-01-01,29.35,1198.51,683.6
Project 0562,2026-02-01,25.06,1348.4,984.02
Project 0562,2026-03-01,27.74,1175.49,820.52
Project 0562,2026-04-01,21.56,1105.43,628.49
Project 0562,2026-05-01,25.97,1329.16,754.09
Project 0562,2026-06-01,21.38,1154.19,656.2
Project 0562,2026-07-01,20.86,1149.93,692.3
Project 0562,2026-08-01,26.11,1262.93,737.04
Project 0563,2024-09-01,94.39,16686.05,9734.42
Project 0563,2024-10-01,72.28,15707.33,10449.86
Project 0563,2024-11-01,99.1,15447.84,9208.12
Project 0563,2024-12-01,90.17,17003.4,10195.85
Project 0563,2025-01-01,83.12,18068.09,10016.49
Project 0563,2025-02-01,81.96,21040.12,12888.84
Project 0563,2025-03-01,65.43,18092.58,12548.95
Project 0563,2025-04-01,96.53,19033.88,12235.69
Project 0563,2025-05-01,70.23,20980.22,11776.24
Project 0563,2025-06-01,72.72,21788.94,15616.5
Project 0563,2025-07-01,69.05,17132.86,11933.14
Project 0563,2025-08-01,93.98,20643.39,14924.63
Project 0563,2025-09-01,77.91,18654.09,13061.48
Project 0563,2025-10-01,98.38,19235.2,12025.22
Project 0563,2025-11-01,84.76,15688.02,9737.46
Project 0563,2025-12-01,83.86,17707.81,13003.84
Project 0563,2026-01-01,77.16,17197.7,12524.22
Project 0563,2026-02-01,71.91,21430.38,14814.1
Project 0563,2026-03-01,97.32,18198.86,12674.58
Project 0563,2026-04-01,93.03,18729.69,14039.32
Project 0563,2026-05-01,76.94,18410.96,12361.25
Project 0563,2026-06-01,88.93,20001.19,12895.1
Project 0563,2026-07-01,93.19,17637.87,13081.16
Project 0563,2026-08-01,88.13,21219.93,13199.43
Project 0564,2024-09-01,103.23,17028.95,11184.32
Project 0564,2024-10-01,111.59,17958.42,11678.48
Project 0564,2024-11-01,144.35,13813.06,8564.74
Project 0564,2024-12-01,118.7,16793.12,11243.33
Project 0564,2025-01-01,115.82,17741.65,11600.42
Project 0564,2025-02-01,135.95,18038.39,10127.01
Project 0564,2025-03-01,118.58,16714.37,11562.26
Project 0564,2025-04-01,116.03,13481.6,7648.09
Project 0564,2025-05-01,146.47,18773.94,13960.64
Project 0564,2025-06-01,142.6,17151.83,11532.44
Project 0564,2025-07-01,144.09,16265.16,11470.73
Project 0564,2025-08-01,147.44,17677.7,13006.35
Project 0564,2025-09-01,113.36,15991.38,10432.09
Project 0564,2025-10-01,149.91,13928.95,10401.73
Project 0564,2025-11-01,139.2,17205.91,10577.07
Project 0564,2025-12-01,147.8,18456.43,10434.9
Project 0564,2026-01-01,112.14,14153.67,9776.43
Project 0564,2026-02-01,109.86,14457.69,9055.9
Project 0564,2026-03-01,152.04,16965.44,11990.81
Project 0564,2026-04-01,100.35,16653.15,10880.63
Project 0564,2026-05-01,114.33,14579.02,8749.92
Project 0564,2026-06-01,101.06,15418.48,10258.96
Project 0564,2026-07-01,134.43,13651.91,9503.92
Project 0564,2026-08-01,141.16,16230.15,12066.76
Project 0565,2024-09-01,313.09,103244.06,63468.91
Project 0565,2024-10-01,234.04,107307.07,60614.54
Project 0565,2024-11-01,249.78,121231.83,83629.39
Project 0565,2024-12-01,362.96,117745.69,81140.82
Project 0565,2025-01-01,314.1,94935.56,62166.52
Project 0565,2025-02-01,322.51,125944.76,82329.55
Project 0565,2025-03-01,289.9,114417.16,74563.54
Project 0565,2025-04-01,241.65,118275.64,79607.44
Project 0565,2025-05-01,344.3,93342.01,68932.39
Project 0565,2025-06-01,326.19,120550.57,89056.67
Project 0565,2025-07-01,261.54,98465.78,63628.89
Project 0565,2025-08-01,358.84,90166.78,50173.35
Project 0565,2025-09-01,278.08,113312.21,64655.17
Project 0565,2025-10-01,265.97,90841.18,51900.91
Project 0565,2025-11-01,263.64,126846.66,72153.73
Project 0565,2025-12-01,286.04,120136.91,86346.39
Project 0565,2026-01-01,362.45,122840.09,87310.51
Project 0565,2026-02-01,308.8,98293.69,64406.94
Project 0565,2026-03-01,270.52,109855.14,65037.34
Project 0565,2026-04-01,244.74,118061.34,66105.29
Project 0565,2026-05-01,329.61,104863.67,75890.53
Project 0565,2026-06-01,342.3,111110.9,61673.02
Project 0565,2026-07-01,248.92,107778.27,71838.91
Project 0565,2026-08-01,232.24,126086.21,86198.11
Project 0566,2024-09-01,246.21,11962.32,6626.57
Project 0566,2024-10-01,182.04,9558.77,5420.69
Project 0566,2024-11-01,214.65,11720.72,8145.48
Project 0566,2024-12-01,184.28,10285.0,7134.6
Project 0566,2025-01-01,183.88,11316.05,8315.86
Project 0566,2025-02-01,237.35,10083.56,5610.46
Project 0566,2025-03-01,267.91,10604.8,7712.89
Project 0566,2025-04-01,259.5,9743.22,5929.86
Project 0566,2025-05-01,244.7,12195.05,7565.94
Project 0566,2025-06-01,220.62,12422.62,7621.76
Project 0566,2025-07-01,265.41,9969.95,6996.07
Project 0566,2025-08-01,197.81,10242.82,6067.06
Project 0566,2025-09-01,183.68,9833.17,6361.54
Project 0566,2025-10-01,173.86,9042.62,6091.24
Project 0566,2025-11-01,256.15,9226.86,5271.73
Project 0566,2025-12-01,239.4,10991.98,6549.36
Project 0566,2026-01-01,220.24,12335.07,7562.19
Project 0566,2026-02-01,257.44,12385.07,8569.54
Project 0566,2026-03-01,211.24,10011.91,6887.66
Project 0566,2026-04-01,221.59,9603.07,6698.57
Project 0566,2026-05-01,243.78,11439.08,8332.04
Project 0566,2026-06-01,217.97,12646.06,7107.04
Project 0566,2026-07-01,184.37,12125.55,7201.23
Project 0566,2026-08-01,246.33,11421.41,7868.55
Project 0567,2024-09-01,228.48,69401.66,49722.07
Project 0567,2024-10-01,187.63,75138.59,48296.47
Project 0567,2024-11-01,216.63,62713.58,45354.0
Project 0567,2024-12-01,196.71,79306.43,56909.36
Project 0567,2025-01-01,221.14,78367.06,58492.13
Project 0567,2025-02-01,173.04,78866.16,56324.05
Project 0567,2025-03-01,194.06,67800.32,48089.4
Project 0567,2025-04-01,152.09,66299.37,45987.16
Project 0567,2025-05-01,229.32,81214.38,57644.51
Project 0567,2025-06-01,220.13,82054.29,45623.81
Project 0567,2025-07-01,178.64,67138.46,39869.02
Project 0567,2025-08-01,194.4,78558.84,56346.95
Project 0567,2025-09-01,200.43,73550.59,46103.69
Project 0567,2025-10-01,208.35,78346.52,48398.59
Project 0567,2025-11-01,189.49,83542.86,51238.34
Project 0567,2025-12-01,168.94,75752.83,54248.78
Project 0567,2026-01-01,224.36,75563.55,46532.81
Project 0567,2026-02-01,192.75,79997.94,44945.34
Project 0567,2026-03-01,168.5,63177.31,44451.44
Project 0567,2026-04-01,197.98,63405.47,43147.96
Project 0567,2026-05-01,216.98,77945.39,54056.75
Project 0567,2026-06-01,196.4,63661.72,38708.48
Project 0567,2026-07-01,213.92,77976.99,46468.79
Project 0567,2026-08-01,154.86,74569.46,52475.25
Project 0568,2024-09-01,329.93,53814.5,38275.63
Project 0568,2024-10-01,305.24,55185.27,34224.75
Project 0568,2024-11-01,334.23,44702.62,28582.0
Project 0568,2024-12-01,280.86,49071.23,27530.59
Project 0568,2025-01-01,344.99,51621.01,29318.02
Project 0568,2025-02-01,350.14,46899.3,31756.36
Project 0568,2025-03-01,431.85,42196.99,27214.57
Project 0568,2025-04-01,418.23,52069.58,28969.67
Project 0568,2025-05-01,360.35,50675.35,28453.27
Project 0568,2025-06-01,310.07,52284.37,36095.89
Project 0568,2025-07-01,396.5,46485.05,34322.34
Project 0568,2025-08-01,351.26,55224.15,32861.38
Project 0568,2025-09-01,379.09,57539.51,36203.32
Project 0568,2025-10-01,295.48,48571.95,31623.17
Project 0568,2025-11-01,332.88,43159.47,27982.59
Project 0568,2025-12-01,373.62,56756.24,35437.35
Project 0568,2026-01-01,392.89,42105.0,27089.12
Project 0568,2026-02-01,378.68,41316.29,25616.97
Project 0568,2026-03-01,407.31,47209.3,27261.56
Project 0568,2026-04-01,332.55,46094.43,25382.63
Project 0568,2026-05-01,406.76,54957.64,37501.29
Project 0568,2026-06-01,318.27,55898.66,33210.85
Project 0568,2026-07-01,368.48,41322.71,26829.64
Project 0568,2026-08-01,351.06,54344.48,32098.42
Project 0569,2024-09-01,29.92,6246.47,4629.67
Project 0569,2024-10-01,25.33,5691.25,4098.87
Project 0569,2024-11-01,29.78,6385.34,3545.13
Project 0569,2024-12-01,28.51,4672.65,3239.3
Project 0569,2025-01-01,23.85,5280.74,3800.63
Project 0569,2025-02-01,28.44,6567.61,3708.17
Project 0569,2025-03-01,34.58,5200.75,3424.44
Project 0569,2025-04-01,28.28,5387.57,3087.5
Project 0569,2025-05-01,30.12,5297.82,3627.04
Project 0569,2025-06-01,35.92,5141.55,3326.38
Project 0569,2025-07-01,31.8,5430.3,3168.71
Project 0569,2025-08-01,28.44,4827.76,2693.83
Project 0569,2025-09-01,32.85,5374.65,3829.03
Project 0569,2025-10-01,33.12,5782.65,4144.0
Project 0569,2025-11-01,28.08,6172.88,4103.01
Project 0569,2025-12-01,31.56,5147.15,3269.47
Project 0569,2026-01-01,26.23,5364.99,3553.51
Project 0569,2026-02-01,31.49,6084.46,3430.69
Project 0569,2026-03-01,23.82,6478.0,4709.58
Project 0569,2026-04-01,25.05,6158.63,3678.63
Project 0569,2026-05-01,36.09,5316.9,3966.33
Project 0569,2026-06-01,29.13,4788.58,2776.69
Project 0569,2026-07-01,37.05,5174.56,3864.8
Project 0569,2026-08-01,26.23,5565.46,3669.89
Project 0570,2024-09-01,318.42,57606.04,41110.14
Project 0570,2024-10-01,210.19,57344.26,42985.81
Project 0570,2024-11-01,258.62,65621.45,39877.57
Project 0570,2024-12-01,226.32,50616.12,27898.3
Project 0570,2025-01-01,286.87,63726.01,44822.28
Project 0570,2025-02-01,219.42,54651.35,37167.94
Project 0570,2025-03-01,312.11,61566.88,40428.09
Project 0570,2025-04-01,266.03,60349.67,42634.89
Project 0570,2025-05-01,317.16,50922.91,35281.32
Project 0570,2025-06-01,322.08,70084.8,41714.53
Project 0570,2025-07-01,265.79,63300.69,41621.71
Project 0570,2025-08-01,316.66,51563.51,38205.3
Project 0570,2025-09-01,238.72,65660.79,46451.16
Project 0570,2025-10-01,276.32,66671.33,38939.25
Project 0570,2025-11-01,278.08,54964.74,31646.77
Project 0570,2025-12-01,233.29,66518.46,48697.9
Project 0570,2026-01-01,242.92,70403.85,39896.27
Project 0570,2026-02-01,261.32,64031.71,37057.82
Project 0570,2026-03-01,326.02,62265.02,35104.8
Project 0570,2026-04-01,272.04,56350.89,39934.31
Project 0570,2026-05-01,295.12,50932.99,29438.08
Project 0570,2026-06-01,290.29,68877.82,44171.5
Project 0570,2026-07-01,295.15,68676.78,48199.89
Project 0570,2026-08-01,281.64,56929.48,32917.83
Project 0571,2024-09-01,181.76,19530.65,13963.96
Project 0571,2024-10-01,150.11,15697.52,10796.65
Project 0571,2024-11-01,159.19,14737.14,10783.79
Project 0571,2024-12-01,169.69,15204.63,11238.0
Project 0571,2025-01-01,175.26,14495.76,10252.73
Project 0571,2025-02-01,198.43,20084.65,14615.16
Project 0571,2025-03-01,147.68,14586.07,10174.44
Project 0571,2025-04-01,188.03,19106.08,13298.89
Project 0571,2025-05-01,183.26,19764.47,14615.13
Project 0571,2025-06-01,177.39,18734.59,11883.42
Project 0571,2025-07-01,190.04,19086.2,13617.79
Project 0571,2025-08-01,181.56,19279.96,14250.6
Project 0571,2025-09-01,155.74,18797.58,12663.88
Project 0571,2025-10-01,184.32,15638.77,11072.05
Project 0571,2025-11-01,191.67,19478.12,13764.43
Project 0571,2025-12-01,183.67,17338.89,12586.67
Project 0571,2026-01-01,167.72,17469.94,12393.15
Project 0571,2026-02-01,216.22,14687.32,9076.96
Project 0571,2026-03-01,194.43,18328.32,10583.06
Project 0571,2026-04-01,185.38,19543.22,12030.53
Project 0571,2026-05-01,189.61,19718.16,13943.8
Project 0571,2026-06-01,150.11,20608.53,14424.31
Project 0571,2026-07-01,209.54,19133.38,12084.9
Project 0571,2026-08-01,190.79,19837.39,11183.42
Project 0572,2024-09-01,226.79,70063.6,49546.63
Project 0572,2024-10-01,264.43,80728.26,52346.17
Project 0572,2024-11-01,276.82,69905.52,45293.35
Project 0572,2024-12-01,198.11,88768.12,54101.17
Project 0572,2025-01-01,264.88,83753.45,47772.2
Project 0572,2025-02-01,236.74,92704.95,60252.01
Project 0572,2025-03-01,189.86,95615.11,71534.52
Project 0572,2025-04-01,210.96,94951.29,60798.76
Project 0572,2025-05-01,231.48,69866.66,46080.13
Project 0572,2025-06-01,217.28,97126.53,64504.02
Project 0572,2025-07-01,239.7,91503.91,53185.26
Project 0572,2025-08-01,191.92,74305.66,44103.81
Project 0572,2025-09-01,253.03,79038.02,44434.0
Project 0572,2025-10-01,204.53,93917.57,63176.92
Project 0572,2025-11-01,193.51,85824.12,52134.67
Project 0572,2025-12-01,241.26,78058.11,55241.73
Project 0572,2026-01-01,187.6,99234.37,73208.5
Project 0572,2026-02-01,214.12,86088.92,52248.65
Project 0572,2026-03-01,234.48,75431.2,55759.0
Project 0572,2026-04-01,222.19,74618.32,44082.24
Project 0572,2026-05-01,265.95,74421.01,44830.66
Project 0572,2026-06-01,270.32,76608.32,48049.36
Project 0572,2026-07-01,251.15,69374.22,45329.28
Project 0572,2026-08-01,235.82,92517.24,57384.14
Project 0573,2024-09-01,423.35,113251.43,66978.81
Project 0573,2024-10-01,322.99,156812.62,112184.86
Project 0573,2024-11-01,358.1,148021.28,93303.85
Project 0573,2024-12-01,368.75,143905.4,97336.41
Project 0573,2025-01-01,373.37,132685.39,77996.45
Project 0573,2025-02-01,340.81,112713.75,72494.37
Project 0573,2025-03-01,350.2,153667.84,97853.18
Project 0573,2025-04-01,316.67,142536.71,103243.32
Project 0573,2025-05-01,433.84,130635.62,78937.05
Project 0573,2025-06-01,409.14,132462.81,87582.47
Project 0573,2025-07-01,328.63,141882.61,87355.96
Project 0573,2025-08-01,315.98,134485.93,77364.54
Project 0573,2025-09-01,408.61,150671.88,110956.49
Project 0573,2025-10-01,351.22,138286.45,78906.83
Project 0573,2025-11-01,357.05,150992.78,99991.46
Project 0573,2025-12-01,367.99,125141.38,88393.67
Project 0573,2026-01-01,443.25,144338.71,93694.56
Project 0573,2026-02-01,291.74,135549.28,85108.22
Project 0573,2026-03-01,339.93,154441.76,108606.9
Project 0573,2026-04-01,303.74,157113.6,96907.45
Project 0573,2026-05-01,321.62,132885.61,73417.61
Project 0573,2026-06-01,370.05,132607.81,89521.79
Project 0573,2026-07-01,324.16,149873.28,84259.84
Project 0573,2026-08-01,363.71,114371.8,84000.06
Project 0574,2024-09-01,83.94,26087.57,15141.06
Project 0574,2024-10-01,95.05,21068.4,14992.55
Project 0574,2024-11-01,114.75,24430.29,17629.39
Project 0574,2024-12-01,75.95,21749.51,12991.37
Project 0574,2025-01-01,96.66,23116.68,13824.52
Project 0574,2025-02-01,84.41,19297.21,11615.94
Project 0574,2025-03-01,105.63,25170.18,16624.06
Project 0574,2025-04-01,110.39,18413.84,12162.21
Project 0574,2025-05-01,77.95,23254.67,16579.88
Project 0574,2025-06-01,113.06,24888.68,16317.46
Project 0574,2025-07-01,78.27,21392.29,12595.29
Project 0574,2025-08-01,77.82,20047.36,11645.01
Project 0574,2025-09-01,98.55,25325.95,17801.56
Project 0574,2025-10-01,80.91,20442.16,12769.21
Project 0574,2025-11-01,87.9,24577.0,14522.72
Project 0574,2025-12-01,101.92,18425.46,11740.05
Project 0574,2026-01-01,97.45,20312.3,14018.02
Project 0574,2026-02-01,101.27,20222.17,12174.37
Project 0574,2026-03-01,106.58,26123.1,17516.36
Project 0574,2026-04-01,100.31,19622.37,13933.67
Project 0574,2026-05-01,108.54,24130.93,14805.77
Project 0574,2026-06-01,98.27,20867.17,12639.9
Project 0574,2026-07-01,94.93,19148.84,10539.23
Project 0574,2026-08-01,107.32,24319.74,16060.35
Project 0575,2024-09-01,252.81,29670.93,20457.84
Project 0575,2024-10-01,280.14,22990.44,15605.59
Project 0575,2024-11-01,227.54,28330.96,15741.45
Project 0575,2024-12-01,291.26,31175.76,22183.34
Project 0575,2025-01-01,199.19,31308.57,18025.44
Project 0575,2025-02-01,192.44,30961.98,17606.24
Project 0575,2025-03-01,245.62,30348.09,19069.09
Project 0575,2025-04-01,279.87,27771.63,19479.75
Project 0575,2025-05-01,290.32,29123.04,19054.08
Project 0575,2025-06-01,231.99,22419.86,12763.95
Project 0575,2025-07-01,213.46,23497.11,14715.61
Project 0575,2025-08-01,204.4,27068.83,16575.44
Project 0575,2025-09-01,225.2,25063.0,14325.97
Project 0575,2025-10-01,245.34,26244.64,14943.43
Project 0575,2025-11-01,266.8,27451.98,15143.83
Project 0575,2025-12-01,235.98,22822.9,16536.46
Project 0575,2026-01-01,196.26,32118.0,17782.72
Project 0575,2026-02-01,236.09,24595.74,16340.41
Project 0575,2026-03-01,280.91,31880.26,21118.12
Project 0575,2026-04-01,220.52,25896.15,17208.64
Project 0575,2026-05-01,237.6,29414.0,17968.42
Project 0575,2026-06-01,245.72,28355.75,18019.33
Project 0575,2026-07-01,216.36,29678.14,19201.31
Project 0575,2026-08-01,263.27,31556.05,19804.4
Project 0576,2024-09-01,34.7,1795.24,1027.79
Project 0576,2024-10-01,42.03,1661.33,1066.97
Project 0576,2024-11-01,31.1,1819.62,1130.43
Project 0576,2024-12-01,33.23,2038.06,1223.06
Project 0576,2025-01-01,29.74,1484.44,990.06
Project 0576,2025-02-01,38.5,1867.42,1228.7
Project 0576,2025-03-01,29.34,1760.25,1264.1
Project 0576,2025-04-01,30.3,1774.26,1024.05
Project 0576,2025-05-01,32.11,1774.18,1302.95
Project 0576,2025-06-01,43.93,1765.3,1230.12
Project 0576,2025-07-01,34.44,1962.93,1132.23
Project 0576,2025-08-01,34.73,1886.22,1395.38
Project 0576,2025-09-01,38.26,1571.75,1136.71
Project 0576,2025-10-01,43.53,1704.37,963.52
Project 0576,2025-11-01,40.69,1821.07,1075.09
Project 0576,2025-12-01,29.46,1485.68,911.98
Project 0576,2026-01-01,31.78,1590.48,1020.62
Project 0576,2026-02-01,44.2,1502.84,1035.7
Project 0576,2026-03-01,39.31,1468.2,1040.03
Project 0576,2026-04-01,41.7,1569.93,1055.55
Project 0576,2026-05-01,39.71,1969.37,1360.69
Project 0576,2026-06-01,33.26,1549.31,1014.26
Project 0576,2026-07-01,35.88,1520.35,971.6
Project 0576,2026-08-01,31.39,1596.02,956.78
Project 0577,2024-09-01,20.35,3031.57,1918.35
Project 0577,2024-10-01,23.85,2587.58,1785.63
Project 0577,2024-11-01,17.79,2846.97,1972.78
Project 0577,2024-12-01,18.13,3339.61,2239.31
Project 0577,2025-01-01,17.27,2841.97,1975.64
Project 0577,2025-02-01,23.05,2471.61,1498.37
Project 0577,2025-03-01,17.96,2990.2,1866.42
Project 0577,2025-04-01,20.84,2506.16,1485.29
Project 0577,2025-05-01,17.46,2594.08,1823.86
Project 0577,2025-06-01,17.92,3067.66,1977.06
Project 0577,2025-07-01,24.7,3090.06,1736.35
Project 0577,2025-08-01,22.24,2777.0,1536.02
Project 0577,2025-09-01,23.45,2652.38,1647.52
Project 0577,2025-10-01,22.34,2485.61,1491.39
Project 0577,2025-11-01,24.91,3132.82,2053.79
Project 0577,2025-12-01,21.29,3025.31,2158.53
Project 0577,2026-01-01,20.22,2650.48,1932.22
Project 0577,2026-02-01,19.46,3155.88,2261.27
Project 0577,2026-03-01,22.41,2647.45,1962.53
Project 0577,2026-04-01,23.96,2999.69,2091.04
Project 0577,2026-05-01,25.56,3304.87,1832.43
Project 0577,2026-06-01,22.04,2426.23,1797.47
Project 0577,2026-07-01,24.34,2906.33,2044.84
Project 0577,2026-08-01,21.27,2919.51,1860.33
Project 0578,2024-09-01,32.61,9437.86,5586.4
Project 0578,2024-10-01,26.37,11872.61,6592.85
Project 0578,2024-11-01,32.97,9126.16,5253.83
Project 0578,2024-12-01,24.16,11247.31,7308.35
Project 0578,2025-01-01,26.04,9263.11,5325.96
Project 0578,2025-02-01,26.45,10567.63,6584.66
Project 0578,2025-03-01,23.58,8643.45,5977.0
Project 0578,2025-04-01,27.4,9587.07,6736.0
Project 0578,2025-05-01,24.7,10153.94,6701.24
Project 0578,2025-06-01,29.37,11479.48,7278.41
Project 0578,2025-07-01,24.98,8967.17,6628.74
Project 0578,2025-08-01,22.97,11370.16,6266.13
Project 0578,2025-09-01,33.67,9152.34,6095.53
Project 0578,2025-10-01,27.69,11618.77,8311.22
Project 0578,2025-11-01,27.21,8626.13,5395.81
Project 0578,2025-12-01,25.63,12150.13,7695.69
Project 0578,2026-01-01,32.88,11321.79,8215.97
Project 0578,2026-02-01,33.73,9967.09,6784.61
Project 0578,2026-03-01,33.45,11665.16,6960.83
Project 0578,2026-04-01,29.22,10356.39,7358.09
Project 0578,2026-05-01,24.51,9991.83,6980.76
Project 0578,2026-06-01,33.1,10702.74,7288.63
Project 0578,2026-07-01,33.96,8562.58,5725.13
Project 0578,2026-08-01,33.24,10715.92,7316.42
Project 0579,2024-09-01,96.83,5675.93,4214.03
Project 0579,2024-10-01,100.11,4853.11,3464.67
Project 0579,2024-11-01,100.53,5698.68,3460.42
Project 0579,2024-12-01,121.68,6732.46,4243.62
Project 0579,2025-01-01,116.24,6490.66,3969.6
Project 0579,2025-02-01,130.04,5029.11,3365.7
Project 0579,2025-03-01,122.08,4881.58,2840.54
Project 0579,2025-04-01,104.77,6707.23,4622.64
Project 0579,2025-05-01,127.28,6038.7,3840.6
Project 0579,2025-06-01,142.32,4844.58,2850.09
Project 0579,2025-07-01,98.41,6272.04,3802.36
Project 0579,2025-08-01,112.79,5841.31,4332.22
Project 0579,2025-09-01,139.29,6432.09,4361.85
Project 0579,2025-10-01,118.26,5141.38,3614.94
Project 0579,2025-11-01,136.23,4824.85,3262.9
Project 0579,2025-12-01,127.43,6177.31,4444.9
Project 0579,2026-01-01,110.89,4871.66,3169.13
Project 0579,2026-02-01,140.37,5814.03,3247.09
Project 0579,2026-03-01,120.01,6470.49,4276.51
Project 0579,2026-04-01,124.79,5349.56,3633.86
Project 0579,2026-05-01,126.53,5080.57,3065.32
Project 0579,2026-06-01,123.14,6105.91,4232.56
Project 0579,2026-07-01,97.77,4732.44,3398.08
Project 0579,2026-08-01,134.85,5473.53,3079.05
Project 0580,2024-09-01,193.28,71847.59,46245.81
Project 0580,2024-10-01,192.64,75803.27,47008.07
Project 0580,2024-11-01,279.25,65944.2,40656.01
Project 0580,2024-12-01,260.15,72733.5,44470.24
Project 0580,2025-01-01,204.58,61769.03,42533.69
Project 0580,2025-02-01,200.78,66996.69,45156.71
Project 0580,2025-03-01,194.21,65480.93,48504.39
Project 0580,2025-04-01,191.94,73385.26,54030.16
Project 0580,2025-05-01,188.9,75311.86,44456.27
Project 0580,2025-06-01,282.95,70272.8,50218.56
Project 0580,2025-07-01,187.97,60383.5,38921.84
Project 0580,2025-08-01,210.3,55916.7,37912.61
Project 0580,2025-09-01,224.16,65395.55,48130.63
Project 0580,2025-10-01,235.83,58292.06,38746.67
Project 0580,2025-11-01,258.79,61325.23,44366.09
Project 0580,2025-12-01,266.8,66488.16,37379.14
Project 0580,2026-01-01,233.15,57370.56,42121.69
Project 0580,2026-02-01,230.01,66255.64,44392.7
Project 0580,2026-03-01,253.35,56681.11,32240.45
Project 0580,2026-04-01,259.75,67318.66,42565.69
Project 0580,2026-05-01,200.47,75176.04,43917.22
Project 0580,2026-06-01,282.65,65910.47,41400.98
Project 0580,2026-07-01,257.54,75540.49,53370.19
Project 0580,2026-08-01,244.77,75810.26,51424.42
Project 0581,2024-09-01,333.84,42090.48,25451.32
Project 0581,2024-10-01,324.45,45162.11,30277.28
Project 0581,2024-11-01,332.48,34153.46,19688.96
Project 0581,2024-12-01,241.21,47717.54,33118.6
Project 0581,2025-01-01,327.37,38879.16,25418.82
Project 0581,2025-02-01,240.41,42832.68,31837.35
Project 0581,2025-03-01,354.43,33640.02,22325.2
Project 0581,2025-04-01,314.46,37378.21,25588.35
Project 0581,2025-05-01,232.64,44314.1,33082.98
Project 0581,2025-06-01,280.2,42662.36,28333.36
Project 0581,2025-07-01,263.04,36205.01,20533.89
Project 0581,2025-08-01,263.61,46501.89,32455.62
Project 0581,2025-09-01,249.7,37612.24,21500.17
Project 0581,2025-10-01,246.24,46222.88,26228.24
Project 0581,2025-11-01,278.74,33720.95,24904.18
Project 0581,2025-12-01,245.63,46934.09,25931.04
Project 0581,2026-01-01,270.84,44617.89,31988.14
Project 0581,2026-02-01,295.3,36748.76,20453.96
Project 0581,2026-03-01,253.91,46729.35,28455.4
Project 0581,2026-04-01,266.2,40631.63,22673.78
Project 0581,2026-05-01,356.28,34010.86,20920.05
Project 0581,2026-06-01,352.02,38496.64,27610.98
Project 0581,2026-07-01,317.2,43676.58,31019.86
Project 0581,2026-08-01,317.96,36064.75,20545.36
Project 0582,2024-09-01,198.21,9447.49,6537.29
Project 0582,2024-10-01,242.78,12447.65,7883.41
Project 0582,2024-11-01,244.92,10963.75,7374.84
Project 0582,2024-12-01,197.62,11025.66,7424.59
Project 0582,2025-01-01,229.77,9025.11,6445.28
Project 0582,2025-02-01,185.43,9655.99,7184.51
Project 0582,2025-03-01,204.11,12255.42,7251.71
Project 0582,2025-04-01,216.96,10260.27,7328.05
Project 0582,2025-05-01,245.77,9888.84,7276.79
Project 0582,2025-06-01,176.66,10438.36,7468.89
Project 0582,2025-07-01,188.89,11726.5,7849.5
Project 0582,2025-08-01,192.07,12182.39,7243.41
Project 0582,2025-09-01,273.28,9742.28,5805.47
Project 0582,2025-10-01,178.83,9997.39,7464.61
Project 0582,2025-11-01,246.2,9918.41,5507.43
Project 0582,2025-12-01,248.73,12020.2,6813.42
Project 0582,2026-01-01,203.42,9432.17,5856.75
Project 0582,2026-02-01,180.15,12020.58,8174.57
Project 0582,2026-03-01,212.11,9847.05,5420.22
Project 0582,2026-04-01,191.11,10092.19,6567.94
Project 0582,2026-05-01,257.2,9571.56,6954.52
Project 0582,2026-06-01,271.72,12262.58,8987.6
Project 0582,2026-07-01,205.35,10047.79,6596.69
Project 0582,2026-08-01,270.54,10459.69,6463.11
Project 0583,2024-09-01,20.15,1376.74,1020.57
Project 0583,2024-10-01,17.8,1378.76,812.66
Project 0583,2024-11-01,23.06,1428.85,1023.37
Project 0583,2024-12-01,17.95,1375.54,895.58
Project 0583,2025-01-01,16.34,1456.64,945.34
Project 0583,2025-02-01,21.04,1201.76,813.37
Project 0583,2025-03-01,17.59,1294.83,753.47
Project 0583,2025-04-01,23.76,1396.87,815.52
Project 0583,2025-05-01,21.63,1074.49,664.86
Project 0583,2025-06-01,19.72,1136.92,778.84
Project 0583,2025-07-01,23.79,1137.76,700.45
Project 0583,2025-08-01,18.83,1183.3,827.14
Project 0583,2025-09-01,17.97,1437.33,824.67
Project 0583,2025-10-01,15.9,1156.54,781.9
Project 0583,2025-11-01,18.89,1377.02,1019.76
Project 0583,2025-12-01,18.46,1371.02,782.09
Project 0583,2026-01-01,19.53,1264.64,834.81
Project 0583,2026-02-01,17.46,1350.51,743.45
Project 0583,2026-03-01,22.3,1409.84,1032.46
Project 0583,2026-04-01,16.55,1480.91,919.31
Project 0583,2026-05-01,23.26,1427.37,789.2
Project 0583,2026-06-01,16.15,1216.33,860.79
Project 0583,2026-07-01,21.7,1379.94,866.67
Project 0583,2026-08-01,17.44,1224.84,762.07
Project 0584,2024-09-01,103.36,9873.4,6070.18
Project 0584,2024-10-01,122.68,9289.96,6874.54
Project 0584,2024-11-01,149.57,7907.24,5638.01
Project 0584,2024-12-01,123.87,6931.81,4201.56
Project 0584,2025-01-01,127.31,8352.66,6106.68
Project 0584,2025-02-01,111.17,7458.51,4263.38
Project 0584,2025-03-01,153.49,9135.1,5697.57
Project 0584,2025-04-01,109.66,7090.73,4045.1
Project 0584,2025-05-01,116.92,8693.16,6341.57
Project 0584,2025-06-01,154.2,7394.17,4558.86
Project 0584,2025-07-01,155.28,9523.7,7116.8
Project 0584,2025-08-01,106.53,9331.25,5235.54
Project 0584,2025-09-01,152.29,9138.35,5329.59
Project 0584,2025-10-01,135.79,9746.49,5602.3
Project 0584,2025-11-01,104.48,7408.53,4286.89
Project 0584,2025-12-01,113.27,9115.38,6037.4
Project 0584,2026-01-01,152.19,9082.03,6066.66
Project 0584,2026-02-01,153.2,8624.83,5252.36
Project 0584,2026-03-01,150.9,7519.28,4247.68
Project 0584,2026-04-01,124.34,7476.93,4652.52
Project 0584,2026-05-01,105.97,9036.75,5832.6
Project 0584,2026-06-01,140.0,9346.24,6321.14
Project 0584,2026-07-01,123.33,7626.99,4470.52
Project 0584,2026-08-01,134.29,8441.21,5708.25
Project 0585,2024-09-01,238.98,27367.22,17177.38
Project 0585,2024-10-01,306.02,24900.41,13803.31
Project 0585,2024-11-01,342.38,21423.65,13991.32
Project 0585,2024-12-01,349.56,23364.74,13200.85
Project 0585,2025-01-01,234.49,27768.46,18397.55
Project 0585,2025-02-01,315.12,24589.83,13670.11
Project 0585,2025-03-01,245.81,24377.14,14167.89
Project 0585,2025-04-01,311.7,21649.1,13596.02
Project 0585,2025-05-01,268.95,20523.68,11602.53
Project 0585,2025-06-01,304.35,25533.65,16125.45
Project 0585,2025-07-01,299.24,27814.91,20235.55
Project 0585,2025-08-01,280.52,24797.52,16311.8
Project 0585,2025-09-01,319.82,21099.51,15749.24
Project 0585,2025-10-01,273.45,21926.81,13840.6
Project 0585,2025-11-01,325.67,23970.0,13838.71
Project 0585,2025-12-01,301.88,22403.12,14963.39
Project 0585,2026-01-01,288.27,24430.04,16912.79
Project 0585,2026-02-01,268.12,21554.92,13771.37
Project 0585,2026-03-01,241.69,25805.23,14789.86
Project 0585,2026-04-01,265.24,26557.48,19724.17
Project 0585,2026-05-01,321.3,28106.86,19488.58
Project 0585,2026-06-01,254.21,25420.02,16525.33
Project 0585,2026-07-01,333.01,26649.3,19447.44
Project 0585,2026-08-01,265.31,27582.25,19151.57
Project 0586,2024-09-01,242.14,80270.67,47094.39
Project 0586,2024-10-01,199.66,82688.11,52002.31
Project 0586,2024-11-01,249.09,63447.51,43471.3
Project 0586,2024-12-01,183.84,78613.42,53589.91
Project 0586,2025-01-01,175.77,88312.97,65948.75
Project 0586,2025-02-01,250.63,74151.12,50183.51
Project 0586,2025-03-01,195.17,71327.28,43374.9
Project 0586,2025-04-01,220.16,71618.9,39628.24
Project 0586,2025-05-01,231.37,88915.02,65637.23
Project 0586,2025-06-01,204.96,82080.02,48258.58
Project 0586,2025-07-01,226.15,76580.57,55202.08
Project 0586,2025-08-01,207.66,71327.94,48074.76
Project 0586,2025-09-01,165.58,78555.77,50800.35
Project 0586,2025-10-01,234.47,84580.43,55098.1
Project 0586,2025-11-01,236.67,88497.55,61723.98
Project 0586,2025-12-01,215.03,76560.87,45526.7
Project 0586,2026-01-01,209.09,77020.19,45484.47
Project 0586,2026-02-01,183.25,88464.53,50499.49
Project 0586,2026-03-01,223.79,75232.85,44314.43
Project 0586,2026-04-01,184.79,67467.82,41192.04
Project 0586,2026-05-01,204.01,69198.06,38311.69
Project 0586,2026-06-01,227.77,64861.19,41022.63
Project 0586,2026-07-01,161.73,72316.92,44087.55
Project 0586,2026-08-01,192.04,84912.63,63067.9
Project 0587,2024-09-01,364.89,65591.45,46594.98
Project 0587,2024-10-01,349.64,80129.86,45993.51
Project 0587,2024-11-01,385.92,68854.23,51082.35
Project 0587,2024-12-01,303.37,66178.9,45014.02
Project 0587,2025-01-01,358.51,56549.54,35735.31
Project 0587,2025-02-01,447.32,62278.64,39277.99
Project 0587,2025-03-01,373.29,77964.85,55675.26
Project 0587,2025-04-01,451.81,67097.5,45492.5
Project 0587,2025-05-01,289.46,59854.88,44040.03
Project 0587,2025-06-01,305.92,72868.24,50912.85
Project 0587,2025-07-01,421.76,61600.32,41394.46
Project 0587,2025-08-01,300.09,59063.4,37990.97
Project 0587,2025-09-01,381.45,78999.01,55443.22
Project 0587,2025-10-01,351.7,67540.67,48253.86
Project 0587,2025-11-01,311.73,67391.46,40765.37
Project 0587,2025-12-01,354.74,69793.75,43500.95
Project 0587,2026-01-01,393.27,72426.09,44383.08
Project 0587,2026-02-01,412.34,64842.98,47611.45
Project 0587,2026-03-01,336.5,63979.8,38583.4
Project 0587,2026-04-01,350.56,59500.9,38866.06
Project 0587,2026-05-01,402.28,69206.64,38791.04
Project 0587,2026-06-01,330.42,69794.37,41724.8
Project 0587,2026-07-01,313.69,75391.34,46427.5
Project 0587,2026-08-01,394.35,71663.07,40103.91
Project 0588,2024-09-01,373.47,68083.1,50424.4
Project 0588,2024-10-01,424.98,94815.01,58815.27
Project 0588,2024-11-01,287.03,72969.37,44888.23
Project 0588,2024-12-01,361.27,73981.07,46146.22
Project 0588,2025-01-01,366.82,72672.58,44665.55
Project 0588,2025-02-01,364.63,76197.89,43710.44
Project 0588,2025-03-01,421.62,88340.83,57259.46
Project 0588,2025-04-01,331.44,82151.4,60902.42
Project 0588,2025-05-01,398.03,69826.43,47487.92
Project 0588,2025-06-01,419.29,88838.75,57676.82
Project 0588,2025-07-01,392.75,74312.4,53424.23
Project 0588,2025-08-01,403.54,85800.45,59722.73
Project 0588,2025-09-01,360.32,93630.48,58621.55
Project 0588,2025-10-01,282.45,85634.89,55635.12
Project 0588,2025-11-01,297.95,88316.33,55646.48
Project 0588,2025-12-01,323.73,76101.07,51758.27
Project 0588,2026-01-01,395.51,80350.99,45122.7
Project 0588,2026-02-01,273.89,79092.65,46994.63
Project 0588,2026-03-01,288.18,88373.35,50471.42
Project 0588,2026-04-01,392.35,77577.82,52567.08
Project 0588,2026-05-01,279.41,88557.53,58691.07
Project 0588,2026-06-01,410.84,79074.85,55152.16
Project 0588,2026-07-01,357.71,78239.02,49679.17
Project 0588,2026-08-01,370.17,78724.2,46707.62
Project 0589,2024-09-01,105.38,30346.81,21551.1
Project 0589,2024-10-01,112.4,37400.89,21147.22
Project 0589,2024-11-01,111.64,27570.03,17341.47
Project 0589,2024-12-01,132.8,28179.61,18317.5
Project 0589,2025-01-01,96.01,27749.74,17737.44
Project 0589,2025-02-01,120.03,27839.86,17455.68
Project 0589,2025-03-01,112.64,37142.84,24992.9
Project 0589,2025-04-01,106.61,35887.67,23412.31
Project 0589,2025-05-01,113.36,27887.41,17434.21
Project 0589,2025-06-01,96.46,31447.69,19801.99
Project 0589,2025-07-01,139.55,36570.33,21881.69
Project 0589,2025-08-01,91.38,29968.1,17175.2
Project 0589,2025-09-01,126.46,30485.12,18548.39
Project 0589,2025-10-01,128.84,27359.68,17601.93
Project 0589,2025-11-01,107.81,32502.26,21861.31
Project 0589,2025-12-01,119.64,36808.02,24569.47
Project 0589,2026-01-01,95.17,30814.7,19589.16
Project 0589,2026-02-01,126.21,37200.37,24107.48
Project 0589,2026-03-01,119.89,33680.56,24670.36
Project 0589,2026-04-01,137.04,29079.86,19998.05
Project 0589,2026-05-01,110.2,27966.28,17821.78
Project 0589,2026-06-01,119.66,27447.0,16519.6
Project 0589,2026-07-01,113.67,31794.61,20804.32
Project 0589,2026-08-01,131.43,36291.53,26296.85
Project 0590,2024-09-01,358.89,112863.16,71791.95
Project 0590,2024-10-01,296.56,118584.06,76491.07
Project 0590,2024-11-01,383.48,118463.77,71029.69
Project 0590,2024-12-01,309.25,97430.75,71517.2
Project 0590,2025-01-01,410.06,95360.39,71421.36
Project 0590,2025-02-01,380.83,121199.25,89767.11
Project 0590,2025-03-01,285.04,101734.57,72701.56
Project 0590,2025-04-01,272.36,97011.43,57168.09
Project 0590,2025-05-01,340.58,107554.17,60499.26
Project 0590,2025-06-01,357.15,107770.88,79358.3
Project 0590,2025-07-01,297.48,99238.22,62310.19
Project 0590,2025-08-01,316.48,129105.43,72140.7
Project 0590,2025-09-01,350.17,100750.47,63725.56
Project 0590,2025-10-01,357.6,120835.11,79979.72
Project 0590,2025-11-01,349.19,103016.34,69342.17
Project 0590,2025-12-01,377.11,97338.19,61185.48
Project 0590,2026-01-01,292.43,119573.53,81465.94
Project 0590,2026-02-01,289.59,91323.1,66503.69
Project 0590,2026-03-01,342.52,108484.75,79358.29
Project 0590,2026-04-01,364.78,109411.23,65033.05
Project 0590,2026-05-01,319.08,93482.78,66348.08
Project 0590,2026-06-01,290.98,107906.84,71112.72
Project 0590,2026-07-01,409.08,100680.4,67001.05
Project 0590,2026-08-01,272.01,129078.1,71291.37
Project 0591,2024-09-01,276.96,43576.3,28537.31
Project 0591,2024-10-01,199.4,49870.95,34404.25
Project 0591,2024-11-01,243.34,46459.22,29316.74
Project 0591,2024-12-01,243.89,46257.19,27963.63
Project 0591,2025-01-01,226.56,37701.38,24599.67
Project 0591,2025-02-01,230.68,44071.87,27124.96
Project 0591,2025-03-01,213.75,41579.49,27691.18
Project 0591,2025-04-01,278.83,49456.15,37030.04
Project 0591,2025-05-01,208.28,37452.22,26068.29
Project 0591,2025-06-01,199.75,46228.36,31259.79
Project 0591,2025-07-01,287.02,42462.24,30617.33
Project 0591,2025-08-01,195.1,37206.54,23567.05
Project 0591,2025-09-01,195.57,36183.37,26649.74
Project 0591,2025-10-01,256.89,48549.93,34764.05
Project 0591,2025-11-01,262.49,39995.31,26921.38
Project 0591,2025-12-01,215.53,49436.59,34741.22
Project 0591,2026-01-01,243.77,49499.74,31321.31
Project 0591,2026-02-01,203.47,51013.92,28427.74
Project 0591,2026-03-01,258.03,38876.82,27516.59
Project 0591,2026-04-01,230.08,47357.47,35210.97
Project 0591,2026-05-01,289.61,43059.07,31589.13
Project 0591,2026-06-01,202.63,42473.0,24123.28
Project 0591,2026-07-01,266.48,44434.0,26003.2
Project 0591,2026-08-01,252.42,41070.3,26374.27
Project 0592,2024-09-01,68.26,3200.93,2004.23
Project 0592,2024-10-01,69.01,3402.65,2339.36
Project 0592,2024-11-01,62.58,2697.59,1795.07
Project 0592,2024-12-01,70.57,2782.78,1597.92
Project 0592,2025-01-01,60.86,2698.0,1556.93
Project 0592,2025-02-01,60.81,2544.9,1729.79
Project 0592,2025-03-01,50.7,3080.49,1837.49
Project 0592,2025-04-01,70.0,3112.85,2206.33
Project 0592,2025-05-01,67.41,3107.33,2270.47
Project 0592,2025-06-01,52.02,2604.22,1670.8
Project 0592,2025-07-01,49.36,3207.43,2054.39
Project 0592,2025-08-01,67.38,2723.38,1643.69
Project 0592,2025-09-01,51.03,3531.12,2513.6
Project 0592,2025-10-01,73.35,2966.6,2115.26
Project 0592,2025-11-01,50.66,2797.08,1927.48
Project 0592,2025-12-01,75.41,2758.42,1554.22
Project 0592,2026-01-01,49.59,2890.89,1773.28
Project 0592,2026-02-01,67.66,3131.58,2177.35
Project 0592,2026-03-01,52.35,3455.25,2426.88
Project 0592,2026-04-01,53.12,2840.36,1713.11
Project 0592,2026-05-01,66.88,3482.44,2331.41
Project 0592,2026-06-01,60.73,3179.63,2013.98
Project 0592,2026-07-01,58.59,2696.31,1759.09
Project 0592,2026-08-01,51.25,3203.32,1975.68
Project 0593,2024-09-01,75.65,19563.49,13538.07
Project 0593,2024-10-01,77.52,21767.99,13241.12
Project 0593,2024-11-01,84.68,23286.96,13662.99
Project 0593,2024-12-01,88.73,21916.29,13963.31
Project 0593,2025-01-01,59.18,23925.73,15629.43
Project 0593,2025-02-01,67.21,18943.82,13743.92
Project 0593,2025-03-01,59.23,19355.41,12734.66
Project 0593,2025-04-01,61.09,24269.24,14737.74
Project 0593,2025-05-01,86.19,20532.91,12397.34
Project 0593,2025-06-01,71.29,19595.27,12265.21
Project 0593,2025-07-01,89.03,18527.05,13127.93
Project 0593,2025-08-01,70.84,24304.86,13587.85
Project 0593,2025-09-01,70.39,17894.76,13102.77
Project 0593,2025-10-01,85.9,24345.41,14550.89
Project 0593,2025-11-01,78.38,21950.33,15686.81
Project 0593,2025-12-01,69.08,20832.84,11538.39
Project 0593,2026-01-01,76.16,22958.83,15080.22
Project 0593,2026-02-01,74.69,24166.39,14817.87
Project 0593,2026-03-01,58.84,19566.6,11240.43
Project 0593,2026-04-01,66.57,17360.48,9772.74
Project 0593,2026-05-01,62.66,19501.6,14306.06
Project 0593,2026-06-01,78.61,24027.19,17085.68
Project 0593,2026-07-01,85.54,22080.83,14969.95
Project 0593,2026-08-01,87.63,20239.96,12905.27
Project 0594,2024-09-01,301.23,37958.82,27997.91
Project 0594,2024-10-01,294.96,38609.75,25037.13
Project 0594,2024-11-01,307.87,45226.96,28670.18
Project 0594,2024-12-01,241.82,40940.83,25317.35
Project 0594,2025-01-01,293.37,42770.59,26212.15
Project 0594,2025-02-01,324.75,37478.81,24667.67
Project 0594,2025-03-01,259.67,35730.25,22995.16
Project 0594,2025-04-01,348.56,43147.87,25334.36
Project 0594,2025-05-01,300.32,43035.94,28241.84
Project 0594,2025-06-01,262.96,46029.81,26945.65
Project 0594,2025-07-01,230.73,44772.13,31941.51
Project 0594,2025-08-01,242.82,40690.79,24230.24
Project 0594,2025-09-01,313.15,34556.7,20024.3
Project 0594,2025-10-01,238.27,41994.83,29835.36
Project 0594,2025-11-01,292.97,45365.07,33716.99
Project 0594,2025-12-01,253.05,37876.27,22175.02
Project 0594,2026-01-01,238.6,39130.04,28375.46
Project 0594,2026-02-01,293.33,43458.23,30172.73
Project 0594,2026-03-01,247.84,33058.54,22289.47
Project 0594,2026-04-01,298.72,39108.89,22205.79
Project 0594,2026-05-01,323.97,41585.1,27415.19
Project 0594,2026-06-01,244.17,37409.58,22560.63
Project 0594,2026-07-01,254.43,39746.7,28044.84
Project 0594,2026-08-01,287.53,34215.6,22212.54
Project 0595,2024-09-01,255.38,58718.49,41961.82
Project 0595,2024-10-01,226.53,64715.78,44868.5
Project 0595,2024-11-01,203.04,71124.18,51708.86
Project 0595,2024-12-01,213.23,74040.06,40759.98
Project 0595,2025-01-01,210.15,60764.45,44345.04
Project 0595,2025-02-01,201.68,70578.61,39494.55
Project 0595,2025-03-01,195.44,69819.61,45904.67
Project 0595,2025-04-01,237.58,73916.32,53430.83
Project 0595,2025-05-01,247.06,70758.44,48690.7
Project 0595,2025-06-01,226.58,74339.46,53849.48
Project 0595,2025-07-01,233.5,60752.72,34837.51
Project 0595,2025-08-01,208.55,57582.72,35128.19
Project 0595,2025-09-01,225.86,68998.1,41075.43
Project 0595,2025-10-01,255.42,72305.46,50757.78
Project 0595,2025-11-01,221.76,59563.55,32872.94
Project 0595,2025-12-01,212.42,66730.35,49679.11
Project 0595,2026-01-01,228.49,73208.28,48059.84
Project 0595,2026-02-01,255.11,67782.8,37568.86
Project 0595,2026-03-01,175.25,62697.8,38433.4
Project 0595,2026-04-01,194.62,66582.65,49440.35
Project 0595,2026-05-01,230.54,71837.14,50175.25
Project 0595,2026-06-01,234.26,77132.08,42672.63
Project 0595,2026-07-01,254.83,61685.25,41972.18
Project 0595,2026-08-01,206.22,57004.49,42534.86
Project 0596,2024-09-01,225.16,13318.09,9703.7
Project 0596,2024-10-01,233.1,11689.78,7392.48
Project 0596,2024-11-01,244.62,12909.0,7961.75
Project 0596,2024-12-01,226.36,11283.32,7223.93
Project 0596,2025-01-01,245.84,10550.82,5913.18
Project 0596,2025-02-01,223.4,12884.76,9150.4
Project 0596,2025-03-01,229.22,12248.33,7223.36
Project 0596,2025-04-01,278.35,11568.81,6792.68
Project 0596,2025-05-01,282.99,10324.97,7521.89
Project 0596,2025-06-01,252.22,11517.37,7355.14
Project 0596,2025-07-01,226.26,10926.5,6915.2
Project 0596,2025-08-01,214.63,12029.23,7026.94
Project 0596,2025-09-01,183.77,12155.21,8432.68
Project 0596,2025-10-01,200.17,10354.35,6479.66
Project 0596,2025-11-01,220.21,9762.31,5569.05
Project 0596,2025-12-01,198.72,11249.02,6479.43
Project 0596,2026-01-01,245.05,11637.45,6413.44
Project 0596,2026-02-01,188.58,10859.82,7577.21
Project 0596,2026-03-01,185.67,12053.47,8898.48
Project 0596,2026-04-01,215.07,13184.54,7595.91
Project 0596,2026-05-01,267.28,9749.48,6257.54
Project 0596,2026-06-01,276.01,9323.63,6233.29
Project 0596,2026-07-01,265.5,12089.52,8628.48
Project 0596,2026-08-01,239.76,9592.93,6611.92
Project 0597,2024-09-01,56.61,7592.64,4777.01
Project 0597,2024-10-01,74.64,10157.01,7175.12
Project 0597,2024-11-01,57.19,10489.21,6750.47
Project 0597,2024-12-01,69.71,8748.84,6299.43
Project 0597,2025-01-01,64.33,8892.79,5972.96
Project 0597,2025-02-01,56.0,9695.79,7197.88
Project 0597,2025-03-01,50.89,7613.24,4733.6
Project 0597,2025-04-01,78.3,9564.39,7044.67
Project 0597,2025-05-01,62.75,9522.93,6372.37
Project 0597,2025-06-01,57.84,10419.99,6727.73
Project 0597,2025-07-01,50.52,9537.06,5972.61
Project 0597,2025-08-01,76.08,9136.87,6838.03
Project 0597,2025-09-01,77.33,9099.76,5185.53
Project 0597,2025-10-01,61.72,9563.86,6696.56
Project 0597,2025-11-01,51.77,10096.82,7442.31
Project 0597,2025-12-01,71.85,7536.73,4249.31
Project 0597,2026-01-01,56.11,10077.47,6417.48
Project 0597,2026-02-01,72.96,10304.61,7286.95
Project 0597,2026-03-01,66.57,9762.56,7227.09
Project 0597,2026-04-01,62.86,9981.27,6972.03
Project 0597,2026-05-01,75.22,10514.28,5785.43
Project 0597,2026-06-01,75.99,9681.1,5959.2
Project 0597,2026-07-01,61.74,10448.28,6626.67
Project 0597,2026-08-01,53.0,7833.59,5149.17
Project 0598,2024-09-01,221.71,90000.05,60419.0
Project 0598,2024-10-01,274.21,83515.89,61865.61
Project 0598,2024-11-01,271.5,89712.31,64659.99
Project 0598,2024-12-01,203.39,93458.2,54298.06
Project 0598,2025-01-01,211.04,99868.11,59847.58
Project 0598,2025-02-01,238.53,76394.93,52361.05
Project 0598,2025-03-01,210.62,92286.62,52507.13
Project 0598,2025-04-01,236.01,80884.23,54393.67
Project 0598,2025-05-01,202.47,79650.08,57213.86
Project 0598,2025-06-01,212.6,97950.07,64845.15
Project 0598,2025-07-01,198.15,84922.85,62683.02
Project 0598,2025-08-01,202.93,71523.49,44281.12
Project 0598,2025-09-01,265.88,97904.43,65202.08
Project 0598,2025-10-01,218.99,92874.25,68551.25
Project 0598,2025-11-01,193.85,72053.31,52967.16
Project 0598,2025-12-01,234.66,100664.74,66971.46
Project 0598,2026-01-01,272.67,99340.09,71762.33
Project 0598,2026-02-01,270.27,82802.82,46689.38
Project 0598,2026-03-01,208.15,86391.59,48133.9
Project 0598,2026-04-01,191.26,90449.83,51921.08
Project 0598,2026-05-01,285.4,73765.69,41150.03
Project 0598,2026-06-01,251.57,79623.78,56905.26
Project 0598,2026-07-01,285.56,90169.17,55683.22
Project 0598,2026-08-01,269.3,85925.49,58974.06
Project 0599,2024-09-01,287.0,25125.61,18723.4
Project 0599,2024-10-01,247.84,31648.35,18544.58
Project 0599,2024-11-01,248.74,31300.3,20049.65
Project 0599,2024-12-01,225.23,24790.83,17975.35
Project 0599,2025-01-01,283.42,30803.87,17925.26
Project 0599,2025-02-01,269.23,31079.41,21208.27
Project 0599,2025-03-01,278.53,26157.14,17187.71
Project 0599,2025-04-01,329.56,30633.12,19565.66
Project 0599,2025-05-01,242.97,25316.32,15649.27
Project 0599,2025-06-01,258.33,31032.83,17362.99
Project 0599,2025-07-01,227.65,28645.61,20824.93
Project 0599,2025-08-01,256.14,29789.27,19178.88
Project 0599,2025-09-01,340.23,30403.96,22039.55
Project 0599,2025-10-01,233.71,23672.87,15850.05
Project 0599,2025-11-01,260.75,27964.34,20840.0
Project 0599,2025-12-01,311.08,30474.82,17866.35
Project 0599,2026-01-01,300.58,25827.82,18315.01
Project 0599,2026-02-01,312.41,32332.2,20489.8
Project 0599,2026-03-01,232.19,29920.11,20046.97
Project 0599,2026-04-01,304.65,31965.99,17629.5
Project 0599,2026-05-01,316.08,29954.7,19717.56
Project 0599,2026-06-01,249.18,31176.6,19697.25
Project 0599,2026-07-01,300.41,31091.15,23283.32
Project 0599,2026-08-01,254.54,23670.18,13961.27
Project 0600,2024-09-01,339.37,38831.91,22391.44
Project 0600,2024-10-01,233.56,31420.66,21256.5
Project 0600,2024-11-01,260.11,31151.52,20392.52
Project 0600,2024-12-01,279.08,36679.2,25730.08
Project 0600,2025-01-01,254.54,32519.73,20787.95
Project 0600,2025-02-01,286.55,33613.97,20331.91
Project 0600,2025-03-01,349.44,29412.44,17926.8
Project 0600,2025-04-01,270.88,35605.68,26488.08
Project 0600,2025-05-01,333.65,38973.41,25967.78
Project 0600,2025-06-01,269.36,33661.74,19335.49
Project 0600,2025-07-01,287.05,28150.14,20993.18
Project 0600,2025-08-01,279.99,30147.82,20448.78
Project 0600,2025-09-01,227.21,31388.04,19750.72
Project 0600,2025-10-01,349.05,36787.4,22257.05
Project 0600,2025-11-01,339.1,38180.21,24104.88
Project 0600,2025-12-01,336.21,27264.68,16559.33
Project 0600,2026-01-01,300.79,36207.03,21519.03
Project 0600,2026-02-01,325.84,34925.27,22522.92
Project 0600,2026-03-01,279.21,36112.08,26941.43
Project 0600,2026-04-01,327.53,30063.67,21042.17
Project 0600,2026-05-01,272.13,33511.46,21418.91
Project 0600,2026-06-01,295.46,34702.38,24371.76
Project 0600,2026-07-01,240.64,31502.53,20511.9
Project 0600,2026-08-01,306.64,30292.26,19813.09
Project 0601,2024-09-01,355.29,49166.24,31277.2
Project 0601,2024-10-01,285.76,38594.97,26170.1
Project 0601,2024-11-01,330.78,50802.81,33334.66
Project 0601,2024-12-01,340.33,46157.41,25936.44
Project 0601,2025-01-01,288.35,46124.15,30495.48
Project 0601,2025-02-01,268.23,49112.15,31240.01
Project 0601,2025-03-01,348.16,48635.86,29038.59
Project 0601,2025-04-01,387.11,47863.77,29795.44
Project 0601,2025-05-01,350.7,41443.5,25822.8
Project 0601,2025-06-01,386.44,50083.77,30670.18
Project 0601,2025-07-01,403.31,44003.76,25499.1
Project 0601,2025-08-01,315.81,48772.9,27990.54
Project 0601,2025-09-01,309.62,38548.81,25427.41
Project 0601,2025-10-01,313.7,51238.19,30222.62
Project 0601,2025-11-01,291.33,44351.54,26803.33
Project 0601,2025-12-01,352.67,52501.51,37107.12
Project 0601,2026-01-01,346.87,40070.28,26130.06
Project 0601,2026-02-01,270.7,49710.44,35895.71
Project 0601,2026-03-01,407.46,37949.02,21956.09
Project 0601,2026-04-01,282.59,45211.23,28909.79
Project 0601,2026-05-01,331.59,41473.63,27331.4
Project 0601,2026-06-01,270.94,44043.23,31829.63
Project 0601,2026-07-01,417.24,38195.45,27510.8
Project 0601,2026-08-01,304.87,45678.7,25911.21
Project 0602,2024-09-01,320.63,72281.4,50354.41
Project 0602,2024-10-01,450.01,76208.19,49599.58
Project 0602,2024-11-01,312.06,79682.62,57152.31
Project 0602,2024-12-01,347.46,64655.43,39034.39
Project 0602,2025-01-01,360.18,60100.09,44922.25
Project 0602,2025-02-01,363.28,63924.8,38080.06
Project 0602,2025-03-01,296.58,64101.09,47512.17
Project 0602,2025-04-01,407.95,68321.37,44590.49
Project 0602,2025-05-01,375.28,74685.32,51555.95
Project 0602,2025-06-01,375.19,72598.28,43277.1
Project 0602,2025-07-01,431.17,61039.48,35045.04
Project 0602,2025-08-01,370.09,69529.66,49343.81
Project 0602,2025-09-01,400.45,59170.95,39713.78
Project 0602,2025-10-01,389.59,72998.98,48362.52
Project 0602,2025-11-01,344.81,78499.65,46074.39
Project 0602,2025-12-01,308.83,75301.43,51652.6
Project 0602,2026-01-01,287.74,69293.05,41435.33
Project 0602,2026-02-01,341.7,67981.71,43194.1
Project 0602,2026-03-01,407.6,70556.81,40939.99
Project 0602,2026-04-01,392.1,62776.28,41914.97
Project 0602,2026-05-01,392.76,73870.29,45506.32
Project 0602,2026-06-01,432.89,68063.14,39967.9
Project 0602,2026-07-01,425.82,65069.5,40527.81
Project 0602,2026-08-01,339.97,65936.63,48127.48
Project 0603,2024-09-01,160.16,71737.5,50211.0
Project 0603,2024-10-01,175.5,56538.25,41383.39
Project 0603,2024-11-01,207.94,72380.77,53291.28
Project 0603,2024-12-01,150.33,74442.75,44377.44
Project 0603,2025-01-01,144.22,67763.99,45735.23
Project 0603,2025-02-01,200.04,71589.19,47330.83
Project 0603,2025-03-01,213.05,66605.72,46854.9
Project 0603,2025-04-01,146.85,70497.31,48557.55
Project 0603,2025-05-01,199.8,69178.92,42357.01
Project 0603,2025-06-01,177.27,74501.96,54304.01
Project 0603,2025-07-01,182.71,58131.45,34364.26
Project 0603,2025-08-01,172.02,66632.25,47354.66
Project 0603,2025-09-01,192.05,59667.82,37668.11
Project 0603,2025-10-01,201.51,68203.81,42383.23
Project 0603,2025-11-01,149.37,64530.11,42615.02
Project 0603,2025-12-01,209.51,65742.77,41934.21
Project 0603,2026-01-01,157.14,79216.54,47800.23
Project 0603,2026-02-01,157.03,65134.86,48490.52
Project 0603,2026-03-01,144.01,71193.07,47393.37
Project 0603,2026-04-01,147.29,74605.67,49656.39
Project 0603,2026-05-01,190.64,64706.69,38857.74
Project 0603,2026-06-01,197.98,71802.57,47238.99
Project 0603,2026-07-01,217.46,78072.18,43681.93
Project 0603,2026-08-01,172.88,62653.17,35151.79
Project 0604,2024-09-01,154.39,63623.91,43621.43
Project 0604,2024-10-01,155.03,51825.89,37146.24
Project 0604,2024-11-01,159.32,57485.89,36209.98
Project 0604,2024-12-01,217.54,52918.85,34335.31
Project 0604,2025-01-01,217.76,64264.72,45428.2
Project 0604,2025-02-01,176.63,54850.87,32095.07
Project 0604,2025-03-01,199.01,52988.82,31791.17
Project 0604,2025-04-01,196.63,55252.24,37394.88
Project 0604,2025-05-01,153.77,69250.94,45377.16
Project 0604,2025-06-01,238.52,57813.41,33611.98
Project 0604,2025-07-01,236.64,61680.98,36553.34
Project 0604,2025-08-01,173.39,70038.96,39575.71
Project 0604,2025-09-01,234.79,52733.28,31248.62
Project 0604,2025-10-01,236.37,58376.96,39782.63
Project 0604,2025-11-01,190.13,62819.7,35160.99
Project 0604,2025-12-01,218.55,70764.74,40204.24
Project 0604,2026-01-01,229.28,59769.81,35699.81
Project 0604,2026-02-01,194.7,65607.73,46824.52
Project 0604,2026-03-01,223.25,52581.51,30347.09
Project 0604,2026-04-01,204.06,52106.35,31353.86
Project 0604,2026-05-01,193.12,67828.14,45519.79
Project 0604,2026-06-01,232.89,67384.91,48154.74
Project 0604,2026-07-01,190.36,62977.89,42883.87
Project 0604,2026-08-01,167.27,68377.48,38052.41
Project 0605,2024-09-01,150.55,33181.05,20059.49
Project 0605,2024-10-01,154.78,34756.17,19313.96
Project 0605,2024-11-01,180.4,34391.25,21022.01
Project 0605,2024-12-01,198.09,33352.18,19070.78
Project 0605,2025-01-01,207.16,30771.95,21048.77
Project 0605,2025-02-01,174.86,30899.86,17734.97
Project 0605,2025-03-01,210.92,30740.93,19615.24
Project 0605,2025-04-01,155.45,35428.83,20784.72
Project 0605,2025-05-01,210.94,39068.91,27663.37
Project 0605,2025-06-01,188.26,31666.76,20534.89
Project 0605,2025-07-01,161.96,39254.28,29026.44
Project 0605,2025-08-01,176.12,36234.72,21859.36
Project 0605,2025-09-01,209.44,36846.22,22900.13
Project 0605,2025-10-01,182.52,29757.16,19154.7
Project 0605,2025-11-01,221.67,36459.36,23926.69
Project 0605,2025-12-01,170.99,36535.84,24475.91
Project 0605,2026-01-01,208.79,29072.42,17991.9
Project 0605,2026-02-01,223.08,28645.16,20921.21
Project 0605,2026-03-01,172.01,30066.57,22169.39
Project 0605,2026-04-01,216.23,37318.15,24723.64
Project 0605,2026-05-01,160.93,30619.71,20060.02
Project 0605,2026-06-01,193.86,38864.02,21642.52
Project 0605,2026-07-01,191.98,34462.38,22962.66
Project 0605,2026-08-01,166.34,36043.72,20860.42
Project 0606,2024-09-01,28.42,4072.1,2332.63
Project 0606,2024-10-01,37.71,3548.06,2009.7
Project 0606,2024-11-01,32.49,3328.32,2022.05
Project 0606,2024-12-01,35.4,4034.02,2898.46
Project 0606,2025-01-01,35.02,3339.43,2354.12
Project 0606,2025-02-01,26.09,3150.06,2084.87
Project 0606,2025-03-01,31.29,3854.53,2147.8
Project 0606,2025-04-01,34.92,3605.13,2488.89
Project 0606,2025-05-01,33.22,3727.02,2551.27
Project 0606,2025-06-01,29.4,3668.68,2181.38
Project 0606,2025-07-01,32.67,4075.72,2750.37
Project 0606,2025-08-01,37.51,3697.93,2401.32
Project 0606,2025-09-01,29.09,4391.35,2536.91
Project 0606,2025-10-01,38.96,3567.13,2569.99
Project 0606,2025-11-01,34.31,3397.79,2269.01
Project 0606,2025-12-01,28.99,3459.56,2172.63
Project 0606,2026-01-01,28.35,4123.83,2635.73
Project 0606,2026-02-01,39.26,3712.14,2267.02
Project 0606,2026-03-01,35.68,3092.35,2168.23
Project 0606,2026-04-01,35.78,4009.03,2592.42
Project 0606,2026-05-01,36.21,3091.03,2279.03
Project 0606,2026-06-01,26.54,3277.11,1976.23
Project 0606,2026-07-01,27.1,4205.89,2914.82
Project 0606,2026-08-01,26.03,3150.44,2294.34
Project 0607,2024-09-01,226.01,15441.06,9023.74
Project 0607,2024-10-01,173.09,12956.81,8798.62
Project 0607,2024-11-01,199.86,15014.28,9274.07
Project 0607,2024-12-01,259.41,14725.75,9261.64
Project 0607,2025-01-01,235.61,14041.74,8684.31
Project 0607,2025-02-01,249.84,15937.69,10915.03
Project 0607,2025-03-01,263.06,14260.67,9846.65
Project 0607,2025-04-01,252.79,14797.74,9781.28
Project 0607,2025-05-01,181.67,12775.31,8229.94
Project 0607,2025-06-01,248.06,14153.21,8179.07
Project 0607,2025-07-01,197.68,14989.75,11059.52
Project 0607,2025-08-01,228.3,13924.69,9469.09
Project 0607,2025-09-01,250.42,12007.78,6998.7
Project 0607,2025-10-01,233.13,13555.86,7605.43
Project 0607,2025-11-01,207.86,14480.45,8149.17
Project 0607,2025-12-01,216.65,15217.91,9293.4
Project 0607,2026-01-01,221.09,11974.05,7318.45
Project 0607,2026-02-01,225.33,16330.89,9913.06
Project 0607,2026-03-01,220.33,14218.71,9887.01
Project 0607,2026-04-01,261.04,16106.15,11170.87
Project 0607,2026-05-01,190.05,14306.09,9021.5
Project 0607,2026-06-01,180.76,14017.48,8428.44
Project 0607,2026-07-01,241.23,16521.7,10679.65
Project 0607,2026-08-01,223.59,12689.97,7567.98
Project 0608,2024-09-01,62.44,21853.1,13530.8
Project 0608,2024-10-01,64.66,24926.45,14708.78
Project 0608,2024-11-01,75.85,23598.92,16577.22
Project 0608,2024-12-01,80.19,25146.01,17331.69
Project 0608,2025-01-01,70.89,24126.49,17131.84
Project 0608,2025-02-01,64.48,27453.07,20333.77
Project 0608,2025-03-01,88.76,28348.79,17988.2
Project 0608,2025-04-01,80.54,27575.24,16299.14
Project 0608,2025-05-01,73.02,26981.97,16416.72
Project 0608,2025-06-01,88.47,27893.62,20163.59
Project 0608,2025-07-01,78.04,27728.15,18671.7
Project 0608,2025-08-01,63.65,28515.79,20281.92
Project 0608,2025-09-01,92.4,24790.2,16803.91
Project 0608,2025-10-01,86.88,21583.64,14774.74
Project 0608,2025-11-01,59.57,21463.6,14138.71
Project 0608,2025-12-01,88.64,22279.61,13371.91
Project 0608,2026-01-01,70.96,25994.35,16118.15
Project 0608,2026-02-01,76.29,21753.53,14484.68
Project 0608,2026-03-01,88.28,25272.83,17197.39
Project 0608,2026-04-01,70.22,26676.54,16916.59
Project 0608,2026-05-01,61.95,20311.93,12736.07
Project 0608,2026-06-01,86.8,21999.66,15076.31
Project 0608,2026-07-01,89.31,28704.8,21400.35
Project 0608,2026-08-01,75.67,23370.9,14595.72
Project 0609,2024-09-01,32.29,12690.31,7276.02
Project 0609,2024-10-01,32.62,9903.16,6641.05
Project 0609,2024-11-01,37.63,11338.43,7705.3
Project 0609,2024-12-01,26.7,10844.29,7471.78
Project 0609,2025-01-01,33.28,9258.69,6752.17
Project 0609,2025-02-01,29.23,11255.63,8009.41
Project 0609,2025-03-01,34.91,10098.0,6838.06
Project 0609,2025-04-01,27.22,11779.8,8491.51
Project 0609,2025-05-01,27.67,9369.55,6009.41
Project 0609,2025-06-01,27.07,10378.25,6052.6
Project 0609,2025-07-01,38.69,10639.99,6110.13
Project 0609,2025-08-01,38.32,9333.16,6052.21
Project 0609,2025-09-01,33.17,10331.66,6531.36
Project 0609,2025-10-01,26.39,11978.05,7625.61
Project 0609,2025-11-01,30.87,9545.28,5464.04
Project 0609,2025-12-01,35.9,10592.26,7227.29
Project 0609,2026-01-01,38.48,12036.04,8058.69
Project 0609,2026-02-01,27.02,10303.94,5741.09
Project 0609,2026-03-01,41.01,9367.26,6624.48
Project 0609,2026-04-01,33.24,10505.9,7327.62
Project 0609,2026-05-01,31.66,10933.57,6777.86
Project 0609,2026-06-01,39.53,9743.59,6166.04
Project 0609,2026-07-01,34.86,11862.74,8313.63
Project 0609,2026-08-01,37.53,10178.05,7206.0
Project 0610,2024-09-01,83.91,4288.1,3203.63
Project 0610,2024-10-01,110.95,4312.63,3016.96
Project 0610,2024-11-01,113.76,4214.95,2671.87
Project 0610,2024-12-01,110.06,4593.82,3292.04
Project 0610,2025-01-01,119.41,5128.7,2843.72
Project 0610,2025-02-01,87.46,5426.2,3294.87
Project 0610,2025-03-01,92.25,5127.73,2992.7
Project 0610,2025-04-01,121.06,5689.75,3170.75
Project 0610,2025-05-01,89.02,4998.31,3612.19
Project 0610,2025-06-01,101.54,4930.85,3330.76
Project 0610,2025-07-01,85.54,4200.8,2729.16
Project 0610,2025-08-01,118.18,5835.45,4247.46
Project 0610,2025-09-01,123.42,4347.08,3025.56
Project 0610,2025-10-01,119.13,4685.34,3277.22
Project 0610,2025-11-01,113.22,5422.44,3850.86
Project 0610,2025-12-01,85.98,5802.84,4351.58
Project 0610,2026-01-01,99.87,5666.14,3294.79
Project 0610,2026-02-01,115.22,4915.18,3295.58
Project 0610,2026-03-01,98.28,4602.57,3409.86
Project 0610,2026-04-01,85.4,5543.21,3653.41
Project 0610,2026-05-01,81.31,5771.36,3223.36
Project 0610,2026-06-01,105.97,5386.95,3012.38
Project 0610,2026-07-01,106.17,5888.04,3817.72
Project 0610,2026-08-01,111.67,4904.25,3146.92
Project 0611,2024-09-01,135.87,19941.66,13403.66
Project 0611,2024-10-01,155.83,20931.09,15066.4
Project 0611,2024-11-01,109.93,16852.98,12087.42
Project 0611,2024-12-01,119.18,15764.93,10329.81
Project 0611,2025-01-01,160.66,21271.36,14371.15
Project 0611,2025-02-01,150.53,22025.24,14438.53
Project 0611,2025-03-01,132.25,16388.44,11709.02
Project 0611,2025-04-01,141.33,17399.31,12991.84
Project 0611,2025-05-01,112.38,16659.67,11813.7
Project 0611,2025-06-01,145.27,15647.27,9656.69
Project 0611,2025-07-01,113.52,20380.05,12554.29
Project 0611,2025-08-01,120.5,15593.87,10083.8
Project 0611,2025-09-01,142.62,16681.27,9568.87
Project 0611,2025-10-01,162.17,20525.04,12873.0
Project 0611,2025-11-01,135.88,19055.43,13473.7
Project 0611,2025-12-01,150.88,22211.01,13169.04
Project 0611,2026-01-01,143.6,20192.25,11954.29
Project 0611,2026-02-01,145.85,17110.26,12175.04
Project 0611,2026-03-01,143.03,20641.38,15223.19
Project 0611,2026-04-01,139.12,20429.03,14570.82
Project 0611,2026-05-01,122.22,17445.61,12984.61
Project 0611,2026-06-01,159.67,21910.54,12990.19
Project 0611,2026-07-01,138.7,19458.24,11492.46
Project 0611,2026-08-01,134.46,18510.85,11071.79
Project 0612,2024-09-01,64.14,13786.3,9029.73
Project 0612,2024-10-01,75.42,12270.5,8057.57
Project 0612,2024-11-01,56.92,12025.4,8063.8
Project 0612,2024-12-01,68.55,11345.51,6922.45
Project 0612,2025-01-01,67.75,12768.89,8234.61
Project 0612,2025-02-01,67.98,10135.27,7316.2
Project 0612,2025-03-01,52.47,10451.79,5831.2
Project 0612,2025-04-01,74.13,9859.36,6857.41
Project 0612,2025-05-01,76.28,10584.63,6108.05
Project 0612,2025-06-01,62.98,11315.78,6395.44
Project 0612,2025-07-01,52.96,11202.24,7930.68
Project 0612,2025-08-01,50.54,9923.22,6911.52
Project 0612,2025-09-01,64.23,13045.92,8004.65
Project 0612,2025-10-01,53.4,10729.93,6940.61
Project 0612,2025-11-01,63.09,11813.22,8336.03
Project 0612,2025-12-01,69.21,10148.48,6396.72
Project 0612,2026-01-01,69.54,10749.06,6336.95
Project 0612,2026-02-01,78.61,10706.38,7791.39
Project 0612,2026-03-01,59.08,12689.8,8341.56
Project 0612,2026-04-01,59.6,10262.66,5783.97
Project 0612,2026-05-01,74.57,12320.45,8771.05
Project 0612,2026-06-01,55.04,13365.98,9089.1
Project 0612,2026-07-01,72.45,13794.22,7596.17
Project 0612,2026-08-01,70.24,13477.55,7741.67
Project 0613,2024-09-01,301.11,16503.32,11485.69
Project 0613,2024-10-01,357.05,14533.37,10899.47
Project 0613,2024-11-01,376.84,19914.46,13716.81
Project 0613,2024-12-01,412.89,18343.24,13339.15
Project 0613,2025-01-01,311.5,19377.76,12101.49
Project 0613,2025-02-01,414.88,19490.86,13171.16
Project 0613,2025-03-01,310.29,19044.8,11894.11
Project 0613,2025-04-01,440.76,17905.17,12709.86
Project 0613,2025-05-01,338.98,15733.86,9336.15
Project 0613,2025-06-01,301.5,15477.63,11502.05
Project 0613,2025-07-01,360.07,20266.82,13370.2
Project 0613,2025-08-01,386.77,19835.05,13815.74
Project 0613,2025-09-01,360.04,19533.61,14551.73
Project 0613,2025-10-01,384.3,18500.21,10696.99
Project 0613,2025-11-01,293.57,20781.71,15526.58
Project 0613,2025-12-01,420.24,20291.78,13894.18
Project 0613,2026-01-01,442.85,18376.37,13686.71
Project 0613,2026-02-01,296.16,19664.97,12279.46
Project 0613,2026-03-01,395.43,20008.4,11492.84
Project 0613,2026-04-01,285.29,16721.88,12182.9
Project 0613,2026-05-01,352.43,19253.41,13517.39
Project 0613,2026-06-01,327.29,20436.89,12408.53
Project 0613,2026-07-01,396.13,17575.14,13156.88
Project 0613,2026-08-01,337.32,15545.38,9679.92
Project 0614,2024-09-01,244.41,29312.81,17199.55
Project 0614,2024-10-01,246.55,29194.32,16765.1
Project 0614,2024-11-01,180.99,28429.36,18144.42
Project 0614,2024-12-01,225.6,23482.29,14800.3
Project 0614,2025-01-01,210.76,27769.35,19127.45
Project 0614,2025-02-01,188.16,30965.11,20716.69
Project 0614,2025-03-01,191.44,27832.76,18088.99
Project 0614,2025-04-01,201.8,22641.75,13678.0
Project 0614,2025-05-01,195.39,30657.51,18040.16
Project 0614,2025-06-01,237.4,27403.55,17012.38
Project 0614,2025-07-01,192.46,30490.62,21255.61
Project 0614,2025-08-01,167.99,23369.8,16300.79
Project 0614,2025-09-01,198.66,25833.8,17175.1
Project 0614,2025-10-01,178.12,31853.7,19429.83
Project 0614,2025-11-01,227.2,28562.16,19742.99
Project 0614,2025-12-01,216.76,28043.38,16254.54
Project 0614,2026-01-01,163.05,30371.83,19241.02
Project 0614,2026-02-01,171.9,24344.69,14945.16
Project 0614,2026-03-01,208.3,28644.73,20758.99
Project 0614,2026-04-01,185.69,28085.04,18340.77
Project 0614,2026-05-01,178.79,24461.26,18125.89
Project 0614,2026-06-01,222.59,26803.6,19424.2
Project 0614,2026-07-01,235.37,25383.92,17965.86
Project 0614,2026-08-01,179.79,30268.52,22476.44
Project 0615,2024-09-01,258.75,10323.92,6013.28
Project 0615,2024-10-01,223.01,12942.48,8849.17
Project 0615,2024-11-01,208.12,12643.97,7937.88
Project 0615,2024-12-01,208.17,10479.59,6833.32
Project 0615,2025-01-01,187.07,11420.48,7819.13
Project 0615,2025-02-01,270.29,10909.45,7932.31
Project 0615,2025-03-01,266.63,12119.41,8901.74
Project 0615,2025-04-01,278.72,11543.79,8554.87
Project 0615,2025-05-01,232.73,9659.05,5533.61
Project 0615,2025-06-01,257.56,11974.43,8704.64
Project 0615,2025-07-01,225.69,11836.84,6879.42
Project 0615,2025-08-01,228.93,9720.42,6964.77
Project 0615,2025-09-01,269.39,12242.9,8719.37
Project 0615,2025-10-01,199.71,10044.44,6444.54
Project 0615,2025-11-01,198.4,9986.74,6027.55
Project 0615,2025-12-01,237.71,9306.99,5857.09
Project 0615,2026-01-01,192.94,10173.18,6522.74
Project 0615,2026-02-01,278.86,11643.1,6994.76
Project 0615,2026-03-01,254.57,9322.18,5565.66
Project 0615,2026-04-01,261.96,11168.55,6225.3
Project 0615,2026-05-01,189.25,9786.61,5840.11
Project 0615,2026-06-01,211.62,9913.66,6932.24
Project 0615,2026-07-01,186.75,9386.73,6222.13
Project 0615,2026-08-01,227.75,11313.69,7389.89
Project 0616,2024-09-01,200.2,58143.84,37293.14
Project 0616,2024-10-01,234.51,45463.92,27181.36
Project 0616,2024-11-01,183.23,60584.98,41609.0
Project 0616,2024-12-01,181.1,52614.94,35402.54
Project 0616,2025-01-01,170.62,54189.19,33448.19
Project 0616,2025-02-01,167.28,44554.16,27497.34
Project 0616,2025-03-01,195.98,62562.25,43177.92
Project 0616,2025-04-01,235.04,56829.57,37571.91
Project 0616,2025-05-01,176.44,55137.62,37230.22
Project 0616,2025-06-01,159.5,58445.06,37756.96
Project 0616,2025-07-01,160.39,51996.01,32146.93
Project 0616,2025-08-01,206.55,54171.37,32924.21
Project 0616,2025-09-01,213.8,53040.68,33651.63
Project 0616,2025-10-01,153.26,61960.25,37302.89
Project 0616,2025-11-01,197.2,46455.6,27198.58
Project 0616,2025-12-01,229.66,58140.03,34386.33
Project 0616,2026-01-01,204.99,61307.14,36124.26
Project 0616,2026-02-01,158.44,58038.34,39955.32
Project 0616,2026-03-01,232.41,60433.34,33897.44
Project 0616,2026-04-01,230.69,45083.39,31915.36
Project 0616,2026-05-01,214.53,58762.74,40749.96
Project 0616,2026-06-01,220.57,55670.1,30999.03
Project 0616,2026-07-01,200.79,58110.48,42507.34
Project 0616,2026-08-01,171.39,61875.77,43801.37
Project 0617,2024-09-01,27.22,2872.84,2069.07
Project 0617,2024-10-01,28.96,2544.63,1818.7
Project 0617,2024-11-01,27.44,2796.03,1982.09
Project 0617,2024-12-01,29.26,2069.0,1166.83
Project 0617,2025-01-01,36.45,2285.32,1592.75
Project 0617,2025-02-01,25.44,2694.41,1793.77
Project 0617,2025-03-01,33.54,2369.48,1377.66
Project 0617,2025-04-01,35.76,2274.76,1328.36
Project 0617,2025-05-01,27.88,2585.28,1464.24
Project 0617,2025-06-01,35.36,2223.17,1627.6
Project 0617,2025-07-01,32.01,2396.95,1567.84
Project 0617,2025-08-01,28.28,2272.79,1489.51
Project 0617,2025-09-01,28.35,2641.05,1821.75
Project 0617,2025-10-01,23.96,2876.37,1676.25
Project 0617,2025-11-01,24.59,2836.76,1994.27
Project 0617,2025-12-01,24.27,2577.81,1418.17
Project 0617,2026-01-01,25.21,2469.74,1789.19
Project 0617,2026-02-01,26.79,2450.94,1430.47
Project 0617,2026-03-01,33.33,2765.44,1918.09
Project 0617,2026-04-01,32.06,2100.58,1520.6
Project 0617,2026-05-01,25.22,2703.54,2000.23
Project 0617,2026-06-01,31.14,2086.78,1542.14
Project 0617,2026-07-01,32.82,2753.47,1985.99
Project 0617,2026-08-01,24.37,2621.49,1625.78
Project 0618,2024-09-01,219.38,48188.74,28717.02
Project 0618,2024-10-01,189.03,56254.13,38338.25
Project 0618,2024-11-01,237.19,56173.05,32423.22
Project 0618,2024-12-01,175.96,57501.5,33926.66
Project 0618,2025-01-01,230.9,43075.07,30647.14
Project 0618,2025-02-01,260.73,44829.6,25904.73
Project 0618,2025-03-01,214.02,46212.51,32892.66
Project 0618,2025-04-01,184.37,47290.28,30407.05
Project 0618,2025-05-01,168.73,49065.76,27191.15
Project 0618,2025-06-01,237.99,45533.43,28376.34
Project 0618,2025-07-01,177.98,44353.34,26882.76
Project 0618,2025-08-01,176.1,49153.58,27181.28
Project 0618,2025-09-01,237.68,42863.05,27572.17
Project 0618,2025-10-01,169.07,48509.27,33577.58
Project 0618,2025-11-01,175.86,44188.22,31745.11
Project 0618,2025-12-01,238.73,49227.63,35167.09
Project 0618,2026-01-01,226.77,57736.38,32543.43
Project 0618,2026-02-01,215.86,50508.01,28360.89
Project 0618,2026-03-01,206.56,46042.58,26805.76
Project 0618,2026-04-01,239.5,40757.3,29358.58
Project 0618,2026-05-01,167.55,44671.25,32520.11
Project 0618,2026-06-01,205.71,42981.23,26785.61
Project 0618,2026-07-01,224.39,43519.48,31930.61
Project 0618,2026-08-01,260.13,49727.05,29247.18
Project 0619,2024-09-01,58.2,20280.34,12170.4
Project 0619,2024-10-01,75.8,15551.54,10808.5
Project 0619,2024-11-01,60.88,17000.73,12222.83
Project 0619,2024-12-01,68.22,20792.03,13127.42
Project 0619,2025-01-01,54.42,15133.87,8752.79
Project 0619,2025-02-01,58.2,16581.09,10919.91
Project 0619,2025-03-01,75.74,20898.92,13622.59
Project 0619,2025-04-01,52.73,14901.93,10760.24
Project 0619,2025-05-01,59.97,16625.26,9608.66
Project 0619,2025-06-01,57.92,16233.68,10266.48
Project 0619,2025-07-01,60.99,18822.14,12045.66
Project 0619,2025-08-01,52.39,15967.01,9893.93
Project 0619,2025-09-01,59.44,15194.36,10902.25
Project 0619,2025-10-01,56.35,17164.27,12537.02
Project 0619,2025-11-01,79.41,18926.99,11546.42
Project 0619,2025-12-01,59.39,16086.51,11461.62
Project 0619,2026-01-01,57.74,15770.48,10886.78
Project 0619,2026-02-01,78.56,19565.32,14596.33
Project 0619,2026-03-01,61.27,19083.46,12224.92
Project 0619,2026-04-01,61.98,17632.34,10890.6
Project 0619,2026-05-01,61.37,15876.42,11809.61
Project 0619,2026-06-01,68.65,20498.1,12064.39
Project 0619,2026-07-01,59.79,20475.51,13496.29
Project 0619,2026-08-01,60.46,20689.88,15158.83
Project 0620,2024-09-01,40.09,5612.13,3489.25
Project 0620,2024-10-01,34.47,5922.64,3668.51
Project 0620,2024-11-01,33.69,6090.46,3947.86
Project 0620,2024-12-01,30.41,7228.38,4387.02
Project 0620,2025-01-01,32.06,6954.12,3926.57
Project 0620,2025-02-01,34.43,6160.08,4149.05
Project 0620,2025-03-01,40.76,5612.05,3913.87
Project 0620,2025-04-01,39.26,6691.91,3715.52
Project 0620,2025-05-01,38.43,6453.7,3593.9
Project 0620,2025-06-01,41.0,6772.07,4528.36
Project 0620,2025-07-01,32.98,6034.16,4138.8
Project 0620,2025-08-01,37.98,6357.55,4032.77
Project 0620,2025-09-01,37.36,6017.75,4086.68
Project 0620,2025-10-01,39.47,6820.94,4110.85
Project 0620,2025-11-01,34.08,5790.03,4261.99
Project 0620,2025-12-01,33.2,6946.93,4617.09
Project 0620,2026-01-01,34.01,6674.48,3802.38
Project 0620,2026-02-01,26.9,5873.96,4017.63
Project 0620,2026-03-01,37.24,5839.2,3713.39
Project 0620,2026-04-01,31.87,5190.16,3081.6
Project 0620,2026-05-01,31.84,5565.74,4150.18
Project 0620,2026-06-01,38.22,7226.06,4329.09
Project 0620,2026-07-01,26.42,6789.4,3810.68
Project 0620,2026-08-01,34.64,6949.25,4340.93
Project 0621,2024-09-01,225.34,95212.79,57826.28
Project 0621,2024-10-01,236.56,94808.49,63533.87
Project 0621,2024-11-01,235.98,86000.54,62580.58
Project 0621,2024-12-01,283.9,85618.72,51423.25
Project 0621,2025-01-01,217.44,82827.23,53559.64
Project 0621,2025-02-01,251.33,82765.59,60252.41
Project 0621,2025-03-01,266.79,94061.6,55408.89
Project 0621,2025-04-01,220.55,102537.18,59186.63
Project 0621,2025-05-01,326.89,80420.82,48717.04
Project 0621,2025-06-01,303.52,87377.46,64295.58
Project 0621,2025-07-01,257.96,90953.68,67951.65
Project 0621,2025-08-01,312.1,72738.82,44042.34
Project 0621,2025-09-01,231.12,97635.24,60471.72
Project 0621,2025-10-01,235.64,73676.7,49404.53
Project 0621,2025-11-01,321.65,95874.89,55026.15
Project 0621,2025-12-01,324.98,76338.52,53680.86
Project 0621,2026-01-01,269.14,88897.92,51697.98
Project 0621,2026-02-01,256.55,83849.66,56990.04
Project 0621,2026-03-01,218.73,90759.08,65318.95
Project 0621,2026-04-01,305.82,101413.83,59395.73
Project 0621,2026-05-01,299.28,77332.62,49351.63
Project 0621,2026-06-01,220.64,96419.25,66846.24
Project 0621,2026-07-01,215.26,85259.04,56188.4
Project 0621,2026-08-01,275.36,93909.5,53958.15
Project 0622,2024-09-01,231.72,13690.37,10052.73
Project 0622,2024-10-01,218.64,14091.89,9093.12
Project 0622,2024-11-01,272.15,10695.32,7704.73
Project 0622,2024-12-01,225.37,12950.88,7320.65
Project 0622,2025-01-01,264.66,10394.71,7699.01
Project 0622,2025-02-01,278.08,13157.91,8103.43
Project 0622,2025-03-01,231.67,12675.74,9257.51
Project 0622,2025-04-01,267.02,10673.91,7430.84
Project 0622,2025-05-01,225.02,13172.09,8525.06
Project 0622,2025-06-01,300.53,13016.97,8460.15
Project 0622,2025-07-01,239.5,11415.43,7514.36
Project 0622,2025-08-01,266.61,14398.59,8364.82
Project 0622,2025-09-01,216.52,13810.59,7702.84
Project 0622,2025-10-01,284.3,10531.32,7691.86
Project 0622,2025-11-01,252.01,11272.83,7546.54
Project 0622,2025-12-01,203.5,11937.07,6700.64
Project 0622,2026-01-01,285.62,12032.67,6821.64
Project 0622,2026-02-01,226.42,10996.84,7277.99
Project 0622,2026-03-01,292.59,10279.66,6621.6
Project 0622,2026-04-01,232.78,12230.79,7245.52
Project 0622,2026-05-01,298.57,11694.21,6652.21
Project 0622,2026-06-01,209.01,10357.05,7305.82
Project 0622,2026-07-01,233.52,10302.71,6541.93
Project 0622,2026-08-01,196.53,12327.36,7980.15
Project 0623,2024-09-01,61.78,4354.14,2859.19
Project 0623,2024-10-01,89.76,5318.17,3895.73
Project 0623,2024-11-01,82.05,4712.34,3247.39
Project 0623,2024-12-01,61.79,4735.35,2966.23
Project 0623,2025-01-01,77.06,5753.84,3557.47
Project 0623,2025-02-01,81.45,5317.58,3540.23
Project 0623,2025-03-01,78.06,5130.85,3803.27
Project 0623,2025-04-01,78.24,4905.66,3160.87
Project 0623,2025-05-01,88.29,5065.54,3130.26
Project 0623,2025-06-01,73.51,4882.43,3073.96
Project 0623,2025-07-01,66.26,5453.13,3544.44
Project 0623,2025-08-01,63.9,5634.96,3104.46
Project 0623,2025-09-01,89.34,4477.53,2541.11
Project 0623,2025-10-01,69.22,4252.6,2993.58
Project 0623,2025-11-01,61.42,5330.69,3927.48
Project 0623,2025-12-01,67.89,4431.19,2779.61
Project 0623,2026-01-01,75.94,5125.69,3771.09
Project 0623,2026-02-01,87.16,5003.05,2829.93
Project 0623,2026-03-01,65.12,5514.32,3432.73
Project 0623,2026-04-01,69.78,4573.48,3355.73
Project 0623,2026-05-01,67.47,4787.11,2914.78
Project 0623,2026-06-01,76.53,5422.06,3469.57
Project 0623,2026-07-01,89.6,5638.79,3954.05
Project 0623,2026-08-01,62.41,4921.23,3403.47
Project 0624,2024-09-01,165.23,18090.42,12054.97
Project 0624,2024-10-01,156.16,16933.68,12273.29
Project 0624,2024-11-01,146.89,13600.01,8483.95
Project 0624,2024-12-01,119.62,18195.7,13318.17
Project 0624,2025-01-01,116.8,14058.46,8706.4
Project 0624,2025-02-01,151.37,19138.28,10627.25
Project 0624,2025-03-01,120.6,14789.22,8137.04
Project 0624,2025-04-01,135.33,16339.2,10990.66
Project 0624,2025-05-01,163.9,14597.28,9147.13
Project 0624,2025-06-01,157.64,16152.3,9420.55
Project 0624,2025-07-01,120.95,14865.53,10459.63
Project 0624,2025-08-01,142.18,13903.95,9732.51
Project 0624,2025-09-01,143.43,16297.31,9171.07
Project 0624,2025-10-01,149.48,17902.26,12236.24
Project 0624,2025-11-01,146.72,17802.72,11602.47
Project 0624,2025-12-01,168.28,17203.95,11659.11
Project 0624,2026-01-01,141.62,17934.12,11978.46
Project 0624,2026-02-01,142.15,14386.0,8340.69
Project 0624,2026-03-01,115.25,16059.63,10683.53
Project 0624,2026-04-01,164.57,15007.83,9383.69
Project 0624,2026-05-01,141.15,18689.35,13452.12
Project 0624,2026-06-01,139.8,15069.3,10197.89
Project 0624,2026-07-01,152.87,14843.99,9020.99
Project 0624,2026-08-01,112.61,16160.39,9140.91
Project 0625,2024-09-01,98.34,5074.63,3461.29
Project 0625,2024-10-01,102.12,6420.32,4012.28
Project 0625,2024-11-01,99.46,5358.23,3404.02
Project 0625,2024-12-01,86.78,6347.12,4030.06
Project 0625,2025-01-01,72.18,5179.58,3393.56
Project 0625,2025-02-01,76.91,5272.79,3078.95
Project 0625,2025-03-01,88.7,5400.82,3874.58
Project 0625,2025-04-01,100.21,6272.37,4172.68
Project 0625,2025-05-01,102.13,5746.01,3491.9
Project 0625,2025-06-01,70.5,4909.74,3565.5
Project 0625,2025-07-01,86.5,5366.8,3813.71
Project 0625,2025-08-01,100.7,5369.61,3298.77
Project 0625,2025-09-01,92.99,6095.05,3597.72
Project 0625,2025-10-01,71.61,4867.42,3310.74
Project 0625,2025-11-01,92.73,4642.14,3279.18
Project 0625,2025-12-01,96.0,5226.92,3047.7
Project 0625,2026-01-01,76.24,6555.71,4245.96
Project 0625,2026-02-01,102.21,6596.11,4497.84
Project 0625,2026-03-01,94.25,5361.58,3442.43
Project 0625,2026-04-01,97.94,4835.8,3502.68
Project 0625,2026-05-01,92.92,5439.16,3024.57
Project 0625,2026-06-01,89.25,5014.35,3032.76
Project 0625,2026-07-01,99.51,6523.14,4442.27
Project 0625,2026-08-01,76.67,6633.16,4867.58
Project 0626,2024-09-01,272.05,33502.3,21336.72
Project 0626,2024-10-01,291.28,35295.45,21865.84
Project 0626,2024-11-01,227.43,36127.28,25386.43
Project 0626,2024-12-01,232.45,36701.58,22137.92
Project 0626,2025-01-01,283.95,33359.55,22318.15
Project 0626,2025-02-01,269.14,40197.77,24574.13
Project 0626,2025-03-01,305.61,42016.58,25452.14
Project 0626,2025-04-01,286.37,41367.6,26183.16
Project 0626,2025-05-01,254.63,35601.5,25254.73
Project 0626,2025-06-01,209.68,31832.94,20681.59
Project 0626,2025-07-01,268.26,33319.1,24844.02
Project 0626,2025-08-01,314.09,38247.44,26635.94
Project 0626,2025-09-01,305.98,30544.87,18014.87
Project 0626,2025-10-01,289.73,40748.02,29245.81
Project 0626,2025-11-01,296.49,32842.76,22072.65
Project 0626,2025-12-01,305.96,30621.93,22211.99
Project 0626,2026-01-01,255.36,36961.03,23289.49
Project 0626,2026-02-01,300.46,37358.69,24775.74
Project 0626,2026-03-01,238.38,31239.89,21357.13
Project 0626,2026-04-01,263.04,37928.91,22685.11
Project 0626,2026-05-01,259.02,33062.63,20793.06
Project 0626,2026-06-01,299.05,33649.27,21899.07
Project 0626,2026-07-01,252.51,36069.6,24750.26
Project 0626,2026-08-01,312.28,31834.82,18175.22
Project 0627,2024-09-01,405.21,147155.97,84289.11
Project 0627,2024-10-01,294.59,161043.53,100320.13
Project 0627,2024-11-01,421.47,133131.55,74016.28
Project 0627,2024-12-01,322.61,139627.3,92784.82
Project 0627,2025-01-01,294.56,144014.78,81151.31
Project 0627,2025-02-01,429.64,116453.99,85632.51
Project 0627,2025-03-01,433.35,133767.73,86312.56
Project 0627,2025-04-01,376.63,131970.22,93439.82
Project 0627,2025-05-01,338.74,123258.76,88718.56
Project 0627,2025-06-01,309.23,157258.24,108663.4
Project 0627,2025-07-01,329.57,112740.52,63554.71
Project 0627,2025-08-01,345.62,137582.61,79456.37
Project 0627,2025-09-01,353.05,112283.76,68368.94
Project 0627,2025-10-01,429.55,114561.23,72420.52
Project 0627,2025-11-01,358.6,150323.28,84707.63
Project 0627,2025-12-01,435.23,131633.12,72602.84
Project 0627,2026-01-01,397.35,156242.84,117045.69
Project 0627,2026-02-01,432.39,157265.18,87675.65
Project 0627,2026-03-01,350.8,126033.01,86958.3
Project 0627,2026-04-01,317.27,144127.45,100509.75
Project 0627,2026-05-01,364.28,119912.02,79831.18
Project 0627,2026-06-01,393.16,155033.53,114875.0
Project 0627,2026-07-01,372.93,161114.79,90271.97
Project 0627,2026-08-01,430.19,113658.95,73874.91
Project 0628,2024-09-01,198.36,16971.91,10291.05
Project 0628,2024-10-01,200.17,15090.93,10246.16
Project 0628,2024-11-01,263.04,17089.74,11683.13
Project 0628,2024-12-01,181.76,20153.1,12900.06
Project 0628,2025-01-01,257.89,14890.14,8626.96
Project 0628,2025-02-01,260.7,19778.44,12626.11
Project 0628,2025-03-01,229.14,17116.3,11948.31
Project 0628,2025-04-01,170.74,18755.89,13263.93
Project 0628,2025-05-01,214.47,15568.05,9441.58
Project 0628,2025-06-01,219.58,20562.16,13456.54
Project 0628,2025-07-01,258.12,15112.22,9034.17
Project 0628,2025-08-01,266.69,17273.68,9894.0
Project 0628,2025-09-01,195.99,19222.46,12186.23
Project 0628,2025-10-01,261.52,17300.78,9551.29
Project 0628,2025-11-01,253.74,16974.53,12427.1
Project 0628,2025-12-01,194.22,16616.99,10672.33
Project 0628,2026-01-01,185.64,19397.21,13711.76
Project 0628,2026-02-01,184.35,17905.3,12253.53
Project 0628,2026-03-01,231.31,18644.5,13069.0
Project 0628,2026-04-01,238.63,15784.54,11482.61
Project 0628,2026-05-01,218.01,18018.16,12784.93
Project 0628,2026-06-01,203.86,15560.68,11215.47
Project 0628,2026-07-01,252.57,17822.77,10700.32
Project 0628,2026-08-01,250.93,17117.67,9974.45
Project 0629,2024-09-01,305.62,43353.88,32278.67
Project 0629,2024-10-01,327.24,42439.91,29642.11
Project 0629,2024-11-01,386.24,38725.88,25312.08
Project 0629,2024-12-01,279.45,44624.55,30580.93
Project 0629,2025-01-01,288.01,34505.55,21795.44
Project 0629,2025-02-01,266.52,36165.94,22985.07
Project 0629,2025-03-01,328.91,44132.78,26937.02
Project 0629,2025-04-01,334.67,44094.03,26783.62
Project 0629,2025-05-01,292.82,41830.08,25079.22
Project 0629,2025-06-01,318.21,35578.03,23715.45
Project 0629,2025-07-01,369.99,38180.94,26475.97
Project 0629,2025-08-01,279.51,31778.04,18845.6
Project 0629,2025-09-01,392.47,39303.87,24171.14
Project 0629,2025-10-01,285.29,44293.98,32553.7
Project 0629,2025-11-01,317.36,42075.61,24877.73
Project 0629,2025-12-01,291.35,36490.79,24165.31
Project 0629,2026-01-01,373.62,38992.46,25562.41
Project 0629,2026-02-01,394.89,35861.75,20283.4
Project 0629,2026-03-01,320.41,42181.65,24727.73
Project 0629,2026-04-01,292.4,32797.59,18838.65
Project 0629,2026-05-01,311.52,37412.77,23245.22
Project 0629,2026-06-01,357.53,33295.3,22359.77
Project 0629,2026-07-01,284.51,44546.73,31931.23
Project 0629,2026-08-01,270.52,31618.71,21488.4
Project 0630,2024-09-01,214.29,75827.55,41746.96
Project 0630,2024-10-01,237.05,83057.04,48518.39
Project 0630,2024-11-01,227.31,91762.48,56031.26
Project 0630,2024-12-01,219.34,78752.41,47609.96
Project 0630,2025-01-01,217.61,91595.25,61468.96
Project 0630,2025-02-01,206.05,65433.72,36277.5
Project 0630,2025-03-01,242.54,79432.97,48945.37
Project 0630,2025-04-01,257.06,84102.99,56354.75
Project 0630,2025-05-01,224.75,73849.98,53518.32
Project 0630,2025-06-01,218.81,79700.21,52494.08
Project 0630,2025-07-01,209.4,71892.82,43598.34
Project 0630,2025-08-01,245.16,82092.27,47851.59
Project 0630,2025-09-01,243.27,89951.1,63752.4
Project 0630,2025-10-01,292.96,73693.11,51616.03
Project 0630,2025-11-01,286.98,77180.56,53524.2
Project 0630,2025-12-01,294.75,76505.18,46645.87
Project 0630,2026-01-01,286.15,71605.52,49513.38
Project 0630,2026-02-01,214.43,74110.56,43399.71
Project 0630,2026-03-01,202.93,73208.88,42393.04
Project 0630,2026-04-01,196.25,86253.25,55017.3
Project 0630,2026-05-01,293.24,75786.12,48738.69
Project 0630,2026-06-01,198.92,68909.62,47994.71
Project 0630,2026-07-01,290.84,68540.12,45362.77
Project 0630,2026-08-01,263.39,75693.11,44642.71
Project 0631,2024-09-01,23.96,3998.37,2900.96
Project 0631,2024-10-01,33.7,4062.81,2979.55
Project 0631,2024-11-01,28.56,4403.81,2967.75
Project 0631,2024-12-01,31.13,3965.51,2523.78
Project 0631,2025-01-01,33.99,3650.1,2369.95
Project 0631,2025-02-01,35.49,3710.46,2673.92
Project 0631,2025-03-01,36.54,4262.99,3135.15
Project 0631,2025-04-01,25.3,4769.8,2904.46
Project 0631,2025-05-01,34.68,4040.23,2926.13
Project 0631,2025-06-01,29.85,4551.72,2650.83
Project 0631,2025-07-01,32.9,3478.25,2604.62
Project 0631,2025-08-01,31.15,3943.24,2808.05
Project 0631,2025-09-01,34.65,3704.97,2501.11
Project 0631,2025-10-01,33.75,4279.51,2559.96
Project 0631,2025-11-01,26.74,4346.84,2546.85
Project 0631,2025-12-01,27.13,4359.69,3020.73
Project 0631,2026-01-01,32.84,4196.54,3056.44
Project 0631,2026-02-01,24.4,3632.68,2288.53
Project 0631,2026-03-01,35.41,4499.6,2506.09
Project 0631,2026-04-01,24.52,4613.87,3073.37
Project 0631,2026-05-01,23.75,3941.19,2244.19
Project 0631,2026-06-01,36.32,3955.61,2298.08
Project 0631,2026-07-01,36.86,3833.1,2476.66
Project 0631,2026-08-01,31.78,3818.52,2433.18
Project 0632,2024-09-01,275.42,32324.48,24222.52
Project 0632,2024-10-01,358.32,24181.77,16672.85
Project 0632,2024-11-01,321.29,29152.94,21021.79
Project 0632,2024-12-01,321.28,27925.29,19650.1
Project 0632,2025-01-01,306.28,24999.58,15013.6
Project 0632,2025-02-01,277.35,27971.12,20932.33
Project 0632,2025-03-01,426.25,29670.3,21110.14
Project 0632,2025-04-01,306.92,24880.87,13855.91
Project 0632,2025-05-01,367.14,32072.41,19019.36
Project 0632,2025-06-01,389.59,33473.68,23133.79
Project 0632,2025-07-01,323.26,26245.03,17940.99
Project 0632,2025-08-01,375.57,29602.45,21484.41
Project 0632,2025-09-01,292.39,25149.12,16672.02
Project 0632,2025-10-01,337.28,28642.23,20935.82
Project 0632,2025-11-01,363.04,29240.85,18225.41
Project 0632,2025-12-01,428.89,27037.49,18239.88
Project 0632,2026-01-01,344.27,31983.22,18818.0
Project 0632,2026-02-01,328.39,26839.77,17794.3
Project 0632,2026-03-01,334.8,25089.64,14303.99
Project 0632,2026-04-01,422.6,28604.95,17671.76
Project 0632,2026-05-01,369.54,24011.11,16254.22
Project 0632,2026-06-01,336.34,28430.58,20712.61
Project 0632,2026-07-01,379.63,33148.31,21554.52
Project 0632,2026-08-01,321.33,24194.47,14686.49
Project 0633,2024-09-01,272.22,27448.54,19856.53
Project 0633,2024-10-01,261.56,37450.68,25919.72
Project 0633,2024-11-01,273.69,32362.01,21100.9
Project 0633,2024-12-01,245.09,27113.61,17029.83
Project 0633,2025-01-01,229.95,32871.08,21345.15
Project 0633,2025-02-01,185.22,28037.92,17328.49
Project 0633,2025-03-01,209.94,29747.24,21936.18
Project 0633,2025-04-01,185.1,36357.1,20059.8
Project 0633,2025-05-01,287.07,35864.27,23062.2
Project 0633,2025-06-01,212.64,31838.6,21756.17
Project 0633,2025-07-01,201.28,32289.68,20868.01
Project 0633,2025-08-01,277.09,31173.93,21956.34
Project 0633,2025-09-01,218.03,34978.35,20214.79
Project 0633,2025-10-01,219.67,36892.19,24665.8
Project 0633,2025-11-01,281.11,33685.27,19683.81
Project 0633,2025-12-01,232.25,35802.73,20942.82
Project 0633,2026-01-01,269.78,36552.12,20397.41
Project 0633,2026-02-01,199.81,35074.29,23572.45
Project 0633,2026-03-01,253.52,34305.65,19692.11
Project 0633,2026-04-01,194.17,33772.98,23611.06
Project 0633,2026-05-01,263.24,27512.97,19993.63
Project 0633,2026-06-01,265.39,30262.53,19171.44
Project 0633,2026-07-01,255.73,36108.0,21947.46
Project 0633,2026-08-01,279.71,29035.19,20841.34
Project 0634,2024-09-01,316.66,66089.2,43096.23
Project 0634,2024-10-01,276.94,63799.83,47495.58
Project 0634,2024-11-01,372.81,53343.43,34596.43
Project 0634,2024-12-01,303.32,68332.32,42982.54
Project 0634,2025-01-01,282.17,63073.72,45436.26
Project 0634,2025-02-01,326.94,73529.92,45982.91
Project 0634,2025-03-01,367.83,64612.4,46760.98
Project 0634,2025-04-01,379.32,59649.69,35671.48
Project 0634,2025-05-01,334.36,66550.18,45409.59
Project 0634,2025-06-01,308.35,59804.87,38705.6
Project 0634,2025-07-01,365.75,71366.27,47981.79
Project 0634,2025-08-01,373.93,67434.56,41064.19
Project 0634,2025-09-01,340.75,56505.14,32748.53
Project 0634,2025-10-01,368.49,61934.83,34155.95
Project 0634,2025-11-01,409.08,53777.09,39557.8
Project 0634,2025-12-01,352.95,60659.9,35246.95
Project 0634,2026-01-01,383.56,58710.07,42341.31
Project 0634,2026-02-01,310.88,60376.65,41438.69
Project 0634,2026-03-01,412.35,67390.54,46463.47
Project 0634,2026-04-01,273.01,56671.79,34089.27
Project 0634,2026-05-01,277.96,56368.62,36012.64
Project 0634,2026-06-01,403.49,57748.15,36426.49
Project 0634,2026-07-01,310.22,70951.51,50822.43
Project 0634,2026-08-01,268.84,61481.03,39802.25
Project 0635,2024-09-01,277.0,100633.51,69122.29
Project 0635,2024-10-01,355.25,112759.14,83125.01
Project 0635,2024-11-01,351.87,119225.87,70225.81
Project 0635,2024-12-01,280.44,94725.88,58269.99
Project 0635,2025-01-01,348.75,118189.89,72022.14
Project 0635,2025-02-01,249.74,108564.28,68672.14
Project 0635,2025-03-01,287.1,100138.47,60410.48
Project 0635,2025-04-01,236.16,123943.05,76564.78
Project 0635,2025-05-01,327.02,130371.87,91838.3
Project 0635,2025-06-01,284.32,125991.55,70957.04
Project 0635,2025-07-01,323.48,108000.2,67409.22
Project 0635,2025-08-01,346.75,109507.11,61022.56
Project 0635,2025-09-01,301.37,104957.39,64006.94
Project 0635,2025-10-01,289.7,109407.66,80390.75
Project 0635,2025-11-01,299.74,111301.91,66881.05
Project 0635,2025-12-01,275.93,93406.05,51881.61
Project 0635,2026-01-01,263.11,124665.8,91285.12
Project 0635,2026-02-01,325.1,127031.43,91781.32
Project 0635,2026-03-01,340.13,126714.16,82565.12
Project 0635,2026-04-01,345.7,129603.27,74573.34
Project 0635,2026-05-01,308.27,108369.43,71077.66
Project 0635,2026-06-01,307.18,106752.33,60699.21
Project 0635,2026-07-01,302.62,117794.96,83343.54
Project 0635,2026-08-01,250.79,119323.21,73997.33
Project 0636,2024-09-01,91.41,34455.45,22857.07
Project 0636,2024-10-01,80.15,37021.09,21770.55
Project 0636,2024-11-01,108.99,31540.76,19429.81
Project 0636,2024-12-01,90.48,27400.26,18601.67
Project 0636,2025-01-01,119.44,35097.38,24647.81
Project 0636,2025-02-01,89.47,31673.58,23296.02
Project 0636,2025-03-01,106.82,32151.9,20721.52
Project 0636,2025-04-01,100.61,28821.43,20693.23
Project 0636,2025-05-01,105.94,30431.51,16995.12
Project 0636,2025-06-01,119.13,36739.11,23044.93
Project 0636,2025-07-01,83.68,31743.42,18704.47
Project 0636,2025-08-01,104.11,32925.6,20358.6
Project 0636,2025-09-01,98.82,30325.55,22379.0
Project 0636,2025-10-01,100.81,27767.34,15595.17
Project 0636,2025-11-01,94.05,31286.95,18235.28
Project 0636,2025-12-01,96.36,27930.83,16069.13
Project 0636,2026-01-01,79.77,29421.97,17931.48
Project 0636,2026-02-01,109.23,32145.99,23019.15
Project 0636,2026-03-01,117.77,29912.97,17891.7
Project 0636,2026-04-01,117.17,26979.71,17751.62
Project 0636,2026-05-01,115.99,30067.32,21201.94
Project 0636,2026-06-01,89.45,35552.26,25764.62
Project 0636,2026-07-01,108.98,33469.5,20499.55
Project 0636,2026-08-01,94.53,28854.59,19189.53
Project 0637,2024-09-01,226.89,11730.8,8091.59
Project 0637,2024-10-01,243.86,11899.09,7142.04
Project 0637,2024-11-01,253.92,10857.82,7897.9
Project 0637,2024-12-01,276.23,11075.78,6478.69
Project 0637,2025-01-01,223.14,9975.74,6501.67
Project 0637,2025-02-01,220.07,10770.98,6973.67
Project 0637,2025-03-01,189.85,10356.42,7676.4
Project 0637,2025-04-01,258.88,12243.48,7627.59
Project 0637,2025-05-01,271.09,10689.14,7958.95
Project 0637,2025-06-01,241.49,12830.21,7679.44
Project 0637,2025-07-01,236.09,11488.32,8405.39
Project 0637,2025-08-01,196.89,10322.65,6226.22
Project 0637,2025-09-01,242.08,10050.32,7160.72
Project 0637,2025-10-01,194.44,10546.97,6524.55
Project 0637,2025-11-01,243.7,11256.16,7428.61
Project 0637,2025-12-01,269.29,10104.31,6442.13
Project 0637,2026-01-01,274.27,10908.06,7893.87
Project 0637,2026-02-01,195.07,12288.32,8818.31
Project 0637,2026-03-01,197.77,10893.51,8150.27
Project 0637,2026-04-01,269.69,9767.79,5373.32
Project 0637,2026-05-01,179.65,10824.4,7928.77
Project 0637,2026-06-01,244.57,9584.31,6481.34
Project 0637,2026-07-01,252.02,12180.21,6778.16
Project 0637,2026-08-01,209.19,10627.6,7913.07
Project 0638,2024-09-01,393.52,45019.05,28741.61
Project 0638,2024-10-01,282.87,46726.42,27834.36
Project 0638,2024-11-01,361.57,43844.07,28795.1
Project 0638,2024-12-01,306.82,39745.1,23181.1
Project 0638,2025-01-01,355.15,37952.58,27129.46
Project 0638,2025-02-01,423.91,40193.54,23075.24
Project 0638,2025-03-01,291.47,37618.56,24527.49
Project 0638,2025-04-01,407.56,34945.3,19497.83
Project 0638,2025-05-01,347.52,40613.65,23980.19
Project 0638,2025-06-01,341.99,42253.14,24912.17
Project 0638,2025-07-01,385.95,45779.07,25289.76
Project 0638,2025-08-01,323.61,41003.02,30056.14
Project 0638,2025-09-01,378.09,44293.7,25150.44
Project 0638,2025-10-01,303.26,47310.05,30285.49
Project 0638,2025-11-01,359.39,43638.57,31703.16
Project 0638,2025-12-01,301.85,45908.19,30920.42
Project 0638,2026-01-01,395.54,34388.87,23976.06
Project 0638,2026-02-01,406.11,38688.18,26328.88
Project 0638,2026-03-01,353.06,41035.18,23465.07
Project 0638,2026-04-01,305.17,41433.11,28224.49
Project 0638,2026-05-01,326.69,42368.76,25395.83
Project 0638,2026-06-01,362.22,40623.49,28825.82
Project 0638,2026-07-01,344.76,38091.98,23565.95
Project 0638,2026-08-01,370.97,39418.14,26074.87
Project 0639,2024-09-01,290.45,72922.44,49092.04
Project 0639,2024-10-01,271.92,77483.24,43823.54
Project 0639,2024-11-01,304.06,77879.12,46187.42
Project 0639,2024-12-01,288.47,84396.19,50427.08
Project 0639,2025-01-01,246.37,67457.06,47342.53
Project 0639,2025-02-01,300.42,69869.23,46055.23
Project 0639,2025-03-01,321.33,78032.77,56569.5
Project 0639,2025-04-01,224.13,77759.04,45274.18
Project 0639,2025-05-01,232.7,89102.37,63892.66
Project 0639,2025-06-01,230.14,77855.4,57138.13
Project 0639,2025-07-01,292.04,88535.9,55580.36
Project 0639,2025-08-01,293.57,79703.68,53754.37
Project 0639,2025-09-01,224.36,83172.3,47450.3
Project 0639,2025-10-01,259.24,70758.12,47946.14
Project 0639,2025-11-01,282.87,67702.9,39746.2
Project 0639,2025-12-01,331.57,72761.11,53053.03
Project 0639,2026-01-01,289.09,89224.58,58019.18
Project 0639,2026-02-01,225.9,86354.33,64393.55
Project 0639,2026-03-01,299.5,75705.66,52667.98
Project 0639,2026-04-01,326.14,80291.59,48787.76
Project 0639,2026-05-01,269.2,77632.29,53630.39
Project 0639,2026-06-01,326.31,73852.83,47862.99
Project 0639,2026-07-01,276.98,77734.22,52433.85
Project 0639,2026-08-01,331.81,77028.8,44385.88
Project 0640,2024-09-01,257.17,38714.1,27213.15
Project 0640,2024-10-01,307.08,49402.64,28972.45
Project 0640,2024-11-01,290.46,50173.63,36747.81
Project 0640,2024-12-01,239.2,47388.01,35117.94
Project 0640,2025-01-01,251.4,51815.19,35246.41
Project 0640,2025-02-01,267.7,43178.82,28411.92
Project 0640,2025-03-01,296.1,39148.5,25369.73
Project 0640,2025-04-01,230.18,46566.04,27440.32
Project 0640,2025-05-01,271.68,43394.26,24714.33
Project 0640,2025-06-01,308.89,44092.94,26645.61
Project 0640,2025-07-01,209.96,54765.02,38817.28
Project 0640,2025-08-01,220.15,45892.53,32468.25
Project 0640,2025-09-01,237.4,38605.55,25903.22
Project 0640,2025-10-01,235.74,42377.19,24082.56
Project 0640,2025-11-01,245.89,52854.82,30606.06
Project 0640,2025-12-01,229.25,41840.44,24932.44
Project 0640,2026-01-01,300.57,46962.93,27557.05
Project 0640,2026-02-01,273.26,46123.36,27063.29
Project 0640,2026-03-01,215.69,41081.0,29841.1
Project 0640,2026-04-01,236.18,50464.64,36865.04
Project 0640,2026-05-01,243.18,54544.28,35567.75
Project 0640,2026-06-01,223.86,44517.61,31429.52
Project 0640,2026-07-01,239.63,49417.24,27321.61
Project 0640,2026-08-01,252.14,51347.11,28991.46
Project 0641,2024-09-01,17.28,3256.55,2146.94
Project 0641,2024-10-01,13.73,3413.25,2481.25
Project 0641,2024-11-01,13.34,3270.56,2204.32
Project 0641,2024-12-01,17.49,3429.57,2221.74
Project 0641,2025-01-01,13.22,3373.76,1903.24
Project 0641,2025-02-01,18.23,3879.92,2669.12
Project 0641,2025-03-01,14.25,3889.36,2809.51
Project 0641,2025-04-01,17.76,3938.0,2342.19
Project 0641,2025-05-01,19.31,3441.65,2220.6
Project 0641,2025-06-01,13.52,3836.66,2412.93
Project 0641,2025-07-01,19.26,4286.85,2983.78
Project 0641,2025-08-01,19.48,3825.57,2771.12
Project 0641,2025-09-01,19.12,4231.88,2711.14
Project 0641,2025-10-01,15.8,3798.35,2651.3
Project 0641,2025-11-01,13.22,3888.11,2244.69
Project 0641,2025-12-01,17.59,3348.19,1915.04
Project 0641,2026-01-01,18.83,3819.06,2824.21
Project 0641,2026-02-01,16.59,3666.94,2626.65
Project 0641,2026-03-01,15.55,4352.66,2701.31
Project 0641,2026-04-01,14.56,3697.49,2669.34
Project 0641,2026-05-01,15.98,3518.26,2160.19
Project 0641,2026-06-01,17.12,3249.01,2168.79
Project 0641,2026-07-01,12.94,3486.79,2570.98
Project 0641,2026-08-01,16.63,3568.73,2065.4
Project 0642,2024-09-01,179.05,38648.08,25602.38
Project 0642,2024-10-01,167.18,47832.13,34647.5
Project 0642,2024-11-01,178.83,41805.82,26307.69
Project 0642,2024-12-01,163.95,48322.13,34863.1
Project 0642,2025-01-01,221.66,36179.11,23538.24
Project 0642,2025-02-01,193.19,50039.47,28698.66
Project 0642,2025-03-01,159.23,35749.32,22673.28
Project 0642,2025-04-01,143.44,46204.71,27790.72
Project 0642,2025-05-01,167.79,43772.99,27200.04
Project 0642,2025-06-01,221.48,39403.64,22190.82
Project 0642,2025-07-01,169.87,48647.13,29154.68
Project 0642,2025-08-01,166.91,48277.8,36087.5
Project 0642,2025-09-01,182.41,43171.5,32175.61
Project 0642,2025-10-01,217.86,38276.34,25580.27
Project 0642,2025-11-01,191.07,46323.21,31209.32
Project 0642,2025-12-01,155.81,37181.81,23403.4
Project 0642,2026-01-01,201.72,40098.73,27850.65
Project 0642,2026-02-01,176.32,43410.74,29752.07
Project 0642,2026-03-01,209.68,45293.02,32264.3
Project 0642,2026-04-01,174.03,35881.49,22748.35
Project 0642,2026-05-01,184.5,47724.13,30913.84
Project 0642,2026-06-01,153.81,43258.1,28682.69
Project 0642,2026-07-01,205.2,43224.2,29255.46
Project 0642,2026-08-01,149.95,49371.05,34773.53
Project 0643,2024-09-01,258.07,101041.93,69689.64
Project 0643,2024-10-01,261.82,97975.26,68068.95
Project 0643,2024-11-01,262.66,107001.88,79825.17
Project 0643,2024-12-01,240.86,83502.56,47213.19
Project 0643,2025-01-01,267.42,83149.8,57924.81
Project 0643,2025-02-01,288.48,78436.66,51277.85
Project 0643,2025-03-01,229.46,83624.19,49758.39
Project 0643,2025-04-01,311.58,83705.58,49951.8
Project 0643,2025-05-01,229.71,87360.89,58950.18
Project 0643,2025-06-01,267.74,91814.78,63405.09
Project 0643,2025-07-01,265.56,98733.79,68312.08
Project 0643,2025-08-01,252.02,87625.23,60808.92
Project 0643,2025-09-01,334.3,100260.91,65188.53
Project 0643,2025-10-01,330.61,83771.77,49000.9
Project 0643,2025-11-01,262.84,107266.74,59399.23
Project 0643,2025-12-01,276.66,82254.33,46147.79
Project 0643,2026-01-01,249.58,89664.92,49655.61
Project 0643,2026-02-01,252.57,85988.33,54512.47
Project 0643,2026-03-01,288.8,101291.87,71270.28
Project 0643,2026-04-01,225.33,87241.62,64073.27
Project 0643,2026-05-01,290.98,86510.9,55699.43
Project 0643,2026-06-01,336.75,95439.04,69045.27
Project 0643,2026-07-01,291.18,108677.85,79823.1
Project 0643,2026-08-01,229.32,92091.12,53342.77
Project 0644,2024-09-01,378.17,74412.73,42138.01
Project 0644,2024-10-01,417.41,75195.74,53173.62
Project 0644,2024-11-01,276.78,81173.4,44882.7
Project 0644,2024-12-01,317.32,67915.41,45590.17
Project 0644,2025-01-01,275.16,70535.27,40076.0
Project 0644,2025-02-01,385.45,77048.97,55029.72
Project 0644,2025-03-01,368.69,73193.19,46004.99
Project 0644,2025-04-01,329.21,92550.11,58230.74
Project 0644,2025-05-01,271.24,79172.89,50162.81
Project 0644,2025-06-01,360.85,88465.33,65807.96
Project 0644,2025-07-01,292.02,74175.17,51931.17
Project 0644,2025-08-01,291.72,66165.91,43099.81
Project 0644,2025-09-01,359.15,86330.14,64659.42
Project 0644,2025-10-01,378.09,83529.45,62545.45
Project 0644,2025-11-01,376.51,81754.76,49843.06
Project 0644,2025-12-01,406.66,80172.4,57777.4
Project 0644,2026-01-01,321.91,73625.96,52957.29
Project 0644,2026-02-01,402.94,73012.01,51455.5
Project 0644,2026-03-01,377.3,69253.53,49645.46
Project 0644,2026-04-01,337.21,69025.9,49872.98
Project 0644,2026-05-01,335.95,70568.5,47461.13
Project 0644,2026-06-01,299.74,67688.29,43547.0
Project 0644,2026-07-01,316.96,75540.27,41945.5
Project 0644,2026-08-01,400.47,91283.87,57374.1
Project 0645,2024-09-01,78.7,9806.99,5635.46
Project 0645,2024-10-01,107.47,11479.11,6672.63
Project 0645,2024-11-01,105.62,9534.36,6229.79
Project 0645,2024-12-01,107.08,10564.1,6773.02
Project 0645,2025-01-01,76.4,10934.92,6705.31
Project 0645,2025-02-01,115.69,9106.01,5543.63
Project 0645,2025-03-01,79.65,9803.59,5483.41
Project 0645,2025-04-01,83.01,12608.0,8491.45
Project 0645,2025-05-01,89.46,11674.67,8366.65
Project 0645,2025-06-01,78.81,9936.8,5601.46
Project 0645,2025-07-01,95.76,10280.23,6948.13
Project 0645,2025-08-01,83.45,11982.71,8229.54
Project 0645,2025-09-01,118.86,9811.62,7278.39
Project 0645,2025-10-01,104.06,9493.08,6936.15
Project 0645,2025-11-01,81.08,9406.8,5826.57
Project 0645,2025-12-01,114.03,9466.53,6864.27
Project 0645,2026-01-01,84.59,12857.25,7188.11
Project 0645,2026-02-01,113.82,10853.45,7355.27
Project 0645,2026-03-01,114.9,13054.44,8205.37
Project 0645,2026-04-01,75.94,9243.15,6274.63
Project 0645,2026-05-01,94.94,12726.28,9224.75
Project 0645,2026-06-01,79.96,11338.87,8046.77
Project 0645,2026-07-01,77.93,11044.12,7873.58
Project 0645,2026-08-01,95.5,12097.77,6700.87
Project 0646,2024-09-01,81.35,6432.72,3750.68
Project 0646,2024-10-01,71.38,5978.16,3731.06
Project 0646,2024-11-01,93.43,7582.62,4185.78
Project 0646,2024-12-01,68.05,5608.56,3608.08
Project 0646,2025-01-01,71.94,7756.93,5006.0
Project 0646,2025-02-01,65.92,5684.56,3135.02
Project 0646,2025-03-01,66.05,7385.03,4466.2
Project 0646,2025-04-01,88.19,7161.13,4017.6
Project 0646,2025-05-01,88.96,6212.15,3904.02
Project 0646,2025-06-01,72.87,6723.21,3748.54
Project 0646,2025-07-01,90.59,6428.48,4521.19
Project 0646,2025-08-01,79.8,7032.81,4688.26
Project 0646,2025-09-01,93.28,7307.6,4157.27
Project 0646,2025-10-01,67.52,7547.04,5464.75
Project 0646,2025-11-01,85.52,6543.42,3978.37
Project 0646,2025-12-01,96.63,6627.53,4037.09
Project 0646,2026-01-01,89.25,6963.54,4033.85
Project 0646,2026-02-01,102.36,7485.54,4349.19
Project 0646,2026-03-01,70.63,7461.28,5521.73
Project 0646,2026-04-01,101.64,6589.22,3713.57
Project 0646,2026-05-01,82.78,7517.71,4570.01
Project 0646,2026-06-01,88.81,7412.42,5415.34
Project 0646,2026-07-01,100.15,6192.95,4201.13
Project 0646,2026-08-01,67.14,6685.61,4700.22
Project 0647,2024-09-01,401.09,51731.71,36063.89
Project 0647,2024-10-01,407.28,53558.21,39396.12
Project 0647,2024-11-01,402.75,49626.93,30164.82
Project 0647,2024-12-01,306.43,48613.73,27411.05
Project 0647,2025-01-01,396.91,47138.8,26706.56
Project 0647,2025-02-01,288.79,40590.72,27473.24
Project 0647,2025-03-01,288.84,38916.09,23459.92
Project 0647,2025-04-01,361.59,42054.31,23400.59
Project 0647,2025-05-01,338.74,47732.57,27959.18
Project 0647,2025-06-01,325.88,48357.83,34599.93
Project 0647,2025-07-01,396.3,53887.63,37645.79
Project 0647,2025-08-01,358.0,43451.52,24356.15
Project 0647,2025-09-01,380.0,49575.21,29937.0
Project 0647,2025-10-01,380.67,46396.41,28931.82
Project 0647,2025-11-01,399.07,49546.79,29465.84
Project 0647,2025-12-01,337.15,42564.68,25416.89
Project 0647,2026-01-01,363.83,50369.46,31532.32
Project 0647,2026-02-01,325.29,37872.27,27165.8
Project 0647,2026-03-01,284.78,49841.37,35401.78
Project 0647,2026-04-01,428.9,40554.08,29349.37
Project 0647,2026-05-01,394.8,52634.33,36431.13
Project 0647,2026-06-01,366.11,41629.85,28694.83
Project 0647,2026-07-01,336.64,42348.03,31312.56
Project 0647,2026-08-01,323.65,44320.33,25326.52
Project 0648,2024-09-01,45.2,9346.02,5416.45
Project 0648,2024-10-01,47.66,10285.04,7237.05
Project 0648,2024-11-01,41.8,11635.23,6474.85
Project 0648,2024-12-01,35.08,11172.31,8070.11
Project 0648,2025-01-01,50.83,11627.73,8637.1
Project 0648,2025-02-01,33.7,8214.69,4863.58
Project 0648,2025-03-01,35.19,10973.17,7673.58
Project 0648,2025-04-01,47.47,8176.35,4905.92
Project 0648,2025-05-01,52.17,9698.57,6404.42
Project 0648,2025-06-01,50.19,8397.15,5162.01
Project 0648,2025-07-01,47.1,10214.12,7206.09
Project 0648,2025-08-01,48.28,9670.31,5544.75
Project 0648,2025-09-01,33.9,10001.79,6313.67
Project 0648,2025-10-01,52.2,9429.36,5936.44
Project 0648,2025-11-01,41.81,11358.74,7459.03
Project 0648,2025-12-01,45.73,9379.38,6545.15
Project 0648,2026-01-01,46.76,10945.95,6742.59
Project 0648,2026-02-01,40.14,9307.8,5189.71
Project 0648,2026-03-01,37.23,11486.67,6683.43
Project 0648,2026-04-01,34.39,10096.73,7245.09
Project 0648,2026-05-01,41.09,11248.84,8372.33
Project 0648,2026-06-01,38.46,9285.25,6944.79
Project 0648,2026-07-01,41.98,9022.15,6066.26
Project 0648,2026-08-01,40.83,9279.1,6441.1
Project 0649,2024-09-01,246.0,64670.97,43248.09
Project 0649,2024-10-01,200.67,54149.45,39536.75
Project 0649,2024-11-01,177.06,64901.03,45477.67
Project 0649,2024-12-01,170.82,56237.28,36371.26
Project 0649,2025-01-01,211.39,68118.05,50935.96
Project 0649,2025-02-01,202.39,52957.64,29302.72
Project 0649,2025-03-01,202.72,50212.33,32923.1
Project 0649,2025-04-01,184.62,54226.19,34386.71
Project 0649,2025-05-01,229.36,52798.57,39126.79
Project 0649,2025-06-01,189.32,66466.15,49200.04
Project 0649,2025-07-01,183.51,65275.02,43465.73
Project 0649,2025-08-01,177.9,69903.85,42235.98
Project 0649,2025-09-01,179.72,57170.87,34865.61
Project 0649,2025-10-01,214.56,64011.1,40596.79
Project 0649,2025-11-01,241.76,58414.26,43708.83
Project 0649,2025-12-01,240.98,61782.58,38583.96
Project 0649,2026-01-01,209.07,67628.92,49844.18
Project 0649,2026-02-01,236.73,65111.17,39589.35
Project 0649,2026-03-01,178.73,66242.47,43561.37
Project 0649,2026-04-01,253.7,64936.48,43113.32
Project 0649,2026-05-01,250.36,54682.49,38474.39
Project 0649,2026-06-01,252.62,52430.78,38902.35
Project 0649,2026-07-01,172.28,60688.26,44491.95
Project 0649,2026-08-01,229.57,51768.78,32623.72
Project 0650,2024-09-01,89.26,4319.25,3053.28
Project 0650,2024-10-01,81.97,3274.6,2175.74
Project 0650,2024-11-01,85.16,3190.35,1809.86
Project 0650,2024-12-01,72.84,3646.64,2593.64
Project 0650,2025-01-01,81.8,3575.43,2308.48
Project 0650,2025-02-01,66.63,3778.96,2231.44
Project 0650,2025-03-01,62.66,3947.49,2310.06
Project 0650,2025-04-01,67.04,4251.93,2613.49
Project 0650,2025-05-01,73.3,3846.39,2545.54
Project 0650,2025-06-01,81.07,3202.54,1861.69
Project 0650,2025-07-01,76.09,3997.32,2851.04
Project 0650,2025-08-01,71.2,3239.55,2330.43
Project 0650,2025-09-01,90.89,4064.5,2415.91
Project 0650,2025-10-01,59.17,3722.3,2765.85
Project 0650,2025-11-01,88.84,3242.77,2223.46
Project 0650,2025-12-01,66.87,4246.53,2628.74
Project 0650,2026-01-01,72.7,3228.64,2387.58
Project 0650,2026-02-01,72.49,3764.65,2315.16
Project 0650,2026-03-01,82.77,3782.57,2388.15
Project 0650,2026-04-01,78.14,3316.27,2066.41
Project 0650,2026-05-01,73.33,4322.27,2752.84
Project 0650,2026-06-01,66.97,4118.21,2319.36
Project 0650,2026-07-01,78.28,4137.12,2490.68
Project 0650,2026-08-01,72.81,3463.67,2376.35
Project 0651,2024-09-01,328.38,22125.49,15622.66
Project 0651,2024-10-01,367.67,18941.25,12118.32
Project 0651,2024-11-01,409.76,21054.3,14855.61
Project 0651,2024-12-01,367.64,20125.58,14378.87
Project 0651,2025-01-01,374.69,26312.6,18106.71
Project 0651,2025-02-01,273.93,23291.34,15535.59
Project 0651,2025-03-01,328.32,24831.95,16572.74
Project 0651,2025-04-01,294.14,25807.64,15641.88
Project 0651,2025-05-01,344.36,19250.32,13820.38
Project 0651,2025-06-01,278.5,21860.64,13175.57
Project 0651,2025-07-01,353.13,25512.12,18695.65
Project 0651,2025-08-01,331.21,25068.08,16963.79
Project 0651,2025-09-01,382.09,23702.16,14614.59
Project 0651,2025-10-01,372.57,20685.81,14764.52
Project 0651,2025-11-01,316.94,21692.16,15512.22
Project 0651,2025-12-01,320.38,23883.13,15665.74
Project 0651,2026-01-01,382.56,26083.81,15502.47
Project 0651,2026-02-01,308.4,20734.35,14921.89
Project 0651,2026-03-01,411.66,23517.32,13362.23
Project 0651,2026-04-01,371.29,18781.81,11331.53
Project 0651,2026-05-01,378.52,23820.63,14551.94
Project 0651,2026-06-01,386.37,26017.97,16221.45
Project 0651,2026-07-01,377.36,21675.06,13239.29
Project 0651,2026-08-01,363.44,20737.12,11964.46
Project 0652,2024-09-01,187.83,78700.03,49308.95
Project 0652,2024-10-01,220.68,60241.54,33861.63
Project 0652,2024-11-01,189.38,77127.16,56725.1
Project 0652,2024-12-01,208.72,60944.15,41992.61
Project 0652,2025-01-01,208.6,69562.54,49229.87
Project 0652,2025-02-01,192.07,66151.24,45890.34
Project 0652,2025-03-01,216.8,77354.28,46872.2
Project 0652,2025-04-01,231.6,73167.03,44147.0
Project 0652,2025-05-01,174.35,64090.44,36270.93
Project 0652,2025-06-01,195.7,74236.36,45006.71
Project 0652,2025-07-01,168.25,61005.4,45569.36
Project 0652,2025-08-01,176.49,63668.39,46021.3
Project 0652,2025-09-01,222.44,72214.46,44010.6
Project 0652,2025-10-01,238.9,64830.35,43953.65
Project 0652,2025-11-01,171.43,63154.93,46106.52
Project 0652,2025-12-01,227.62,77792.68,53543.02
Project 0652,2026-01-01,250.92,67764.48,46678.21
Project 0652,2026-02-01,169.81,56700.69,42112.42
Project 0652,2026-03-01,212.78,77498.47,45943.28
Project 0652,2026-04-01,231.75,68863.61,37989.06
Project 0652,2026-05-01,204.2,74607.17,47945.01
Project 0652,2026-06-01,225.14,65282.72,38640.34
Project 0652,2026-07-01,165.42,69419.34,49445.31
Project 0652,2026-08-01,190.11,74430.31,42505.95
Project 0653,2024-09-01,331.11,35625.75,26184.69
Project 0653,2024-10-01,386.48,30995.41,17204.46
Project 0653,2024-11-01,362.13,35919.88,23536.63
Project 0653,2024-12-01,401.47,37536.27,27624.33
Project 0653,2025-01-01,338.44,33864.75,20447.34
Project 0653,2025-02-01,344.06,28747.39,16664.85
Project 0653,2025-03-01,314.19,28865.37,16954.06
Project 0653,2025-04-01,359.97,32736.42,22574.38
Project 0653,2025-05-01,338.8,33101.08,21348.95
Project 0653,2025-06-01,358.55,29724.46,20254.42
Project 0653,2025-07-01,365.46,29848.24,21538.52
Project 0653,2025-08-01,278.51,33828.42,20819.77
Project 0653,2025-09-01,306.03,27933.72,16547.63
Project 0653,2025-10-01,324.15,33357.7,23168.15
Project 0653,2025-11-01,284.06,31107.66,18577.65
Project 0653,2025-12-01,328.07,33253.81,18572.98
Project 0653,2026-01-01,305.24,29309.65,20372.32
Project 0653,2026-02-01,365.08,35422.32,25280.63
Project 0653,2026-03-01,271.59,37107.06,24068.07
Project 0653,2026-04-01,313.79,28593.42,19518.99
Project 0653,2026-05-01,280.16,33910.03,23785.05
Project 0653,2026-06-01,281.74,36086.92,24291.25
Project 0653,2026-07-01,274.99,37945.01,22118.96
Project 0653,2026-08-01,311.23,35834.51,26557.47
Project 0654,2024-09-01,106.45,36108.91,22298.43
Project 0654,2024-10-01,114.4,31328.78,20940.34
Project 0654,2024-11-01,127.16,32802.73,23039.35
Project 0654,2024-12-01,128.38,31588.64,22147.04
Project 0654,2025-01-01,89.91,39493.18,21981.88
Project 0654,2025-02-01,104.78,34477.91,24960.65
Project 0654,2025-03-01,84.54,30497.69,20001.89
Project 0654,2025-04-01,85.78,30564.95,16946.47
Project 0654,2025-05-01,101.33,30129.02,21897.58
Project 0654,2025-06-01,108.69,37799.05,24042.8
Project 0654,2025-07-01,125.58,34017.33,23639.53
Project 0654,2025-08-01,128.21,30496.04,21486.99
Project 0654,2025-09-01,107.36,28785.48,19590.14
Project 0654,2025-10-01,100.25,29118.43,19790.65
Project 0654,2025-11-01,129.99,38487.87,22104.59
Project 0654,2025-12-01,125.97,36208.66,25106.49
Project 0654,2026-01-01,93.64,36208.63,25818.9
Project 0654,2026-02-01,88.73,35341.19,26050.71
Project 0654,2026-03-01,109.05,40625.85,28653.24
Project 0654,2026-04-01,103.54,35599.54,22492.56
Project 0654,2026-05-01,101.0,40327.1,26135.62
Project 0654,2026-06-01,95.49,31445.0,19535.06
Project 0654,2026-07-01,102.32,39836.52,26310.34
Project 0654,2026-08-01,111.21,35133.5,25085.62
Project 0655,2024-09-01,264.82,22620.73,16334.19
Project 0655,2024-10-01,361.59,20111.63,14746.47
Project 0655,2024-11-01,324.73,18988.2,13752.81
Project 0655,2024-12-01,242.53,18954.66,11789.07
Project 0655,2025-01-01,345.67,18817.64,11514.98
Project 0655,2025-02-01,310.78,22569.5,15059.06
Project 0655,2025-03-01,254.79,21952.14,12152.45
Project 0655,2025-04-01,240.75,16625.85,11471.49
Project 0655,2025-05-01,352.52,17962.8,13051.32
Project 0655,2025-06-01,262.94,18751.51,12184.02
Project 0655,2025-07-01,329.2,22014.61,12221.38
Project 0655,2025-08-01,251.99,16274.75,10047.3
Project 0655,2025-09-01,347.14,20034.79,11591.3
Project 0655,2025-10-01,353.36,17306.3,12716.75
Project 0655,2025-11-01,342.72,20137.05,12455.46
Project 0655,2025-12-01,358.94,22940.6,16515.42
Project 0655,2026-01-01,307.35,16316.14,9060.88
Project 0655,2026-02-01,261.4,21032.51,14257.85
Project 0655,2026-03-01,338.89,16919.31,11763.82
Project 0655,2026-04-01,343.69,16256.72,9473.73
Project 0655,2026-05-01,304.23,16999.74,11356.14
Project 0655,2026-06-01,277.8,16955.85,10708.62
Project 0655,2026-07-01,270.58,22921.79,13801.15
Project 0655,2026-08-01,334.91,20904.39,11542.66
Project 0656,2024-09-01,197.91,11928.74,8068.63
Project 0656,2024-10-01,197.84,11929.17,6752.4
Project 0656,2024-11-01,204.36,14083.45,9965.68
Project 0656,2024-12-01,226.22,14097.13,9645.7
Project 0656,2025-01-01,165.84,14174.62,10154.87
Project 0656,2025-02-01,214.49,15787.1,9037.04
Project 0656,2025-03-01,198.48,14495.51,8184.98
Project 0656,2025-04-01,231.15,15479.03,11005.05
Project 0656,2025-05-01,197.91,15192.71,9821.21
Project 0656,2025-06-01,235.21,12419.86,8132.43
Project 0656,2025-07-01,197.81,14472.36,9925.68
Project 0656,2025-08-01,236.64,14576.87,8470.44
Project 0656,2025-09-01,246.91,14342.53,8158.49
Project 0656,2025-10-01,183.84,16004.24,11800.08
Project 0656,2025-11-01,236.65,15547.12,9202.14
Project 0656,2025-12-01,188.67,12334.99,8783.64
Project 0656,2026-01-01,218.87,12193.26,8602.42
Project 0656,2026-02-01,243.27,13538.79,8968.37
Project 0656,2026-03-01,227.87,14201.82,10213.89
Project 0656,2026-04-01,201.19,11290.84,8384.56
Project 0656,2026-05-01,186.25,11754.43,7807.13
Project 0656,2026-06-01,173.45,15497.13,8535.91
Project 0656,2026-07-01,220.41,14654.85,8854.64
Project 0656,2026-08-01,216.83,15988.8,10915.28
Project 0657,2024-09-01,298.77,19554.91,11834.93
Project 0657,2024-10-01,208.76,22270.4,14644.06
Project 0657,2024-11-01,216.77,21015.43,12919.35
Project 0657,2024-12-01,290.21,18086.47,12324.8
Project 0657,2025-01-01,257.89,20051.41,12407.98
Project 0657,2025-02-01,264.97,19921.54,11799.45
Project 0657,2025-03-01,301.33,17759.14,10608.79
Project 0657,2025-04-01,280.87,20409.48,13495.09
Project 0657,2025-05-01,213.99,21434.38,13481.92
Project 0657,2025-06-01,219.17,21840.69,14124.62
Project 0657,2025-07-01,283.98,21099.54,12517.69
Project 0657,2025-08-01,303.9,23953.28,13233.2
Project 0657,2025-09-01,203.3,19475.61,11947.3
Project 0657,2025-10-01,263.79,21230.27,12087.09
Project 0657,2025-11-01,290.36,21744.41,14704.29
Project 0657,2025-12-01,195.99,19049.86,12947.84
Project 0657,2026-01-01,274.97,21749.08,12132.77
Project 0657,2026-02-01,241.94,20565.24,14467.02
Project 0657,2026-03-01,302.02,22078.86,16106.57
Project 0657,2026-04-01,305.36,20870.25,12105.63
Project 0657,2026-05-01,207.77,16827.54,10450.28
Project 0657,2026-06-01,238.55,22317.9,15759.12
Project 0657,2026-07-01,284.54,22226.34,13056.96
Project 0657,2026-08-01,275.41,20562.2,12477.86
Project 0658,2024-09-01,26.05,8375.43,4807.29
Project 0658,2024-10-01,20.47,6712.71,4871.38
Project 0658,2024-11-01,24.43,6629.16,3732.1
Project 0658,2024-12-01,19.48,7609.89,5061.33
Project 0658,2025-01-01,24.26,7114.64,4474.32
Project 0658,2025-02-01,25.82,8419.05,6052.8
Project 0658,2025-03-01,19.56,6723.87,4447.62
Project 0658,2025-04-01,19.16,8468.76,5053.96
Project 0658,2025-05-01,22.82,8128.68,5451.85
Project 0658,2025-06-01,22.27,7715.12,5332.23
Project 0658,2025-07-01,27.37,8413.62,4705.59
Project 0658,2025-08-01,18.44,7612.84,5558.79
Project 0658,2025-09-01,27.3,7279.46,4276.95
Project 0658,2025-10-01,27.38,6563.85,4841.99
Project 0658,2025-11-01,20.31,8184.43,4782.96
Project 0658,2025-12-01,24.56,8134.09,5892.46
Project 0658,2026-01-01,21.07,6870.69,4784.26
Project 0658,2026-02-01,22.79,6846.71,4477.95
Project 0658,2026-03-01,21.57,7922.73,5717.58
Project 0658,2026-04-01,18.45,7207.23,4060.56
Project 0658,2026-05-01,24.43,8733.5,5660.93
Project 0658,2026-06-01,25.41,8460.3,4960.09
Project 0658,2026-07-01,28.14,6148.05,4155.12
Project 0658,2026-08-01,27.75,7407.64,4621.19
Project 0659,2024-09-01,67.44,7701.92,5278.93
Project 0659,2024-10-01,49.06,7585.63,5422.67
Project 0659,2024-11-01,61.29,8214.99,5439.12
Project 0659,2024-12-01,70.64,6683.35,4660.44
Project 0659,2025-01-01,69.25,7742.75,4596.94
Project 0659,2025-02-01,57.43,6140.09,4083.62
Project 0659,2025-03-01,55.71,6874.88,3811.83
Project 0659,2025-04-01,51.7,6162.13,4568.16
Project 0659,2025-05-01,52.19,7845.99,5048.44
Project 0659,2025-06-01,75.55,7527.65,4545.14
Project 0659,2025-07-01,64.6,6528.03,4709.81
Project 0659,2025-08-01,52.27,6567.9,3961.93
Project 0659,2025-09-01,58.8,7001.72,5056.94
Project 0659,2025-10-01,59.31,8266.18,5907.71
Project 0659,2025-11-01,64.2,6027.66,4317.86
Project 0659,2025-12-01,52.76,6923.78,4201.47
Project 0659,2026-01-01,72.27,7111.41,4975.99
Project 0659,2026-02-01,63.99,6065.97,4394.62
Project 0659,2026-03-01,50.58,7329.55,5237.87
Project 0659,2026-04-01,59.61,8173.56,5002.44
Project 0659,2026-05-01,76.19,7243.11,5196.88
Project 0659,2026-06-01,54.15,7928.51,5780.14
Project 0659,2026-07-01,74.32,7275.36,4949.73
Project 0659,2026-08-01,53.38,7987.68,5521.91
Project 0660,2024-09-01,285.34,112496.38,74787.2
Project 0660,2024-10-01,333.18,127780.21,72554.65
Project 0660,2024-11-01,295.24,111943.27,68592.16
Project 0660,2024-12-01,325.35,128900.51,95860.35
Project 0660,2025-01-01,292.33,101816.91,67675.82
Project 0660,2025-02-01,265.27,140016.44,101753.06
Project 0660,2025-03-01,377.03,123556.89,91398.78
Project 0660,2025-04-01,347.65,110645.11,80409.54
Project 0660,2025-05-01,337.69,138471.25,102454.66
Project 0660,2025-06-01,338.16,132456.35,74384.89
Project 0660,2025-07-01,322.96,122673.56,74959.75
Project 0660,2025-08-01,397.88,142827.87,88190.05
Project 0660,2025-09-01,372.02,120393.38,86323.43
Project 0660,2025-10-01,333.21,105985.68,77677.0
Project 0660,2025-11-01,340.96,130516.21,90527.2
Project 0660,2025-12-01,400.34,130376.58,95504.4
Project 0660,2026-01-01,264.99,118712.91,73190.7
Project 0660,2026-02-01,279.79,110091.49,80101.33
Project 0660,2026-03-01,265.07,132522.12,97264.71
Project 0660,2026-04-01,401.4,141063.55,100998.0
Project 0660,2026-05-01,352.83,104605.39,59271.26
Project 0660,2026-06-01,289.52,132675.41,97803.33
Project 0660,2026-07-01,348.64,142442.09,99785.7
Project 0660,2026-08-01,318.09,139079.21,92604.25
Project 0661,2024-09-01,246.19,65913.03,48504.13
Project 0661,2024-10-01,207.3,74143.59,47254.64
Project 0661,2024-11-01,178.2,61244.53,34929.57
Project 0661,2024-12-01,178.76,69845.62,49054.56
Project 0661,2025-01-01,231.03,74715.94,50593.12
Project 0661,2025-02-01,236.36,78770.46,56670.49
Project 0661,2025-03-01,209.55,62894.77,39788.36
Project 0661,2025-04-01,235.14,77255.29,42676.55
Project 0661,2025-05-01,163.13,61493.67,44581.5
Project 0661,2025-06-01,190.91,70664.48,43747.01
Project 0661,2025-07-01,161.0,67384.02,49278.12
Project 0661,2025-08-01,237.95,67435.2,49979.08
Project 0661,2025-09-01,191.0,76639.85,53890.03
Project 0661,2025-10-01,241.1,61879.63,39082.14
Project 0661,2025-11-01,168.92,69462.82,51474.32
Project 0661,2025-12-01,222.65,82915.33,61041.68
Project 0661,2026-01-01,181.66,86899.48,61464.44
Project 0661,2026-02-01,207.66,81735.92,47413.79
Project 0661,2026-03-01,185.88,86377.75,57508.22
Project 0661,2026-04-01,196.12,61718.91,41560.21
Project 0661,2026-05-01,200.44,71400.2,42012.24
Project 0661,2026-06-01,222.6,70577.19,52505.36
Project 0661,2026-07-01,219.24,73751.76,54962.59
Project 0661,2026-08-01,158.41,81945.05,60402.37
Project 0662,2024-09-01,230.14,14133.25,8286.47
Project 0662,2024-10-01,277.69,14279.67,8530.65
Project 0662,2024-11-01,267.61,13448.69,8228.49
Project 0662,2024-12-01,259.3,12744.29,8308.7
Project 0662,2025-01-01,199.31,12567.61,7587.4
Project 0662,2025-02-01,213.76,12179.79,8523.82
Project 0662,2025-03-01,292.38,14045.02,9015.88
Project 0662,2025-04-01,208.02,13344.76,7871.8
Project 0662,2025-05-01,309.2,10458.45,6953.43
Project 0662,2025-06-01,279.83,11033.69,7147.91
Project 0662,2025-07-01,303.28,12194.99,8434.56
Project 0662,2025-08-01,210.35,13344.57,7585.13
Project 0662,2025-09-01,217.09,13226.99,8473.88
Project 0662,2025-10-01,243.46,12802.72,7259.54
Project 0662,2025-11-01,300.04,13580.81,7908.61
Project 0662,2025-12-01,289.07,14077.37,9330.09
Project 0662,2026-01-01,273.46,12920.62,8462.39
Project 0662,2026-02-01,253.25,14033.61,9253.91
Project 0662,2026-03-01,219.77,10412.84,7609.24
Project 0662,2026-04-01,302.21,10793.07,7308.9
Project 0662,2026-05-01,291.99,14373.37,10392.76
Project 0662,2026-06-01,293.24,12599.07,8089.93
Project 0662,2026-07-01,273.43,10446.05,7267.22
Project 0662,2026-08-01,292.17,10703.29,6047.73
Project 0663,2024-09-01,175.53,55684.35,31035.75
Project 0663,2024-10-01,172.6,48011.38,29395.04
Project 0663,2024-11-01,169.72,63326.37,36166.03
Project 0663,2024-12-01,190.08,49891.27,36920.19
Project 0663,2025-01-01,147.42,64422.56,35643.3
Project 0663,2025-02-01,180.78,47207.64,30551.82
Project 0663,2025-03-01,141.74,46941.35,35203.71
Project 0663,2025-04-01,147.2,66369.21,38681.3
Project 0663,2025-05-01,177.06,65046.62,48238.26
Project 0663,2025-06-01,182.53,57291.7,34032.83
Project 0663,2025-07-01,201.97,64554.83,39861.61
Project 0663,2025-08-01,164.04,59170.76,38034.59
Project 0663,2025-09-01,169.84,64094.94,46027.42
Project 0663,2025-10-01,169.91,66270.88,48079.95
Project 0663,2025-11-01,137.48,52874.32,29974.36
Project 0663,2025-12-01,145.12,61717.36,45537.04
Project 0663,2026-01-01,177.64,64360.94,42883.83
Project 0663,2026-02-01,194.63,60844.46,39441.89
Project 0663,2026-03-01,208.65,53066.58,29680.87
Project 0663,2026-04-01,189.53,53938.07,39278.47
Project 0663,2026-05-01,188.94,48183.28,31194.6
Project 0663,2026-06-01,162.14,60684.0,42001.84
Project 0663,2026-07-01,198.08,50348.27,35237.24
Project 0663,2026-08-01,150.84,65998.54,45829.37
Project 0664,2024-09-01,60.08,11471.7,7230.83
Project 0664,2024-10-01,59.08,11307.0,7956.47
Project 0664,2024-11-01,54.98,13129.11,8691.95
Project 0664,2024-12-01,80.45,11508.43,7307.95
Project 0664,2025-01-01,61.55,10231.11,6266.98
Project 0664,2025-02-01,66.16,10077.45,7368.22
Project 0664,2025-03-01,71.98,13581.27,8402.83
Project 0664,2025-04-01,61.87,11072.85,6362.59
Project 0664,2025-05-01,68.73,10490.22,7477.42
Project 0664,2025-06-01,61.65,10489.79,6026.92
Project 0664,2025-07-01,76.29,11418.17,6359.57
Project 0664,2025-08-01,53.51,12899.14,8194.94
Project 0664,2025-09-01,63.61,12137.57,8222.93
Project 0664,2025-10-01,59.64,14334.88,9632.38
Project 0664,2025-11-01,81.29,11613.88,8596.58
Project 0664,2025-12-01,80.53,10463.46,7299.88
Project 0664,2026-01-01,74.54,14417.04,8301.14
Project 0664,2026-02-01,73.23,13353.26,7789.59
Project 0664,2026-03-01,71.69,13365.15,10009.01
Project 0664,2026-04-01,64.0,12773.91,9462.69
Project 0664,2026-05-01,62.05,12813.94,7101.6
Project 0664,2026-06-01,55.28,13380.4,9831.03
Project 0664,2026-07-01,58.73,14280.91,8176.69
Project 0664,2026-08-01,58.06,12670.91,8342.12
Project 0665,2024-09-01,421.47,116528.0,87392.77
Project 0665,2024-10-01,403.73,118366.6,73193.29
Project 0665,2024-11-01,296.28,135876.4,88143.63
Project 0665,2024-12-01,319.47,106280.59,69783.75
Project 0665,2025-01-01,366.25,111935.55,68407.4
Project 0665,2025-02-01,337.56,118291.69,84071.12
Project 0665,2025-03-01,316.92,122726.76,67707.32
Project 0665,2025-04-01,360.07,99406.06,60918.39
Project 0665,2025-05-01,393.43,109963.67,78364.47
Project 0665,2025-06-01,308.38,101386.46,63239.73
Project 0665,2025-07-01,355.68,117705.48,79772.22
Project 0665,2025-08-01,372.18,102415.2,72955.35
Project 0665,2025-09-01,383.06,138723.12,80138.25
Project 0665,2025-10-01,422.18,130048.59,76632.2
Project 0665,2025-11-01,444.43,127891.99,88727.42
Project 0665,2025-12-01,363.56,116586.84,65977.81
Project 0665,2026-01-01,423.24,121358.01,90496.58
Project 0665,2026-02-01,362.33,115884.88,65005.94
Project 0665,2026-03-01,408.97,132105.09,83303.5
Project 0665,2026-04-01,393.45,129263.21,90975.27
Project 0665,2026-05-01,398.06,112209.34,75755.25
Project 0665,2026-06-01,336.73,102556.54,74049.94
Project 0665,2026-07-01,353.08,105389.63,62711.8
Project 0665,2026-08-01,312.77,104701.38,64872.04
Project 0666,2024-09-01,94.53,4232.96,2812.24
Project 0666,2024-10-01,88.0,4002.42,2731.09
Project 0666,2024-11-01,91.66,4294.41,2901.05
Project 0666,2024-12-01,74.51,3862.43,2480.9
Project 0666,2025-01-01,75.76,3605.36,2631.71
Project 0666,2025-02-01,73.48,4464.39,2652.38
Project 0666,2025-03-01,90.03,3239.14,2345.57
Project 0666,2025-04-01,79.78,3749.26,2616.85
Project 0666,2025-05-01,67.91,3647.01,2089.51
Project 0666,2025-06-01,83.36,3454.34,2140.09
Project 0666,2025-07-01,63.95,4320.97,2736.36
Project 0666,2025-08-01,91.79,3484.1,2478.04
Project 0666,2025-09-01,65.05,4480.75,3165.42
Project 0666,2025-10-01,66.29,3304.46,1843.36
Project 0666,2025-11-01,65.28,3768.77,2335.39
Project 0666,2025-12-01,94.88,3510.46,2392.92
Project 0666,2026-01-01,91.47,3694.43,2079.11
Project 0666,2026-02-01,78.81,3590.02,2013.19
Project 0666,2026-03-01,92.05,3331.86,1952.22
Project 0666,2026-04-01,64.24,4394.9,3197.92
Project 0666,2026-05-01,80.85,3753.7,2275.96
Project 0666,2026-06-01,78.03,3506.54,2178.13
Project 0666,2026-07-01,73.21,3238.46,1946.13
Project 0666,2026-08-01,90.08,4296.22,2484.49
Project 0667,2024-09-01,318.61,22920.71,16587.75
Project 0667,2024-10-01,266.1,19454.39,13814.55
Project 0667,2024-11-01,375.02,23971.74,14763.23
Project 0667,2024-12-01,273.55,17606.58,12921.01
Project 0667,2025-01-01,380.77,20139.02,15026.98
Project 0667,2025-02-01,365.75,20379.52,11898.03
Project 0667,2025-03-01,355.43,20288.59,11999.12
Project 0667,2025-04-01,334.97,19802.53,13628.94
Project 0667,2025-05-01,307.89,20084.37,11487.73
Project 0667,2025-06-01,341.97,24851.12,16303.96
Project 0667,2025-07-01,323.99,18978.34,12135.93
Project 0667,2025-08-01,317.95,19337.11,11422.55
Project 0667,2025-09-01,384.9,22769.89,12535.23
Project 0667,2025-10-01,359.36,21599.69,15798.86
Project 0667,2025-11-01,384.67,20096.09,14370.92
Project 0667,2025-12-01,290.54,21363.76,14539.39
Project 0667,2026-01-01,303.84,19352.31,12451.23
Project 0667,2026-02-01,280.72,21156.74,14571.93
Project 0667,2026-03-01,288.65,24910.81,16463.75
Project 0667,2026-04-01,297.9,20827.95,13204.01
Project 0667,2026-05-01,313.38,22940.87,14942.6
Project 0667,2026-06-01,333.72,20999.14,12772.48
Project 0667,2026-07-01,272.86,21245.86,14835.49
Project 0667,2026-08-01,366.98,18215.05,13025.73
Project 0668,2024-09-01,264.71,61536.12,41822.03
Project 0668,2024-10-01,281.85,63614.59,42818.56
Project 0668,2024-11-01,270.29,71729.81,40048.52
Project 0668,2024-12-01,194.23,80179.78,52958.75
Project 0668,2025-01-01,249.15,63588.76,40886.66
Project 0668,2025-02-01,186.81,61206.08,42269.4
Project 0668,2025-03-01,248.43,71692.44,45020.61
Project 0668,2025-04-01,267.18,70684.01,50960.45
Project 0668,2025-05-01,263.91,85584.8,49252.89
Project 0668,2025-06-01,185.48,62802.48,46853.24
Project 0668,2025-07-01,191.3,74407.61,49024.13
Project 0668,2025-08-01,189.18,79991.65,49537.29
Project 0668,2025-09-01,279.54,66041.95,40526.36
Project 0668,2025-10-01,273.69,79463.23,57423.12
Project 0668,2025-11-01,211.38,71546.03,50930.02
Project 0668,2025-12-01,253.06,66504.76,47687.73
Project 0668,2026-01-01,180.41,83700.83,54403.37
Project 0668,2026-02-01,279.89,70574.62,46495.63
Project 0668,2026-03-01,204.56,72439.64,52093.23
Project 0668,2026-04-01,264.29,69554.18,50657.81
Project 0668,2026-05-01,231.8,62580.39,39680.65
Project 0668,2026-06-01,217.59,71522.91,46947.44
Project 0668,2026-07-01,268.86,64503.46,42675.27
Project 0668,2026-08-01,204.42,70294.81,47330.39
Project 0669,2024-09-01,336.3,105230.31,78597.03
Project 0669,2024-10-01,418.89,96628.04,71748.26
Project 0669,2024-11-01,357.86,98826.06,56442.99
Project 0669,2024-12-01,391.92,110112.53,71583.35
Project 0669,2025-01-01,397.34,88779.38,54004.81
Project 0669,2025-02-01,299.14,96843.45,68846.28
Project 0669,2025-03-01,313.41,104068.47,59680.27
Project 0669,2025-04-01,363.24,84349.59,48923.43
Project 0669,2025-05-01,397.44,89249.2,50546.7
Project 0669,2025-06-01,330.0,98190.27,56367.41
Project 0669,2025-07-01,347.93,95732.99,59892.21
Project 0669,2025-08-01,300.38,80179.77,50588.94
Project 0669,2025-09-01,293.27,87779.83,56828.06
Project 0669,2025-10-01,370.69,91902.69,60847.51
Project 0669,2025-11-01,374.18,84098.74,54081.89
Project 0669,2025-12-01,271.46,82170.85,55488.72
Project 0669,2026-01-01,394.57,99473.43,69878.76
Project 0669,2026-02-01,313.51,108339.23,68539.15
Project 0669,2026-03-01,331.77,80405.9,47757.34
Project 0669,2026-04-01,369.36,105866.86,74777.8
Project 0669,2026-05-01,360.41,98577.37,58855.12
Project 0669,2026-06-01,290.72,101226.18,61258.89
Project 0669,2026-07-01,414.38,84448.15,61614.84
Project 0669,2026-08-01,416.01,108247.86,72798.73
Project 0670,2024-09-01,235.63,109188.32,68455.79
Project 0670,2024-10-01,212.27,94503.64,67564.31
Project 0670,2024-11-01,294.23,82563.48,60638.86
Project 0670,2024-12-01,221.1,97966.49,62438.08
Project 0670,2025-01-01,215.69,83239.05,58368.53
Project 0670,2025-02-01,201.96,91965.54,51472.46
Project 0670,2025-03-01,273.46,106546.71,76596.73
Project 0670,2025-04-01,238.22,87867.55,59167.76
Project 0670,2025-05-01,205.01,101307.72,74100.82
Project 0670,2025-06-01,217.17,105908.47,58468.31
Project 0670,2025-07-01,306.14,104878.58,64439.61
Project 0670,2025-08-01,261.34,89485.62,61289.71
Project 0670,2025-09-01,288.8,100707.47,57684.92
Project 0670,2025-10-01,260.38,96318.03,71272.53
Project 0670,2025-11-01,288.54,109996.96,79789.92
Project 0670,2025-12-01,285.09,104070.31,61728.46
Project 0670,2026-01-01,307.66,99663.21,69767.11
Project 0670,2026-02-01,231.74,99233.04,68046.89
Project 0670,2026-03-01,209.48,90387.08,54039.75
Project 0670,2026-04-01,316.97,91834.96,64470.28
Project 0670,2026-05-01,289.93,88069.92,54737.94
Project 0670,2026-06-01,290.19,99342.57,69357.7
Project 0670,2026-07-01,297.22,83279.55,61176.12
Project 0670,2026-08-01,239.96,86485.68,63795.25
Project 0671,2024-09-01,137.06,52936.13,29480.53
Project 0671,2024-10-01,110.43,52113.85,32104.31
Project 0671,2024-11-01,140.68,38461.21,21442.68
Project 0671,2024-12-01,137.39,40658.7,22965.41
Project 0671,2025-01-01,125.34,44787.74,27024.15
Project 0671,2025-02-01,151.78,52180.94,38399.74
Project 0671,2025-03-01,165.28,46330.25,33241.29
Project 0671,2025-04-01,140.14,53165.51,36643.01
Project 0671,2025-05-01,167.29,39610.46,24944.67
Project 0671,2025-06-01,115.11,51850.61,33861.09
Project 0671,2025-07-01,134.73,37031.68,20983.51
Project 0671,2025-08-01,143.42,44281.86,31903.06
Project 0671,2025-09-01,144.11,41792.48,23541.34
Project 0671,2025-10-01,136.95,51799.96,31106.81
Project 0671,2025-11-01,138.8,44509.37,31096.89
Project 0671,2025-12-01,120.43,52788.75,29609.14
Project 0671,2026-01-01,163.87,47625.84,31576.33
Project 0671,2026-02-01,135.08,38302.21,26081.76
Project 0671,2026-03-01,161.4,42320.56,25178.14
Project 0671,2026-04-01,165.85,42910.69,28523.16
Project 0671,2026-05-01,124.03,37109.95,26001.58
Project 0671,2026-06-01,170.62,37851.74,27615.91
Project 0671,2026-07-01,164.55,40633.08,28032.55
Project 0671,2026-08-01,121.05,43896.04,25900.52
Project 0672,2024-09-01,162.67,64340.96,43046.75
Project 0672,2024-10-01,148.7,58446.65,41924.43
Project 0672,2024-11-01,184.39,71623.84,41707.84
Project 0672,2024-12-01,171.91,53130.42,35069.82
Project 0672,2025-01-01,199.48,65350.1,44396.16
Project 0672,2025-02-01,140.26,71536.77,49492.68
Project 0672,2025-03-01,166.18,71789.13,53375.51
Project 0672,2025-04-01,202.24,63412.39,44369.88
Project 0672,2025-05-01,134.0,61295.41,41771.49
Project 0672,2025-06-01,153.1,56749.16,31436.58
Project 0672,2025-07-01,153.15,63527.21,47421.65
Project 0672,2025-08-01,158.27,67802.52,41284.26
Project 0672,2025-09-01,150.52,67042.11,42880.21
Project 0672,2025-10-01,150.51,54651.37,31133.63
Project 0672,2025-11-01,201.03,60611.44,34558.95
Project 0672,2025-12-01,153.83,60838.95,37877.89
Project 0672,2026-01-01,164.1,68304.73,46452.59
Project 0672,2026-02-01,177.72,72789.08,44945.64
Project 0672,2026-03-01,183.69,59952.52,41299.3
Project 0672,2026-04-01,185.83,59292.25,39139.71
Project 0672,2026-05-01,199.62,72972.8,52158.81
Project 0672,2026-06-01,160.0,51835.11,34452.63
Project 0672,2026-07-01,188.77,62722.08,45901.07
Project 0672,2026-08-01,147.96,68654.54,44427.9
Project 0673,2024-09-01,86.05,23853.2,17389.58
Project 0673,2024-10-01,76.57,22902.54,15948.95
Project 0673,2024-11-01,92.79,20793.72,14763.39
Project 0673,2024-12-01,86.48,25181.08,18061.67
Project 0673,2025-01-01,74.9,24745.46,17755.88
Project 0673,2025-02-01,64.08,28002.39,20485.66
Project 0673,2025-03-01,82.67,22813.21,15783.6
Project 0673,2025-04-01,70.25,22839.29,15787.89
Project 0673,2025-05-01,89.21,21907.65,13025.83
Project 0673,2025-06-01,68.97,23475.38,14063.15
Project 0673,2025-07-01,68.51,29063.54,19346.6
Project 0673,2025-08-01,61.29,26984.9,19599.52
Project 0673,2025-09-01,79.96,21710.12,14724.36
Project 0673,2025-10-01,84.93,25953.83,19108.44
Project 0673,2025-11-01,79.62,28600.79,17846.43
Project 0673,2025-12-01,90.17,23211.26,16726.63
Project 0673,2026-01-01,65.06,22982.61,16598.69
Project 0673,2026-02-01,70.56,25764.94,17317.38
Project 0673,2026-03-01,66.35,20938.33,13801.66
Project 0673,2026-04-01,68.29,25149.05,18771.69
Project 0673,2026-05-01,84.08,24020.79,14453.1
Project 0673,2026-06-01,88.28,24127.99,17365.38
Project 0673,2026-07-01,71.98,21553.17,12729.95
Project 0673,2026-08-01,85.63,28274.78,18736.63
Project 0674,2024-09-01,225.03,26037.6,15899.99
Project 0674,2024-10-01,150.04,20393.28,11406.73
Project 0674,2024-11-01,196.04,21411.5,15977.63
Project 0674,2024-12-01,207.99,23996.25,16999.79
Project 0674,2025-01-01,185.26,27379.59,18070.23
Project 0674,2025-02-01,205.92,23187.72,14528.81
Project 0674,2025-03-01,200.8,23030.82,14238.83
Project 0674,2025-04-01,207.86,23890.55,17217.13
Project 0674,2025-05-01,191.93,24128.26,16872.32
Project 0674,2025-06-01,182.87,22267.07,15860.64
Project 0674,2025-07-01,202.29,28205.17,17732.0
Project 0674,2025-08-01,162.92,25645.93,14255.52
Project 0674,2025-09-01,156.95,20933.76,12458.35
Project 0674,2025-10-01,167.44,24367.05,16252.97
Project 0674,2025-11-01,189.9,29125.92,20428.08
Project 0674,2025-12-01,229.15,22865.31,13715.09
Project 0674,2026-01-01,230.88,25563.52,18192.26
Project 0674,2026-02-01,179.89,29070.34,16440.04
Project 0674,2026-03-01,228.7,22431.52,13999.86
Project 0674,2026-04-01,197.91,21378.62,13897.91
Project 0674,2026-05-01,186.08,20826.04,14090.35
Project 0674,2026-06-01,158.33,22335.71,16147.81
Project 0674,2026-07-01,160.93,25819.1,17449.11
Project 0674,2026-08-01,198.29,26792.98,15358.58
Project 0675,2024-09-01,28.42,8515.7,5082.18
Project 0675,2024-10-01,40.46,8285.73,4582.68
Project 0675,2024-11-01,40.53,10127.62,7382.76
Project 0675,2024-12-01,37.54,9521.53,7048.15
Project 0675,2025-01-01,41.98,10447.67,7176.07
Project 0675,2025-02-01,30.83,8315.22,6137.38
Project 0675,2025-03-01,34.4,11057.64,6438.04
Project 0675,2025-04-01,42.04,8630.25,5033.52
Project 0675,2025-05-01,41.97,9439.65,5254.93
Project 0675,2025-06-01,33.26,10303.29,5888.91
Project 0675,2025-07-01,35.39,10079.96,5743.96
Project 0675,2025-08-01,39.43,9019.01,6323.86
Project 0675,2025-09-01,29.46,10190.03,7343.13
Project 0675,2025-10-01,39.12,8685.13,4850.79
Project 0675,2025-11-01,35.28,9247.29,5137.73
Project 0675,2025-12-01,32.76,8681.07,6480.43
Project 0675,2026-01-01,41.02,10828.74,7401.48
Project 0675,2026-02-01,38.94,9107.97,6236.67
Project 0675,2026-03-01,32.43,10229.84,6164.94
Project 0675,2026-04-01,32.65,9263.08,5238.89
Project 0675,2026-05-01,33.55,10909.3,7541.9
Project 0675,2026-06-01,37.24,9063.92,5048.01
Project 0675,2026-07-01,33.48,8449.61,5101.43
Project 0675,2026-08-01,42.44,9323.51,5265.73
Project 0676,2024-09-01,286.0,42364.53,26315.48
Project 0676,2024-10-01,399.73,45667.82,31462.64
Project 0676,2024-11-01,278.52,48870.99,28652.0
Project 0676,2024-12-01,346.08,48746.51,34533.19
Project 0676,2025-01-01,308.07,38667.16,21893.61
Project 0676,2025-02-01,397.29,49036.55,35379.52
Project 0676,2025-03-01,306.98,41970.7,26967.02
Project 0676,2025-04-01,320.25,45060.24,28582.79
Project 0676,2025-05-01,366.2,41876.04,29621.36
Project 0676,2025-06-01,292.57,48650.48,28290.3
Project 0676,2025-07-01,318.62,40551.8,27995.89
Project 0676,2025-08-01,401.37,46914.74,29351.95
Project 0676,2025-09-01,336.48,41436.44,29588.4
Project 0676,2025-10-01,340.97,45419.64,30868.29
Project 0676,2025-11-01,368.33,42391.04,23953.44
Project 0676,2025-12-01,375.31,43078.1,26299.34
Project 0676,2026-01-01,371.82,48232.41,32129.24
Project 0676,2026-02-01,383.31,39118.62,21749.71
Project 0676,2026-03-01,371.78,44365.0,28707.73
Project 0676,2026-04-01,379.33,36817.42,26943.64
Project 0676,2026-05-01,372.45,43914.86,29517.06
Project 0676,2026-06-01,276.1,44068.58,28087.49
Project 0676,2026-07-01,323.62,45694.93,30777.95
Project 0676,2026-08-01,310.66,49024.58,35086.76
Project 0677,2024-09-01,149.22,29611.56,16918.13
Project 0677,2024-10-01,129.77,33352.03,22679.62
Project 0677,2024-11-01,117.94,41432.68,23495.22
Project 0677,2024-12-01,120.13,35109.65,23524.3
Project 0677,2025-01-01,137.22,41044.7,27319.47
Project 0677,2025-02-01,115.51,32388.04,20638.15
Project 0677,2025-03-01,133.56,40641.86,26373.7
Project 0677,2025-04-01,148.14,36180.54,24804.61
Project 0677,2025-05-01,133.69,41104.08,24218.76
Project 0677,2025-06-01,118.51,29479.55,16583.64
Project 0677,2025-07-01,111.11,34447.38,21735.7
Project 0677,2025-08-01,116.17,34346.81,23375.2
Project 0677,2025-09-01,151.56,34784.7,19660.87
Project 0677,2025-10-01,144.82,34492.9,22382.69
Project 0677,2025-11-01,110.36,41598.59,25508.46
Project 0677,2025-12-01,114.48,30725.9,21032.08
Project 0677,2026-01-01,109.63,35469.26,22875.51
Project 0677,2026-02-01,125.55,40080.38,22150.14
Project 0677,2026-03-01,125.45,29942.58,20021.08
Project 0677,2026-04-01,156.63,40580.97,30276.46
Project 0677,2026-05-01,102.38,36376.86,21560.43
Project 0677,2026-06-01,150.77,34796.19,19287.94
Project 0677,2026-07-01,137.8,35755.72,21726.82
Project 0677,2026-08-01,122.6,33278.32,20130.68
Project 0678,2024-09-01,58.58,9325.86,5501.01
Project 0678,2024-10-01,66.35,7955.69,5501.1
Project 0678,2024-11-01,70.02,9562.06,6119.61
Project 0678,2024-12-01,60.78,9831.58,5815.41
Project 0678,2025-01-01,67.55,11054.7,7908.92
Project 0678,2025-02-01,72.6,10968.62,6688.21
Project 0678,2025-03-01,66.95,10156.8,7562.9
Project 0678,2025-04-01,78.74,10607.14,7082.79
Project 0678,2025-05-01,79.26,7857.32,4361.4
Project 0678,2025-06-01,79.47,8247.57,4897.07
Project 0678,2025-07-01,60.98,10709.33,7540.89
Project 0678,2025-08-01,74.32,9685.44,6950.43
Project 0678,2025-09-01,56.36,11198.77,7694.41
Project 0678,2025-10-01,65.2,11112.1,6853.38
Project 0678,2025-11-01,66.06,10157.4,6022.24
Project 0678,2025-12-01,59.64,8381.52,5790.48
Project 0678,2026-01-01,78.47,10975.0,7020.05
Project 0678,2026-02-01,72.76,9638.94,6419.43
Project 0678,2026-03-01,80.95,11145.49,6227.07
Project 0678,2026-04-01,57.23,10690.97,7355.84
Project 0678,2026-05-01,77.47,8806.84,4858.92
Project 0678,2026-06-01,54.39,9137.77,6768.4
Project 0678,2026-07-01,58.49,7881.12,5184.63
Project 0678,2026-08-01,76.11,10041.55,6018.71
Project 0679,2024-09-01,87.36,5961.72,3569.96
Project 0679,2024-10-01,118.44,7069.84,4730.86
Project 0679,2024-11-01,79.7,5630.84,3366.31
Project 0679,2024-12-01,102.22,5677.77,3915.31
Project 0679,2025-01-01,96.12,5278.58,3560.91
Project 0679,2025-02-01,116.38,5712.53,3769.14
Project 0679,2025-03-01,77.64,6064.06,3922.6
Project 0679,2025-04-01,119.39,6042.27,3780.96
Project 0679,2025-05-01,106.94,7390.69,4174.21
Project 0679,2025-06-01,84.22,7417.69,4744.39
Project 0679,2025-07-01,113.2,7395.29,4788.57
Project 0679,2025-08-01,99.18,5744.9,3788.92
Project 0679,2025-09-01,113.0,7565.69,5464.42
Project 0679,2025-10-01,99.8,7540.92,5030.13
Project 0679,2025-11-01,82.33,6315.38,4136.9
Project 0679,2025-12-01,87.24,6610.72,4670.9
Project 0679,2026-01-01,98.86,5554.9,3791.46
Project 0679,2026-02-01,112.12,5394.6,3295.19
Project 0679,2026-03-01,81.58,6922.23,4666.0
Project 0679,2026-04-01,83.41,6552.23,4422.42
Project 0679,2026-05-01,98.71,6861.33,4567.69
Project 0679,2026-06-01,107.45,7313.28,5347.4
Project 0679,2026-07-01,84.5,6541.01,3919.76
Project 0679,2026-08-01,91.54,5674.58,3662.98
Project 0680,2024-09-01,25.37,3232.5,2013.43
Project 0680,2024-10-01,24.84,3613.3,2301.01
Project 0680,2024-11-01,31.21,3530.98,2335.07
Project 0680,2024-12-01,24.7,3826.95,2354.22
Project 0680,2025-01-01,28.41,4072.71,2714.41
Project 0680,2025-02-01,22.89,3334.88,2002.31
Project 0680,2025-03-01,29.92,3547.65,2576.34
Project 0680,2025-04-01,26.13,3854.48,2301.06
Project 0680,2025-05-01,27.87,3516.01,2352.22
Project 0680,2025-06-01,24.83,3560.76,2494.32
Project 0680,2025-07-01,28.19,3978.17,2934.24
Project 0680,2025-08-01,25.09,3898.85,2625.3
Project 0680,2025-09-01,26.18,3548.46,2587.32
Project 0680,2025-10-01,20.1,3289.64,2266.98
Project 0680,2025-11-01,21.71,3137.22,2348.19
Project 0680,2025-12-01,22.27,3246.29,1909.46
Project 0680,2026-01-01,24.62,3431.44,2321.37
Project 0680,2026-02-01,27.19,3038.81,1947.05
Project 0680,2026-03-01,28.82,3171.1,2044.76
Project 0680,2026-04-01,30.44,3818.97,2370.36
Project 0680,2026-05-01,22.23,4048.97,2406.81
Project 0680,2026-06-01,21.12,3751.1,2404.29
Project 0680,2026-07-01,26.46,3178.95,2261.4
Project 0680,2026-08-01,24.66,2960.96,2061.22
Project 0681,2024-09-01,281.42,16252.67,10861.27
Project 0681,2024-10-01,332.97,14879.16,11131.2
Project 0681,2024-11-01,407.25,16597.55,11982.79
Project 0681,2024-12-01,368.4,15761.48,11655.48
Project 0681,2025-01-01,402.6,17885.86,11491.89
Project 0681,2025-02-01,278.3,18584.68,13148.56
Project 0681,2025-03-01,331.23,18291.05,11585.5
Project 0681,2025-04-01,357.21,16155.94,9236.92
Project 0681,2025-05-01,349.95,19361.38,10815.66
Project 0681,2025-06-01,421.02,17555.79,9962.77
Project 0681,2025-07-01,335.68,14897.88,10385.69
Project 0681,2025-08-01,346.8,17875.28,13380.53
Project 0681,2025-09-01,403.94,15285.04,8785.34
Project 0681,2025-10-01,321.27,15246.78,11048.11
Project 0681,2025-11-01,337.03,16883.19,10942.76
Project 0681,2025-12-01,341.38,18037.84,13393.21
Project 0681,2026-01-01,349.58,14973.02,9479.22
Project 0681,2026-02-01,426.13,18420.05,11193.54
Project 0681,2026-03-01,404.87,20044.22,14273.4
Project 0681,2026-04-01,422.6,14587.94,10471.01
Project 0681,2026-05-01,294.95,18369.8,11646.59
Project 0681,2026-06-01,343.59,19332.39,12320.36
Project 0681,2026-07-01,282.91,15806.59,10315.39
Project 0681,2026-08-01,297.81,18925.71,13792.21
Project 0682,2024-09-01,255.03,18557.05,12682.03
Project 0682,2024-10-01,264.42,15811.45,10967.29
Project 0682,2024-11-01,231.92,15162.4,9795.29
Project 0682,2024-12-01,186.4,20541.89,13725.45
Project 0682,2025-01-01,198.63,16956.71,9402.62
Project 0682,2025-02-01,213.61,17100.07,10936.48
Project 0682,2025-03-01,214.35,19729.11,11621.39
Project 0682,2025-04-01,181.11,17530.64,13050.07
Project 0682,2025-05-01,194.28,15362.63,9764.58
Project 0682,2025-06-01,191.97,21026.89,13246.01
Project 0682,2025-07-01,234.11,21392.1,14395.1
Project 0682,2025-08-01,224.56,21292.89,11722.0
Project 0682,2025-09-01,242.01,15132.36,8962.93
Project 0682,2025-10-01,229.06,18055.38,12340.31
Project 0682,2025-11-01,249.83,15477.02,11360.65
Project 0682,2025-12-01,212.05,16600.5,11599.82
Project 0682,2026-01-01,228.15,16552.78,11288.82
Project 0682,2026-02-01,208.56,20673.31,13407.25
Project 0682,2026-03-01,204.8,16135.78,9181.05
Project 0682,2026-04-01,208.64,16220.95,10297.94
Project 0682,2026-05-01,219.81,19547.24,10942.73
Project 0682,2026-06-01,227.21,19866.43,14659.08
Project 0682,2026-07-01,227.33,19079.31,11617.12
Project 0682,2026-08-01,197.08,16474.53,10402.42
Project 0683,2024-09-01,303.35,85476.28,60777.01
Project 0683,2024-10-01,210.33,104869.58,59186.41
Project 0683,2024-11-01,292.21,101654.42,56453.09
Project 0683,2024-12-01,220.57,89620.49,53436.74
Project 0683,2025-01-01,217.41,97547.79,58135.25
Project 0683,2025-02-01,264.05,99166.51,71550.44
Project 0683,2025-03-01,247.89,84752.98,62282.59
Project 0683,2025-04-01,274.48,107198.63,75446.24
Project 0683,2025-05-01,311.12,95112.79,63719.03
Project 0683,2025-06-01,280.87,103714.21,70997.87
Project 0683,2025-07-01,213.26,101815.75,68294.94
Project 0683,2025-08-01,204.68,106767.3,77762.38
Project 0683,2025-09-01,219.62,112640.66,74006.09
Project 0683,2025-10-01,237.73,83362.06,56210.91
Project 0683,2025-11-01,247.38,90050.2,62965.53
Project 0683,2025-12-01,265.21,99516.99,61186.5
Project 0683,2026-01-01,254.21,104010.44,75902.94
Project 0683,2026-02-01,267.58,100442.88,71377.41
Project 0683,2026-03-01,237.29,96402.03,56011.45
Project 0683,2026-04-01,254.31,99059.02,62355.2
Project 0683,2026-05-01,283.17,91669.73,59933.6
Project 0683,2026-06-01,240.66,98203.95,66064.76
Project 0683,2026-07-01,294.61,93552.05,61361.36
Project 0683,2026-08-01,221.91,89584.04,61811.84
Project 0684,2024-09-01,200.49,87286.94,63979.91
Project 0684,2024-10-01,275.64,87797.48,56346.93
Project 0684,2024-11-01,196.47,104365.08,62815.4
Project 0684,2024-12-01,228.95,93025.54,64981.85
Project 0684,2025-01-01,196.08,97711.9,65477.0
Project 0684,2025-02-01,228.11,102556.81,59264.69
Project 0684,2025-03-01,292.7,99350.62,67695.61
Project 0684,2025-04-01,303.54,102890.51,66866.2
Project 0684,2025-05-01,231.29,105822.56,73983.7
Project 0684,2025-06-01,250.78,104711.36,70710.9
Project 0684,2025-07-01,221.0,106979.19,66455.0
Project 0684,2025-08-01,230.91,100466.98,65319.12
Project 0684,2025-09-01,255.71,76752.4,51835.27
Project 0684,2025-10-01,220.19,77808.55,49535.83
Project 0684,2025-11-01,195.65,100761.5,62096.28
Project 0684,2025-12-01,250.83,75255.41,48897.59
Project 0684,2026-01-01,193.69,99911.59,70112.23
Project 0684,2026-02-01,228.31,104374.97,64372.02
Project 0684,2026-03-01,240.65,75129.79,50532.51
Project 0684,2026-04-01,265.83,79125.67,49307.05
Project 0684,2026-05-01,220.99,97205.28,68522.85
Project 0684,2026-06-01,252.14,93126.63,60311.76
Project 0684,2026-07-01,254.47,102756.84,59796.24
Project 0684,2026-08-01,250.03,95654.85,53928.92
Project 0685,2024-09-01,162.39,37853.28,26306.76
Project 0685,2024-10-01,199.13,38826.42,27169.05
Project 0685,2024-11-01,194.97,33887.6,18741.8
Project 0685,2024-12-01,160.34,43230.13,24679.7
Project 0685,2025-01-01,188.71,36715.16,24102.39
Project 0685,2025-02-01,169.42,41206.19,27933.94
Project 0685,2025-03-01,225.47,30418.81,21692.44
Project 0685,2025-04-01,170.73,35189.99,25062.74
Project 0685,2025-05-01,162.03,42185.9,28094.18
Project 0685,2025-06-01,212.48,42568.1,30396.35
Project 0685,2025-07-01,164.43,33215.25,20767.42
Project 0685,2025-08-01,225.13,35397.72,22345.12
Project 0685,2025-09-01,234.02,33304.77,23530.85
Project 0685,2025-10-01,173.73,38991.75,23042.66
Project 0685,2025-11-01,202.47,36668.54,22045.83
Project 0685,2025-12-01,187.58,31809.65,20225.11
Project 0685,2026-01-01,205.46,30874.43,16993.35
Project 0685,2026-02-01,168.39,32176.76,22121.87
Project 0685,2026-03-01,229.55,36596.4,22066.52
Project 0685,2026-04-01,226.61,32961.1,21056.9
Project 0685,2026-05-01,192.47,33801.62,21465.88
Project 0685,2026-06-01,158.69,37734.8,22625.4
Project 0685,2026-07-01,203.48,36345.56,21144.07
Project 0685,2026-08-01,219.93,32737.27,23148.89
Project 0686,2024-09-01,63.2,3573.75,2275.14
Project 0686,2024-10-01,54.06,4346.68,2691.48
Project 0686,2024-11-01,53.82,4284.68,3008.5
Project 0686,2024-12-01,50.67,4461.79,2624.72
Project 0686,2025-01-01,55.4,3498.09,2258.16
Project 0686,2025-02-01,42.63,4921.56,2778.34
Project 0686,2025-03-01,49.06,3734.41,2184.76
Project 0686,2025-04-01,48.2,4162.15,3121.19
Project 0686,2025-05-01,48.78,4923.35,3487.8
Project 0686,2025-06-01,41.7,3825.79,2135.17
Project 0686,2025-07-01,57.34,3504.17,2167.13
Project 0686,2025-08-01,60.52,4707.08,2876.5
Project 0686,2025-09-01,47.47,3897.69,2514.36
Project 0686,2025-10-01,40.62,3484.14,2428.77
Project 0686,2025-11-01,45.08,4683.43,3132.16
Project 0686,2025-12-01,57.3,3786.98,2401.34
Project 0686,2026-01-01,62.25,4705.45,3110.72
Project 0686,2026-02-01,41.15,4823.39,3099.21
Project 0686,2026-03-01,49.96,4222.17,2588.05
Project 0686,2026-04-01,53.12,4554.38,2579.98
Project 0686,2026-05-01,60.84,4899.14,3040.87
Project 0686,2026-06-01,54.86,3832.68,2141.17
Project 0686,2026-07-01,55.88,4210.81,2658.44
Project 0686,2026-08-01,56.95,4931.81,3633.82
Project 0687,2024-09-01,63.73,9936.9,6794.12
Project 0687,2024-10-01,61.12,8968.59,5502.93
Project 0687,2024-11-01,77.83,8775.34,6255.2
Project 0687,2024-12-01,75.07,8940.43,6261.81
Project 0687,2025-01-01,89.2,8888.32,6498.19
Project 0687,2025-02-01,78.38,8992.55,6207.16
Project 0687,2025-03-01,83.89,9369.43,6316.32
Project 0687,2025-04-01,64.15,9485.49,6775.44
Project 0687,2025-05-01,89.26,8077.91,4655.83
Project 0687,2025-06-01,59.8,7123.21,4217.17
Project 0687,2025-07-01,78.03,7466.01,4775.88
Project 0687,2025-08-01,65.79,8997.73,6305.32
Project 0687,2025-09-01,66.76,9011.47,5675.29
Project 0687,2025-10-01,82.31,9346.7,6191.88
Project 0687,2025-11-01,63.73,10158.21,6579.03
Project 0687,2025-12-01,92.93,9053.68,5962.01
Project 0687,2026-01-01,90.5,8488.44,5528.32
Project 0687,2026-02-01,84.68,10034.41,5855.86
Project 0687,2026-03-01,70.04,7633.07,4301.49
Project 0687,2026-04-01,88.38,8800.12,5544.12
Project 0687,2026-05-01,92.51,9129.24,5374.81
Project 0687,2026-06-01,60.11,8226.12,4905.88
Project 0687,2026-07-01,81.5,9537.16,6740.5
Project 0687,2026-08-01,84.18,8435.36,5650.95
Project 0688,2024-09-01,34.02,4318.55,2842.75
Project 0688,2024-10-01,42.19,5356.03,4002.54
Project 0688,2024-11-01,38.82,3803.11,2772.21
Project 0688,2024-12-01,34.08,4997.3,3472.92
Project 0688,2025-01-01,38.77,4509.71,3184.17
Project 0688,2025-02-01,38.99,5168.95,3008.35
Project 0688,2025-03-01,30.89,5322.73,3308.15
Project 0688,2025-04-01,38.74,4484.89,3095.68
Project 0688,2025-05-01,30.5,5364.77,3434.23
Project 0688,2025-06-01,38.11,4112.57,2437.13
Project 0688,2025-07-01,43.0,5209.76,3195.5
Project 0688,2025-08-01,35.92,4997.43,3107.68
Project 0688,2025-09-01,38.85,4091.91,2380.46
Project 0688,2025-10-01,42.0,4239.61,2762.84
Project 0688,2025-11-01,39.61,5186.95,3243.13
Project 0688,2025-12-01,29.11,4136.18,3069.56
Project 0688,2026-01-01,38.12,4312.41,3001.69
Project 0688,2026-02-01,38.45,4102.57,2264.05
Project 0688,2026-03-01,33.05,4466.87,3290.13
Project 0688,2026-04-01,32.06,5404.91,3632.11
Project 0688,2026-05-01,30.54,5007.1,3441.49
Project 0688,2026-06-01,30.19,4201.72,3025.81
Project 0688,2026-07-01,32.21,4606.1,2906.17
Project 0688,2026-08-01,39.65,4458.56,3242.94
Project 0689,2024-09-01,317.01,78522.63,54608.8
Project 0689,2024-10-01,285.08,90740.14,64367.64
Project 0689,2024-11-01,400.32,80840.43,52774.33
Project 0689,2024-12-01,352.43,89524.91,51832.81
Project 0689,2025-01-01,362.45,65137.3,43539.23
Project 0689,2025-02-01,397.72,70974.6,51353.82
Project 0689,2025-03-01,410.87,87864.32,57228.9
Project 0689,2025-04-01,405.96,84967.48,54485.37
Project 0689,2025-05-01,346.06,82582.3,61660.11
Project 0689,2025-06-01,316.12,77441.11,52344.48
Project 0689,2025-07-01,398.78,72978.54,53161.03
Project 0689,2025-08-01,322.44,74809.1,42441.09
Project 0689,2025-09-01,278.02,72273.14,50695.74
Project 0689,2025-10-01,279.71,70124.22,40872.93
Project 0689,2025-11-01,332.25,75726.53,55258.84
Project 0689,2025-12-01,377.4,72947.69,53177.56
Project 0689,2026-01-01,298.06,89357.84,54145.85
Project 0689,2026-02-01,341.54,66544.94,41993.58
Project 0689,2026-03-01,337.66,80502.95,56123.42
Project 0689,2026-04-01,333.18,84044.16,46860.39
Project 0689,2026-05-01,317.21,74773.08,42461.51
Project 0689,2026-06-01,418.63,73647.9,52603.03
Project 0689,2026-07-01,396.6,87792.09,63474.58
Project 0689,2026-08-01,316.92,74248.49,45832.83
Project 0690,2024-09-01,335.14,60752.04,33619.0
Project 0690,2024-10-01,267.81,63308.58,42747.73
Project 0690,2024-11-01,245.16,57256.15,39458.07
Project 0690,2024-12-01,310.62,55175.1,35278.13
Project 0690,2025-01-01,313.81,60474.48,35594.41
Project 0690,2025-02-01,296.36,59463.91,33148.45
Project 0690,2025-03-01,283.1,52459.98,37261.62
Project 0690,2025-04-01,289.78,49311.52,27657.91
Project 0690,2025-05-01,288.63,61982.92,44709.44
Project 0690,2025-06-01,272.32,57986.56,40158.09
Project 0690,2025-07-01,275.14,53908.31,36850.95
Project 0690,2025-08-01,320.84,59886.84,38481.61
Project 0690,2025-09-01,336.86,49807.47,30847.24
Project 0690,2025-10-01,245.42,56728.54,39599.67
Project 0690,2025-11-01,289.35,63381.69,41811.09
Project 0690,2025-12-01,334.88,62336.17,46281.87
Project 0690,2026-01-01,292.08,49939.7,32017.77
Project 0690,2026-02-01,350.38,53991.53,31914.55
Project 0690,2026-03-01,305.38,62246.29,40918.75
Project 0690,2026-04-01,301.24,52883.79,37582.29
Project 0690,2026-05-01,332.34,54365.95,34431.45
Project 0690,2026-06-01,284.8,48312.04,33560.87
Project 0690,2026-07-01,331.76,61401.91,38369.49
Project 0690,2026-08-01,277.67,56066.92,38736.61
Project 0691,2024-09-01,247.04,79553.73,43958.15
Project 0691,2024-10-01,258.18,76739.46,47172.43
Project 0691,2024-11-01,249.58,78335.43,44566.84
Project 0691,2024-12-01,247.99,75913.54,56282.57
Project 0691,2025-01-01,188.84,89676.6,64298.47
Project 0691,2025-02-01,248.83,80702.91,48249.92
Project 0691,2025-03-01,260.48,76768.07,56206.5
Project 0691,2025-04-01,180.12,75132.76,55282.91
Project 0691,2025-05-01,183.71,75577.8,46829.73
Project 0691,2025-06-01,179.82,75039.92,56035.9
Project 0691,2025-07-01,198.67,75383.95,47792.37
Project 0691,2025-08-01,214.52,78921.59,57717.41
Project 0691,2025-09-01,264.41,68559.04,46838.45
Project 0691,2025-10-01,187.41,87183.01,53689.49
Project 0691,2025-11-01,236.06,68324.75,42222.63
Project 0691,2025-12-01,245.85,82908.73,54778.36
Project 0691,2026-01-01,177.96,68888.07,49835.8
Project 0691,2026-02-01,207.49,74459.83,44205.26
Project 0691,2026-03-01,209.84,87223.05,55933.1
Project 0691,2026-04-01,233.11,86509.48,60977.83
Project 0691,2026-05-01,215.12,88682.51,52178.21
Project 0691,2026-06-01,241.33,73322.13,44158.83
Project 0691,2026-07-01,182.51,79670.69,45766.97
Project 0691,2026-08-01,180.24,74103.24,44825.94
Project 0692,2024-09-01,179.71,10792.76,6006.61
Project 0692,2024-10-01,152.22,10915.38,6498.24
Project 0692,2024-11-01,149.54,8764.48,6204.69
Project 0692,2024-12-01,181.93,10648.41,6734.81
Project 0692,2025-01-01,136.89,11832.98,8448.83
Project 0692,2025-02-01,179.8,10444.11,6246.46
Project 0692,2025-03-01,178.84,10482.52,6779.58
Project 0692,2025-04-01,184.45,10376.43,6043.96
Project 0692,2025-05-01,185.3,10440.72,7507.4
Project 0692,2025-06-01,187.3,9091.28,5022.3
Project 0692,2025-07-01,145.13,11879.51,7907.4
Project 0692,2025-08-01,178.75,8680.42,5523.46
Project 0692,2025-09-01,166.07,11842.6,8490.33
Project 0692,2025-10-01,179.79,10957.16,7665.58
Project 0692,2025-11-01,167.64,9576.8,6941.0
Project 0692,2025-12-01,153.77,11967.69,7359.88
Project 0692,2026-01-01,182.14,11117.14,6193.29
Project 0692,2026-02-01,182.15,8997.34,5734.54
Project 0692,2026-03-01,185.15,11168.88,7833.41
Project 0692,2026-04-01,163.07,11706.15,6807.76
Project 0692,2026-05-01,195.45,10434.69,6376.54
Project 0692,2026-06-01,181.2,10229.58,5781.7
Project 0692,2026-07-01,145.81,11506.96,6944.05
Project 0692,2026-08-01,144.45,10846.58,7356.49
Project 0693,2024-09-01,318.31,37165.58,27454.61
Project 0693,2024-10-01,289.2,37554.28,23897.94
Project 0693,2024-11-01,277.52,38110.99,24584.28
Project 0693,2024-12-01,378.2,31616.47,18413.98
Project 0693,2025-01-01,284.47,29169.05,17015.06
Project 0693,2025-02-01,336.57,29591.09,20458.65
Project 0693,2025-03-01,324.46,31016.52,21974.54
Project 0693,2025-04-01,345.66,32702.39,21374.11
Project 0693,2025-05-01,285.64,35779.64,26700.57
Project 0693,2025-06-01,317.67,36823.27,23309.81
Project 0693,2025-07-01,324.36,36469.19,23764.52
Project 0693,2025-08-01,315.85,35270.68,22601.59
Project 0693,2025-09-01,278.21,27023.84,17342.06
Project 0693,2025-10-01,303.89,27123.26,17289.69
Project 0693,2025-11-01,268.18,27774.22,15366.25
Project 0693,2025-12-01,280.23,32238.24,22170.86
Project 0693,2026-01-01,261.33,32326.87,18161.46
Project 0693,2026-02-01,276.9,37269.49,26143.24
Project 0693,2026-03-01,306.04,29457.12,16347.47
Project 0693,2026-04-01,327.53,33062.23,23110.2
Project 0693,2026-05-01,339.45,37128.79,27492.14
Project 0693,2026-06-01,309.45,28315.55,20273.03
Project 0693,2026-07-01,339.34,33029.26,21207.33
Project 0693,2026-08-01,270.4,26809.16,15225.0
Project 0694,2024-09-01,90.55,36155.46,20656.37
Project 0694,2024-10-01,91.74,42691.22,27450.73
Project 0694,2024-11-01,99.15,34310.14,25213.49
Project 0694,2024-12-01,128.98,33840.92,23753.68
Project 0694,2025-01-01,124.56,46840.05,33501.68
Project 0694,2025-02-01,126.95,34961.55,22565.03
Project 0694,2025-03-01,93.48,38523.6,21193.14
Project 0694,2025-04-01,121.57,42775.04,26846.38
Project 0694,2025-05-01,93.02,35787.16,20887.09
Project 0694,2025-06-01,103.58,34209.05,23030.64
Project 0694,2025-07-01,92.09,39919.01,28471.43
Project 0694,2025-08-01,115.52,37581.1,22516.22
Project 0694,2025-09-01,92.29,42079.17,28660.12
Project 0694,2025-10-01,111.42,41760.35,24781.33
Project 0694,2025-11-01,129.97,41117.55,23644.77
Project 0694,2025-12-01,91.51,43667.51,26970.4
Project 0694,2026-01-01,113.43,43376.89,29741.48
Project 0694,2026-02-01,133.53,47460.01,34786.94
Project 0694,2026-03-01,102.67,40616.11,24610.05
Project 0694,2026-04-01,108.2,41797.24,31302.16
Project 0694,2026-05-01,102.08,41211.28,27907.93
Project 0694,2026-06-01,91.36,34026.59,23231.06
Project 0694,2026-07-01,123.02,35189.67,19790.02
Project 0694,2026-08-01,119.24,42063.09,29693.13
Project 0695,2024-09-01,305.69,43191.28,29967.53
Project 0695,2024-10-01,382.41,32228.45,23463.79
Project 0695,2024-11-01,301.11,41324.92,23243.98
Project 0695,2024-12-01,299.53,36870.82,24188.67
Project 0695,2025-01-01,279.57,36492.97,26177.75
Project 0695,2025-02-01,379.94,42904.84,25402.73
Project 0695,2025-03-01,284.83,36964.61,25248.34
Project 0695,2025-04-01,345.61,42091.97,27747.95
Project 0695,2025-05-01,276.24,40866.25,24500.6
Project 0695,2025-06-01,338.34,35400.97,26380.99
Project 0695,2025-07-01,296.03,42882.31,25583.46
Project 0695,2025-08-01,403.88,37062.06,21514.19
Project 0695,2025-09-01,287.63,44161.55,32118.12
Project 0695,2025-10-01,390.2,42436.63,30908.83
Project 0695,2025-11-01,374.84,34099.78,23406.58
Project 0695,2025-12-01,332.09,43098.97,27268.32
Project 0695,2026-01-01,299.41,41019.38,29288.29
Project 0695,2026-02-01,265.81,35023.74,23126.02
Project 0695,2026-03-01,361.76,42514.07,31794.51
Project 0695,2026-04-01,310.48,33045.58,20686.15
Project 0695,2026-05-01,265.78,31920.94,17744.5
Project 0695,2026-06-01,384.63,36697.5,25392.06
Project 0695,2026-07-01,298.54,37213.44,20583.28
Project 0695,2026-08-01,316.8,33517.49,20917.98
Project 0696,2024-09-01,435.42,15883.66,10157.22
Project 0696,2024-10-01,341.89,15936.52,9655.66
Project 0696,2024-11-01,297.33,16462.39,9057.1
Project 0696,2024-12-01,354.9,17333.2,10077.39
Project 0696,2025-01-01,307.78,19461.7,13701.78
Project 0696,2025-02-01,321.96,15452.47,9332.94
Project 0696,2025-03-01,428.36,15697.85,9460.97
Project 0696,2025-04-01,393.9,17291.63,10614.07
Project 0696,2025-05-01,398.1,14338.02,8700.41
Project 0696,2025-06-01,355.22,19714.47,13304.94
Project 0696,2025-07-01,415.26,20199.88,14312.18
Project 0696,2025-08-01,304.21,17577.26,12624.15
Project 0696,2025-09-01,418.04,14851.32,10444.21
Project 0696,2025-10-01,337.16,19279.31,10931.22
Project 0696,2025-11-01,432.4,18801.88,13568.97
Project 0696,2025-12-01,377.6,19516.05,11187.65
Project 0696,2026-01-01,312.57,19652.65,11848.57
Project 0696,2026-02-01,391.0,18982.26,10715.72
Project 0696,2026-03-01,406.98,15837.46,11718.4
Project 0696,2026-04-01,397.94,15927.03,10370.52
Project 0696,2026-05-01,419.73,16636.94,10974.4
Project 0696,2026-06-01,371.28,18582.23,12612.06
Project 0696,2026-07-01,361.93,17493.33,12602.79
Project 0696,2026-08-01,394.09,16153.87,9752.34
Project 0697,2024-09-01,229.77,10713.57,6772.4
Project 0697,2024-10-01,217.18,13498.1,9575.58
Project 0697,2024-11-01,208.33,11420.98,8018.08
Project 0697,2024-12-01,163.79,10936.61,6811.1
Project 0697,2025-01-01,220.59,11763.54,7982.03
Project 0697,2025-02-01,160.76,12656.04,7245.75
Project 0697,2025-03-01,228.01,12742.61,8983.73
Project 0697,2025-04-01,200.49,14400.05,8557.6
Project 0697,2025-05-01,232.98,10536.61,6796.59
Project 0697,2025-06-01,215.03,14297.52,10243.22
Project 0697,2025-07-01,210.39,11349.74,7882.84
Project 0697,2025-08-01,223.88,12904.48,9647.92
Project 0697,2025-09-01,190.95,10439.91,7316.08
Project 0697,2025-10-01,192.07,13691.19,9836.18
Project 0697,2025-11-01,199.04,13461.09,8138.27
Project 0697,2025-12-01,237.2,12062.13,8820.12
Project 0697,2026-01-01,225.93,13554.76,7823.75
Project 0697,2026-02-01,228.2,11608.54,7477.9
Project 0697,2026-03-01,228.08,13078.71,8250.08
Project 0697,2026-04-01,161.26,12582.55,9415.3
Project 0697,2026-05-01,177.23,14817.45,10675.9
Project 0697,2026-06-01,164.24,13743.08,7624.36
Project 0697,2026-07-01,157.24,10455.99,7062.79
Project 0697,2026-08-01,237.87,12629.65,7670.08
Project 0698,2024-09-01,104.65,5806.19,3307.58
Project 0698,2024-10-01,105.28,6098.19,4472.32
Project 0698,2024-11-01,125.85,6213.45,3451.8
Project 0698,2024-12-01,91.77,6269.56,4616.04
Project 0698,2025-01-01,104.17,5576.45,3871.53
Project 0698,2025-02-01,124.59,5384.26,3514.6
Project 0698,2025-03-01,103.36,5118.28,3177.54
Project 0698,2025-04-01,91.08,5318.78,3629.22
Project 0698,2025-05-01,113.19,5065.19,3319.24
Project 0698,2025-06-01,127.89,6059.6,4531.59
Project 0698,2025-07-01,87.38,4872.77,3094.12
Project 0698,2025-08-01,115.08,6135.77,3833.05
Project 0698,2025-09-01,120.57,5895.7,4084.03
Project 0698,2025-10-01,111.67,5399.15,3569.73
Project 0698,2025-11-01,95.79,5472.5,3278.89
Project 0698,2025-12-01,127.58,5128.14,3294.72
Project 0698,2026-01-01,124.54,6193.0,4473.21
Project 0698,2026-02-01,92.98,4665.65,2786.91
Project 0698,2026-03-01,109.01,5684.57,3319.58
Project 0698,2026-04-01,111.03,5844.92,4069.23
Project 0698,2026-05-01,130.48,6160.52,3759.29
Project 0698,2026-06-01,106.93,4712.67,2671.03
Project 0698,2026-07-01,133.59,4491.78,3343.52
Project 0698,2026-08-01,125.87,5085.25,3024.13
Project 0699,2024-09-01,68.27,22167.58,14633.01
Project 0699,2024-10-01,75.26,25479.39,14059.62
Project 0699,2024-11-01,59.64,26327.4,16628.12
Project 0699,2024-12-01,71.24,18750.74,13159.23
Project 0699,2025-01-01,52.86,26077.19,15464.36
Project 0699,2025-02-01,62.86,21234.61,13144.72
Project 0699,2025-03-01,53.28,21203.42,12337.0
Project 0699,2025-04-01,60.53,22623.95,15995.73
Project 0699,2025-05-01,67.56,25501.61,18265.29
Project 0699,2025-06-01,60.86,19638.04,11926.0
Project 0699,2025-07-01,67.89,20810.34,14905.32
Project 0699,2025-08-01,51.66,19686.3,13344.96
Project 0699,2025-09-01,69.42,19928.74,14263.78
Project 0699,2025-10-01,73.28,23033.22,12762.02
Project 0699,2025-11-01,69.55,20602.14,15275.67
Project 0699,2025-12-01,48.25,26623.13,18007.16
Project 0699,2026-01-01,67.55,18969.46,13347.07
Project 0699,2026-02-01,62.84,25779.1,18561.53
Project 0699,2026-03-01,62.94,26321.85,17236.15
Project 0699,2026-04-01,62.15,22893.91,16138.07
Project 0699,2026-05-01,60.72,19297.51,12635.96
Project 0699,2026-06-01,63.16,20504.1,13145.84
Project 0699,2026-07-01,57.98,24794.31,18346.66
Project 0699,2026-08-01,65.63,22138.37,13157.63
Project 0700,2024-09-01,88.59,12221.69,7558.47
Project 0700,2024-10-01,83.18,10821.56,6898.65
Project 0700,2024-11-01,79.34,10409.59,7720.51
Project 0700,2024-12-01,93.02,10629.88,6580.62
Project 0700,2025-01-01,95.72,12723.74,7833.31
Project 0700,2025-02-01,98.1,12336.61,7126.34
Project 0700,2025-03-01,100.09,11767.6,6590.68
Project 0700,2025-04-01,101.35,11478.82,8500.67
Project 0700,2025-05-01,81.31,12087.44,8110.3
Project 0700,2025-06-01,86.32,9504.44,6610.01
Project 0700,2025-07-01,92.09,9540.78,6370.04
Project 0700,2025-08-01,90.76,10171.36,6427.18
Project 0700,2025-09-01,81.22,11359.51,8088.75
Project 0700,2025-10-01,99.43,10894.47,6158.8
Project 0700,2025-11-01,84.24,10536.68,6647.76
Project 0700,2025-12-01,94.01,11205.28,7449.39
Project 0700,2026-01-01,101.26,11532.98,6795.62
Project 0700,2026-02-01,100.24,12926.72,7615.63
Project 0700,2026-03-01,77.22,11956.28,8830.48
Project 0700,2026-04-01,76.46,11417.53,7732.2
Project 0700,2026-05-01,92.16,12297.92,7358.31
Project 0700,2026-06-01,104.86,12413.0,9190.92
Project 0700,2026-07-01,101.36,12183.98,9085.92
Project 0700,2026-08-01,87.15,9570.25,5821.41
Project 0701,2024-09-01,205.97,8394.86,6268.25
Project 0701,2024-10-01,150.38,9702.93,6894.64
Project 0701,2024-11-01,179.91,9437.54,6540.01
Project 0701,2024-12-01,211.94,9704.25,5415.11
Project 0701,2025-01-01,207.34,7733.05,4762.24
Project 0701,2025-02-01,159.35,7274.84,4755.56
Project 0701,2025-03-01,196.04,8125.13,5461.77
Project 0701,2025-04-01,212.18,8273.57,6016.44
Project 0701,2025-05-01,178.97,9573.18,6758.52
Project 0701,2025-06-01,160.63,7972.45,5807.22
Project 0701,2025-07-01,161.69,8766.01,6303.33
Project 0701,2025-08-01,166.05,8296.83,4606.69
Project 0701,2025-09-01,176.3,9015.89,5521.02
Project 0701,2025-10-01,149.25,7374.62,4387.7
Project 0701,2025-11-01,172.28,9582.14,6603.05
Project 0701,2025-12-01,171.75,8353.9,5968.27
Project 0701,2026-01-01,153.09,9296.14,6276.23
Project 0701,2026-02-01,166.42,9019.49,5083.99
Project 0701,2026-03-01,162.83,8080.47,5560.38
Project 0701,2026-04-01,165.74,9412.79,6392.64
Project 0701,2026-05-01,185.22,8905.9,5885.57
Project 0701,2026-06-01,202.17,8864.49,6509.78
Project 0701,2026-07-01,136.07,7230.17,4726.96
Project 0701,2026-08-01,170.0,8206.39,5266.05
Project 0702,2024-09-01,236.51,58612.61,37422.28
Project 0702,2024-10-01,257.12,50497.51,29965.79
Project 0702,2024-11-01,220.81,42389.22,31456.8
Project 0702,2024-12-01,213.9,57123.45,33418.35
Project 0702,2025-01-01,260.6,52623.04,36491.7
Project 0702,2025-02-01,246.25,52071.45,38685.49
Project 0702,2025-03-01,228.46,52301.66,33772.26
Project 0702,2025-04-01,236.37,52558.14,31054.28
Project 0702,2025-05-01,174.76,52584.24,38785.39
Project 0702,2025-06-01,268.38,42814.74,31845.54
Project 0702,2025-07-01,206.37,51824.35,30420.38
Project 0702,2025-08-01,197.0,45105.8,29104.12
Project 0702,2025-09-01,212.94,55806.44,39410.64
Project 0702,2025-10-01,175.34,52520.79,30270.8
Project 0702,2025-11-01,189.4,52662.0,35371.09
Project 0702,2025-12-01,241.81,50322.42,30610.5
Project 0702,2026-01-01,211.96,57257.1,40614.16
Project 0702,2026-02-01,212.38,42474.43,25231.41
Project 0702,2026-03-01,267.25,50292.93,29260.0
Project 0702,2026-04-01,179.22,43738.96,25135.55
Project 0702,2026-05-01,241.28,43259.16,24808.28
Project 0702,2026-06-01,237.4,45755.61,29248.43
Project 0702,2026-07-01,269.62,43124.78,28893.0
Project 0702,2026-08-01,257.92,53427.47,39099.22
Project 0703,2024-09-01,241.42,57835.18,40791.74
Project 0703,2024-10-01,261.13,73603.42,45210.56
Project 0703,2024-11-01,337.09,71510.17,47956.96
Project 0703,2024-12-01,262.69,75976.61,46818.52
Project 0703,2025-01-01,363.09,58934.53,41949.49
Project 0703,2025-02-01,258.21,74095.99,51106.73
Project 0703,2025-03-01,339.93,77715.62,54473.76
Project 0703,2025-04-01,334.17,65983.31,42685.56
Project 0703,2025-05-01,360.43,66412.07,38474.77
Project 0703,2025-06-01,275.11,77772.55,50807.45
Project 0703,2025-07-01,299.15,65385.38,46664.27
Project 0703,2025-08-01,332.55,60943.75,38953.89
Project 0703,2025-09-01,304.96,79506.3,44386.38
Project 0703,2025-10-01,355.08,78895.46,46231.5
Project 0703,2025-11-01,291.53,80437.27,58951.18
Project 0703,2025-12-01,235.35,65413.57,46378.49
Project 0703,2026-01-01,253.96,78293.24,51735.87
Project 0703,2026-02-01,293.62,76953.93,54458.23
Project 0703,2026-03-01,328.03,72178.0,52961.56
Project 0703,2026-04-01,334.7,66715.66,46203.04
Project 0703,2026-05-01,282.95,67262.85,48851.05
Project 0703,2026-06-01,274.63,61480.09,45796.3
Project 0703,2026-07-01,348.18,63272.97,39500.4
Project 0703,2026-08-01,285.23,70033.01,41617.84
Project 0704,2024-09-01,46.18,13173.36,9597.61
Project 0704,2024-10-01,41.5,14475.16,8061.15
Project 0704,2024-11-01,40.33,12566.93,7213.78
Project 0704,2024-12-01,42.16,13781.05,8815.54
Project 0704,2025-01-01,33.52,11407.17,8474.26
Project 0704,2025-02-01,41.54,13664.44,10107.26
Project 0704,2025-03-01,44.33,11015.57,7343.96
Project 0704,2025-04-01,40.98,14244.04,9946.7
Project 0704,2025-05-01,35.61,11098.56,6775.24
Project 0704,2025-06-01,36.74,13186.81,9520.82
Project 0704,2025-07-01,43.28,11055.74,7878.86
Project 0704,2025-08-01,32.27,12893.56,7933.97
Project 0704,2025-09-01,37.66,11875.13,8281.16
Project 0704,2025-10-01,30.06,11612.4,8398.27
Project 0704,2025-11-01,34.56,12028.18,8586.16
Project 0704,2025-12-01,42.18,14004.17,8694.67
Project 0704,2026-01-01,41.87,11137.62,6253.68
Project 0704,2026-02-01,42.65,11845.53,7901.14
Project 0704,2026-03-01,39.49,13362.53,7989.96
Project 0704,2026-04-01,42.89,12253.38,7303.97
Project 0704,2026-05-01,33.2,14376.67,7948.02
Project 0704,2026-06-01,45.53,13558.21,8125.82
Project 0704,2026-07-01,33.56,10801.17,7296.98
Project 0704,2026-08-01,40.31,12677.35,6992.15
Project 0705,2024-09-01,199.26,12819.91,8838.26
Project 0705,2024-10-01,237.31,15190.86,10088.9
Project 0705,2024-11-01,269.08,15903.4,10889.27
Project 0705,2024-12-01,235.74,15905.75,11285.56
Project 0705,2025-01-01,235.43,16945.02,9933.19
Project 0705,2025-02-01,240.0,16038.55,11815.94
Project 0705,2025-03-01,271.91,13424.23,8864.89
Project 0705,2025-04-01,253.32,17055.3,12334.26
Project 0705,2025-05-01,196.88,13695.6,9242.02
Project 0705,2025-06-01,273.5,13960.58,9061.81
Project 0705,2025-07-01,224.81,12575.8,8262.51
Project 0705,2025-08-01,199.48,12020.82,6614.67
Project 0705,2025-09-01,204.15,14940.28,8734.7
Project 0705,2025-10-01,177.94,16397.1,11286.81
Project 0705,2025-11-01,252.07,15003.24,8648.66
Project 0705,2025-12-01,207.09,16570.27,9141.97
Project 0705,2026-01-01,260.85,15442.4,9585.69
Project 0705,2026-02-01,216.16,14764.84,8246.06
Project 0705,2026-03-01,269.06,15948.61,10111.67
Project 0705,2026-04-01,225.43,12754.04,9322.57
Project 0705,2026-05-01,196.17,15175.49,10025.56
Project 0705,2026-06-01,177.3,13711.47,10046.79
Project 0705,2026-07-01,267.32,16165.5,11098.58
Project 0705,2026-08-01,224.24,14356.34,8483.51
Project 0706,2024-09-01,268.32,55724.17,35924.95
Project 0706,2024-10-01,281.32,61138.48,45166.27
Project 0706,2024-11-01,276.18,61157.81,35679.48
Project 0706,2024-12-01,381.88,51212.7,30590.6
Project 0706,2025-01-01,268.34,51179.39,31672.83
Project 0706,2025-02-01,256.44,60500.26,35204.31
Project 0706,2025-03-01,331.96,68031.68,39318.0
Project 0706,2025-04-01,279.13,59140.14,44043.04
Project 0706,2025-05-01,265.31,55776.58,37514.94
Project 0706,2025-06-01,317.98,50531.5,36405.25
Project 0706,2025-07-01,312.29,54878.13,31371.92
Project 0706,2025-08-01,261.07,61147.29,37629.61
Project 0706,2025-09-01,266.37,65210.66,46823.47
Project 0706,2025-10-01,265.12,60818.42,35499.62
Project 0706,2025-11-01,347.58,61499.15,41889.94
Project 0706,2025-12-01,296.04,62559.37,34425.61
Project 0706,2026-01-01,328.7,58698.09,40356.75
Project 0706,2026-02-01,269.22,52491.98,37587.46
Project 0706,2026-03-01,383.81,65213.04,40298.54
Project 0706,2026-04-01,312.07,48898.81,31586.14
Project 0706,2026-05-01,325.97,48429.83,29162.69
Project 0706,2026-06-01,330.16,50152.33,30415.84
Project 0706,2026-07-01,247.48,59379.48,37007.89
Project 0706,2026-08-01,336.5,65716.18,47545.79
Project 0707,2024-09-01,157.98,10162.7,7357.84
Project 0707,2024-10-01,138.81,7741.63,5744.93
Project 0707,2024-11-01,153.76,8270.95,5856.15
Project 0707,2024-12-01,167.71,10811.28,7409.14
Project 0707,2025-01-01,133.88,10064.25,5986.09
Project 0707,2025-02-01,174.35,10895.3,6917.65
Project 0707,2025-03-01,140.84,9055.65,5816.29
Project 0707,2025-04-01,139.49,10504.21,7630.99
Project 0707,2025-05-01,173.69,10010.6,6856.38
Project 0707,2025-06-01,170.66,9060.19,5399.5
Project 0707,2025-07-01,114.72,10916.56,7403.48
Project 0707,2025-08-01,124.99,7737.29,4973.49
Project 0707,2025-09-01,175.19,8207.52,5783.04
Project 0707,2025-10-01,174.57,10533.38,7214.88
Project 0707,2025-11-01,160.36,8571.3,5715.88
Project 0707,2025-12-01,135.44,8574.33,5758.29
Project 0707,2026-01-01,126.98,9004.03,5726.43
Project 0707,2026-02-01,167.92,8460.49,5827.71
Project 0707,2026-03-01,172.42,8940.51,5612.76
Project 0707,2026-04-01,144.68,9605.21,5517.07
Project 0707,2026-05-01,116.9,9099.2,5314.94
Project 0707,2026-06-01,131.3,10320.72,5860.01
Project 0707,2026-07-01,163.27,10090.44,6716.36
Project 0707,2026-08-01,166.28,10750.85,7101.4
Project 0708,2024-09-01,33.06,12510.96,8473.14
Project 0708,2024-10-01,40.54,13503.98,8438.73
Project 0708,2024-11-01,40.94,13319.53,7424.9
Project 0708,2024-12-01,43.35,12548.19,7698.83
Project 0708,2025-01-01,38.0,10600.11,6063.52
Project 0708,2025-02-01,31.43,12254.2,7846.44
Project 0708,2025-03-01,40.49,13152.34,7517.85
Project 0708,2025-04-01,34.37,12611.85,9444.86
Project 0708,2025-05-01,35.31,10701.1,6615.8
Project 0708,2025-06-01,32.05,11886.73,8707.38
Project 0708,2025-07-01,42.81,12014.2,8242.98
Project 0708,2025-08-01,28.07,10229.66,6460.19
Project 0708,2025-09-01,41.77,13572.61,9763.6
Project 0708,2025-10-01,29.33,11814.27,6533.7
Project 0708,2025-11-01,30.65,12931.53,7310.71
Project 0708,2025-12-01,27.84,12398.16,8655.94
Project 0708,2026-01-01,32.94,10256.55,5993.31
Project 0708,2026-02-01,35.53,12677.09,7392.85
Project 0708,2026-03-01,43.51,9619.98,6665.43
Project 0708,2026-04-01,35.82,12274.8,7819.01
Project 0708,2026-05-01,40.97,12754.97,7171.1
Project 0708,2026-06-01,39.93,13017.61,8425.55
Project 0708,2026-07-01,41.1,11431.99,8101.99
Project 0708,2026-08-01,36.56,10034.98,7464.73
Project 0709,2024-09-01,426.6,18636.88,13142.72
Project 0709,2024-10-01,368.93,17336.51,11994.83
Project 0709,2024-11-01,391.28,18595.95,13687.58
Project 0709,2024-12-01,404.12,16007.16,10627.74
Project 0709,2025-01-01,373.04,19561.38,14417.32
Project 0709,2025-02-01,289.72,16715.76,11349.54
Project 0709,2025-03-01,382.49,18878.25,13120.31
Project 0709,2025-04-01,425.34,14278.16,8607.39
Project 0709,2025-05-01,339.72,16653.01,12179.2
Project 0709,2025-06-01,371.33,18688.31,10726.99
Project 0709,2025-07-01,351.21,16095.16,9222.21
Project 0709,2025-08-01,307.75,17624.25,12599.54
Project 0709,2025-09-01,368.0,19213.52,11948.89
Project 0709,2025-10-01,372.71,14374.85,10161.83
Project 0709,2025-11-01,350.07,18975.77,10969.61
Project 0709,2025-12-01,282.9,14499.82,8698.38
Project 0709,2026-01-01,300.62,14972.78,10328.2
Project 0709,2026-02-01,382.63,15207.34,9433.44
Project 0709,2026-03-01,299.09,18879.42,10471.9
Project 0709,2026-04-01,425.53,14650.37,9633.94
Project 0709,2026-05-01,425.66,17844.62,12584.05
Project 0709,2026-06-01,340.24,14794.92,10567.7
Project 0709,2026-07-01,307.97,18202.18,12944.33
Project 0709,2026-08-01,397.67,17547.31,11849.58
Project 0710,2024-09-01,327.0,40455.95,29254.89
Project 0710,2024-10-01,234.81,40495.57,27077.16
Project 0710,2024-11-01,273.7,34972.65,23080.42
Project 0710,2024-12-01,267.95,38725.0,21454.51
Project 0710,2025-01-01,281.65,37606.34,22866.56
Project 0710,2025-02-01,318.73,42892.58,30281.33
Project 0710,2025-03-01,312.54,36379.3,23137.67
Project 0710,2025-04-01,294.58,38395.46,24813.41
Project 0710,2025-05-01,304.66,43053.77,29115.32
Project 0710,2025-06-01,337.81,48074.71,29249.21
Project 0710,2025-07-01,261.14,41495.29,27128.69
Project 0710,2025-08-01,239.56,44124.01,25480.95
Project 0710,2025-09-01,280.84,33750.6,23742.3
Project 0710,2025-10-01,306.19,40259.34,26892.2
Project 0710,2025-11-01,253.9,34960.93,25627.86
Project 0710,2025-12-01,286.11,40394.68,28284.25
Project 0710,2026-01-01,341.81,34308.19,23469.79
Project 0710,2026-02-01,239.45,35776.11,19697.53
Project 0710,2026-03-01,273.74,37972.58,22227.68
Project 0710,2026-04-01,305.03,37868.63,21682.51
Project 0710,2026-05-01,305.03,36603.53,25289.18
Project 0710,2026-06-01,298.24,47350.2,27114.85
Project 0710,2026-07-01,362.2,42349.59,30771.76
Project 0710,2026-08-01,327.8,45126.07,31638.39
Project 0711,2024-09-01,362.55,112905.63,77669.59
Project 0711,2024-10-01,425.56,112051.09,64489.61
Project 0711,2024-11-01,299.19,112786.25,71579.47
Project 0711,2024-12-01,294.6,134402.69,95049.17
Project 0711,2025-01-01,368.98,118105.8,76559.08
Project 0711,2025-02-01,422.14,151623.43,90622.66
Project 0711,2025-03-01,436.84,134176.98,82702.59
Project 0711,2025-04-01,394.14,112096.08,72934.06
Project 0711,2025-05-01,371.33,153238.66,99957.47
Project 0711,2025-06-01,340.22,152061.06,101803.25
Project 0711,2025-07-01,374.91,148776.11,90687.84
Project 0711,2025-08-01,348.47,135122.31,100928.62
Project 0711,2025-09-01,402.12,111016.32,61592.19
Project 0711,2025-10-01,348.3,137288.44,100507.32
Project 0711,2025-11-01,411.6,134220.47,91864.29
Project 0711,2025-12-01,333.41,129836.11,74448.98
Project 0711,2026-01-01,279.7,109238.3,65016.56
Project 0711,2026-02-01,435.26,135245.81,93461.05
Project 0711,2026-03-01,382.51,111954.19,72445.46
Project 0711,2026-04-01,379.0,138821.55,80348.39
Project 0711,2026-05-01,368.04,152280.22,105096.54
Project 0711,2026-06-01,299.0,126986.4,87390.26
Project 0711,2026-07-01,372.28,153374.35,90449.36
Project 0711,2026-08-01,347.98,138207.19,87043.94
Project 0712,2024-09-01,22.47,2655.15,1730.51
Project 0712,2024-10-01,18.0,2243.5,1388.04
Project 0712,2024-11-01,16.25,2345.68,1457.85
Project 0712,2024-12-01,21.3,2307.06,1611.76
Project 0712,2025-01-01,18.47,1908.48,1149.27
Project 0712,2025-02-01,20.02,2329.63,1318.52
Project 0712,2025-03-01,22.02,2528.87,1806.19
Project 0712,2025-04-01,20.38,1989.15,1334.21
Project 0712,2025-05-01,24.48,1937.62,1373.55
Project 0712,2025-06-01,21.49,2099.22,1214.76
Project 0712,2025-07-01,16.7,2621.71,1916.0
Project 0712,2025-08-01,20.13,2584.07,1758.51
Project 0712,2025-09-01,19.28,2101.01,1246.92
Project 0712,2025-10-01,18.69,2334.89,1448.35
Project 0712,2025-11-01,23.69,2264.47,1493.92
Project 0712,2025-12-01,23.47,2566.42,1537.51
Project 0712,2026-01-01,21.67,2542.43,1656.35
Project 0712,2026-02-01,20.98,1970.59,1145.06
Project 0712,2026-03-01,24.25,2574.44,1662.11
Project 0712,2026-04-01,20.22,2262.61,1274.84
Project 0712,2026-05-01,24.31,2093.68,1296.02
Project 0712,2026-06-01,21.67,2387.79,1732.18
Project 0712,2026-07-01,23.85,2094.67,1316.15
Project 0712,2026-08-01,19.52,2662.02,1519.46
Project 0713,2024-09-01,110.05,6213.53,3568.23
Project 0713,2024-10-01,92.22,7513.39,4735.47
Project 0713,2024-11-01,90.14,7186.05,4095.38
Project 0713,2024-12-01,86.15,8177.08,4897.32
Project 0713,2025-01-01,95.66,6920.89,4879.38
Project 0713,2025-02-01,94.87,6482.76,4113.2
Project 0713,2025-03-01,109.32,8365.96,5736.61
Project 0713,2025-04-01,102.48,7642.59,4961.27
Project 0713,2025-05-01,99.27,6222.17,4144.44
Project 0713,2025-06-01,79.5,6477.49,3861.46
Project 0713,2025-07-01,91.87,8021.61,4488.72
Project 0713,2025-08-01,97.0,8302.15,5783.53
Project 0713,2025-09-01,81.41,8566.53,5721.77
Project 0713,2025-10-01,91.64,8095.33,5239.41
Project 0713,2025-11-01,80.74,8543.37,5814.42
Project 0713,2025-12-01,79.78,8653.84,5559.94
Project 0713,2026-01-01,72.33,8667.53,5859.0
Project 0713,2026-02-01,102.1,7150.2,4394.85
Project 0713,2026-03-01,91.76,7066.05,4375.13
Project 0713,2026-04-01,85.27,6764.9,4949.13
Project 0713,2026-05-01,107.3,6985.77,4128.62
Project 0713,2026-06-01,101.05,7861.53,4498.94
Project 0713,2026-07-01,71.41,7520.81,5532.65
Project 0713,2026-08-01,72.36,7468.39,5128.13
Project 0714,2024-09-01,50.25,2522.47,1454.83
Project 0714,2024-10-01,50.16,2247.41,1595.92
Project 0714,2024-11-01,41.08,1830.73,1330.81
Project 0714,2024-12-01,44.9,2023.55,1394.9
Project 0714,2025-01-01,43.95,2601.92,1693.16
Project 0714,2025-02-01,40.08,2262.32,1411.09
Project 0714,2025-03-01,35.74,2163.56,1193.25
Project 0714,2025-04-01,45.7,1996.41,1479.62
Project 0714,2025-05-01,48.42,2591.59,1854.02
Project 0714,2025-06-01,52.3,2534.39,1669.51
Project 0714,2025-07-01,35.42,2378.08,1616.18
Project 0714,2025-08-01,48.37,2156.72,1485.73
Project 0714,2025-09-01,53.02,1895.86,1109.36
Project 0714,2025-10-01,44.03,1826.32,1037.23
Project 0714,2025-11-01,41.08,2578.36,1533.4
Project 0714,2025-12-01,41.07,2026.38,1139.87
Project 0714,2026-01-01,35.71,2247.51,1571.8
Project 0714,2026-02-01,43.42,2428.63,1807.3
Project 0714,2026-03-01,37.84,2439.82,1820.03
Project 0714,2026-04-01,49.57,2490.19,1695.05
Project 0714,2026-05-01,55.35,2299.0,1484.46
Project 0714,2026-06-01,41.3,1949.9,1218.77
Project 0714,2026-07-01,35.96,2069.68,1168.84
Project 0714,2026-08-01,49.07,1821.92,1244.19
Project 0715,2024-09-01,110.9,4977.05,3019.09
Project 0715,2024-10-01,113.24,5792.12,4136.17
Project 0715,2024-11-01,105.04,6699.37,3846.78
Project 0715,2024-12-01,120.91,6607.66,4062.88
Project 0715,2025-01-01,126.52,4941.67,2923.22
Project 0715,2025-02-01,117.86,4912.69,3288.69
Project 0715,2025-03-01,128.96,5195.37,3053.72
Project 0715,2025-04-01,101.97,4876.85,3254.81
Project 0715,2025-05-01,140.41,6176.32,3474.05
Project 0715,2025-06-01,122.0,6847.97,4102.74
Project 0715,2025-07-01,96.96,5605.65,3206.53
Project 0715,2025-08-01,99.66,6698.78,3759.14
Project 0715,2025-09-01,114.53,6098.0,3848.97
Project 0715,2025-10-01,96.35,5087.31,3678.87
Project 0715,2025-11-01,99.89,5656.65,3337.71
Project 0715,2025-12-01,119.65,5050.6,3589.46
Project 0715,2026-01-01,127.26,5665.0,3881.03
Project 0715,2026-02-01,126.49,6338.64,4188.68
Project 0715,2026-03-01,119.41,5844.52,3603.65
Project 0715,2026-04-01,119.7,5899.82,3621.81
Project 0715,2026-05-01,117.93,5469.76,3886.86
Project 0715,2026-06-01,139.37,5356.76,3721.83
Project 0715,2026-07-01,94.72,5386.75,3045.48
Project 0715,2026-08-01,137.31,6699.77,4193.49
Project 0716,2024-09-01,414.14,24909.78,14971.98
Project 0716,2024-10-01,367.53,34369.07,23818.99
Project 0716,2024-11-01,287.45,29155.62,16403.95
Project 0716,2024-12-01,349.63,34611.7,20304.43
Project 0716,2025-01-01,425.63,31898.46,19247.42
Project 0716,2025-02-01,322.65,30315.52,21660.75
Project 0716,2025-03-01,343.21,25176.08,15759.7
Project 0716,2025-04-01,311.79,31013.76,20003.92
Project 0716,2025-05-01,427.03,30113.07,19734.01
Project 0716,2025-06-01,299.36,25654.91,18851.93
Project 0716,2025-07-01,309.98,34650.81,24264.95
Project 0716,2025-08-01,417.66,26915.48,15323.56
Project 0716,2025-09-01,379.36,28893.54,20817.8
Project 0716,2025-10-01,312.78,33346.21,24790.36
Project 0716,2025-11-01,389.5,31031.04,22584.35
Project 0716,2025-12-01,350.12,27653.84,20657.36
Project 0716,2026-01-01,423.19,24430.5,17553.34
Project 0716,2026-02-01,415.84,27039.61,16657.72
Project 0716,2026-03-01,355.24,30929.43,17638.0
Project 0716,2026-04-01,371.14,33756.16,21818.7
Project 0716,2026-05-01,336.02,33587.84,22304.63
Project 0716,2026-06-01,338.42,33617.32,23824.83
Project 0716,2026-07-01,308.49,29713.28,16583.52
Project 0716,2026-08-01,325.32,31966.69,22796.91
Project 0717,2024-09-01,165.26,39368.63,22388.7
Project 0717,2024-10-01,179.37,48068.19,35248.85
Project 0717,2024-11-01,132.36,45293.57,32409.95
Project 0717,2024-12-01,188.92,41356.68,30834.17
Project 0717,2025-01-01,130.69,38470.74,28065.2
Project 0717,2025-02-01,166.5,50663.05,36863.67
Project 0717,2025-03-01,164.37,51166.49,35167.02
Project 0717,2025-04-01,137.22,46124.21,29392.52
Project 0717,2025-05-01,168.29,47203.02,27992.31
Project 0717,2025-06-01,180.68,50836.19,28655.93
Project 0717,2025-07-01,195.76,41836.88,26271.97
Project 0717,2025-08-01,131.95,46917.38,28722.11
Project 0717,2025-09-01,161.18,50395.43,36033.86
Project 0717,2025-10-01,172.27,36484.85,22255.24
Project 0717,2025-11-01,192.09,50056.93,34415.33
Project 0717,2025-12-01,158.15,38686.94,24871.8
Project 0717,2026-01-01,157.62,49572.06,30562.51
Project 0717,2026-02-01,170.91,46088.88,32814.8
Project 0717,2026-03-01,188.23,50687.95,34231.85
Project 0717,2026-04-01,181.9,44703.66,27329.94
Project 0717,2026-05-01,160.86,48420.78,27828.88
Project 0717,2026-06-01,171.01,48340.22,27384.0
Project 0717,2026-07-01,159.46,43527.83,29629.5
Project 0717,2026-08-01,138.36,47156.94,26254.15
Project 0718,2024-09-01,327.61,24239.85,17892.34
Project 0718,2024-10-01,273.32,21931.61,16144.19
Project 0718,2024-11-01,243.18,22272.77,15268.39
Project 0718,2024-12-01,304.03,21745.85,15366.95
Project 0718,2025-01-01,226.41,25356.58,16589.95
Project 0718,2025-02-01,262.04,24175.22,16327.38
Project 0718,2025-03-01,266.66,24420.55,15425.4
Project 0718,2025-04-01,308.77,19411.1,13765.49
Project 0718,2025-05-01,257.06,23839.06,15892.03
Project 0718,2025-06-01,248.2,18965.85,12083.25
Project 0718,2025-07-01,222.31,18332.68,13125.19
Project 0718,2025-08-01,248.5,25633.98,14645.93
Project 0718,2025-09-01,319.54,25352.12,17263.06
Project 0718,2025-10-01,223.38,20654.92,15241.24
Project 0718,2025-11-01,299.02,25233.97,18591.82
Project 0718,2025-12-01,222.99,19090.0,11232.71
Project 0718,2026-01-01,309.09,19686.06,14456.4
Project 0718,2026-02-01,265.38,19686.83,12617.23
Project 0718,2026-03-01,312.23,19389.95,12690.69
Project 0718,2026-04-01,240.88,22446.65,14855.91
Project 0718,2026-05-01,246.45,24227.78,13874.26
Project 0718,2026-06-01,286.14,22586.76,13335.51
Project 0718,2026-07-01,228.24,19944.31,14644.64
Project 0718,2026-08-01,211.16,19666.54,14121.18
Project 0719,2024-09-01,99.37,41383.84,29359.04
Project 0719,2024-10-01,88.92,36646.37,23278.17
Project 0719,2024-11-01,79.21,37145.52,21271.98
Project 0719,2024-12-01,96.48,42342.26,26095.26
Project 0719,2025-01-01,85.77,42524.35,25233.84
Project 0719,2025-02-01,91.4,41715.06,28226.35
Project 0719,2025-03-01,88.84,40531.02,24346.23
Project 0719,2025-04-01,114.48,37539.69,24809.06
Project 0719,2025-05-01,94.61,31524.8,19423.3
Project 0719,2025-06-01,91.85,41442.45,30263.08
Project 0719,2025-07-01,87.55,35110.59,23102.35
Project 0719,2025-08-01,107.97,35799.26,26245.96
Project 0719,2025-09-01,89.05,43226.63,25177.53
Project 0719,2025-10-01,115.39,43215.66,26030.32
Project 0719,2025-11-01,112.18,41406.98,24873.68
Project 0719,2025-12-01,93.3,42757.84,27623.09
Project 0719,2026-01-01,87.42,38785.2,26073.64
Project 0719,2026-02-01,83.38,40084.89,25087.91
Project 0719,2026-03-01,120.52,38822.68,28270.55
Project 0719,2026-04-01,106.3,32895.77,18737.55
Project 0719,2026-05-01,105.71,34559.88,19570.33
Project 0719,2026-06-01,116.14,42531.12,27418.88
Project 0719,2026-07-01,118.5,37210.9,20841.36
Project 0719,2026-08-01,92.68,32550.3,20274.83
Project 0720,2024-09-01,298.79,27059.22,16522.92
Project 0720,2024-10-01,399.08,25740.66,17528.45
Project 0720,2024-11-01,294.11,21612.14,16137.98
Project 0720,2024-12-01,408.57,20974.54,15290.48
Project 0720,2025-01-01,409.54,22540.92,13655.45
Project 0720,2025-02-01,375.71,26252.9,15459.66
Project 0720,2025-03-01,419.44,25398.38,16866.71
Project 0720,2025-04-01,400.72,25182.0,17815.79
Project 0720,2025-05-01,392.08,22652.7,14944.13
Project 0720,2025-06-01,301.68,22323.99,16336.87
Project 0720,2025-07-01,313.29,22326.07,13361.24
Project 0720,2025-08-01,275.96,20897.34,13325.06
Project 0720,2025-09-01,279.53,26259.31,19466.54
Project 0720,2025-10-01,388.77,20376.81,14407.74
Project 0720,2025-11-01,328.98,24973.2,17250.55
Project 0720,2025-12-01,299.53,22806.08,13459.83
Project 0720,2026-01-01,327.84,19111.19,13293.7
Project 0720,2026-02-01,296.6,26907.12,16700.07
Project 0720,2026-03-01,395.38,20396.45,14969.3
Project 0720,2026-04-01,417.85,19838.45,11988.35
Project 0720,2026-05-01,284.48,20740.07,11740.82
Project 0720,2026-06-01,345.86,19468.28,13272.09
Project 0720,2026-07-01,309.84,20420.61,11937.47
Project 0720,2026-08-01,297.17,25563.82,14435.4
Project 0721,2024-09-01,264.41,22510.89,14842.21
Project 0721,2024-10-01,291.33,23065.98,16527.59
Project 0721,2024-11-01,385.62,31538.69,23399.2
Project 0721,2024-12-01,404.29,28653.56,18603.86
Project 0721,2025-01-01,401.99,29857.76,20657.34
Project 0721,2025-02-01,295.94,31428.31,19173.0
Project 0721,2025-03-01,327.09,26005.37,18970.42
Project 0721,2025-04-01,355.66,30760.88,18347.65
Project 0721,2025-05-01,351.78,24484.93,15931.8
Project 0721,2025-06-01,283.32,24660.91,17127.62
Project 0721,2025-07-01,297.07,30037.5,19073.35
Project 0721,2025-08-01,327.78,29070.77,21577.82
Project 0721,2025-09-01,384.66,23411.18,14309.26
Project 0721,2025-10-01,295.95,28814.42,21417.58
Project 0721,2025-11-01,334.33,22640.94,16575.49
Project 0721,2025-12-01,382.59,26709.08,19763.8
Project 0721,2026-01-01,330.67,22812.51,15678.69
Project 0721,2026-02-01,282.57,30221.14,20047.41
Project 0721,2026-03-01,370.05,23734.17,14404.92
Project 0721,2026-04-01,372.17,24760.6,17788.05
Project 0721,2026-05-01,332.49,25482.89,17549.87
Project 0721,2026-06-01,372.22,29377.79,18451.53
Project 0721,2026-07-01,274.66,27353.66,20233.79
Project 0721,2026-08-01,313.94,28953.69,18180.67
Project 0722,2024-09-01,277.7,66715.48,45673.74
Project 0722,2024-10-01,301.7,90919.46,61838.17
Project 0722,2024-11-01,284.36,86254.8,47994.57
Project 0722,2024-12-01,270.85,89159.14,66595.9
Project 0722,2025-01-01,304.31,75584.69,48523.46
Project 0722,2025-02-01,337.33,70700.54,47753.84
Project 0722,2025-03-01,238.35,76824.1,57604.36
Project 0722,2025-04-01,273.41,89307.61,52181.67
Project 0722,2025-05-01,239.31,65008.5,42703.16
Project 0722,2025-06-01,265.95,87079.64,55451.99
Project 0722,2025-07-01,222.42,77462.85,45347.39
Project 0722,2025-08-01,255.37,78238.8,51220.17
Project 0722,2025-09-01,321.23,67210.08,47500.65
Project 0722,2025-10-01,287.08,82982.34,52110.98
Project 0722,2025-11-01,318.59,83341.56,59315.73
Project 0722,2025-12-01,244.61,73933.87,45718.21
Project 0722,2026-01-01,273.46,64391.9,38937.55
Project 0722,2026-02-01,305.12,86356.61,47944.92
Project 0722,2026-03-01,288.43,68226.08,45958.41
Project 0722,2026-04-01,342.05,85762.49,59209.05
Project 0722,2026-05-01,272.36,79473.83,55444.01
Project 0722,2026-06-01,273.42,90419.61,60303.24
Project 0722,2026-07-01,328.11,69987.81,48480.93
Project 0722,2026-08-01,330.19,74133.96,55168.22
Project 0723,2024-09-01,226.0,15771.69,11298.5
Project 0723,2024-10-01,307.43,17572.41,10886.17
Project 0723,2024-11-01,271.59,17565.2,10322.13
Project 0723,2024-12-01,281.72,20081.32,13712.11
Project 0723,2025-01-01,280.12,15822.85,11338.58
Project 0723,2025-02-01,311.56,18988.13,11008.09
Project 0723,2025-03-01,287.1,15124.14,10761.55
Project 0723,2025-04-01,220.9,18135.33,12132.35
Project 0723,2025-05-01,220.21,18589.15,10431.61
Project 0723,2025-06-01,214.82,15565.08,9023.2
Project 0723,2025-07-01,266.16,15250.02,8862.88
Project 0723,2025-08-01,238.15,17708.74,10839.71
Project 0723,2025-09-01,298.19,19931.01,12652.77
Project 0723,2025-10-01,217.62,16745.44,12038.44
Project 0723,2025-11-01,221.09,14028.44,9214.06
Project 0723,2025-12-01,278.07,15158.45,8348.19
Project 0723,2026-01-01,293.46,14606.95,9718.06
Project 0723,2026-02-01,228.24,14123.22,8442.75
Project 0723,2026-03-01,272.21,19205.98,12643.01
Project 0723,2026-04-01,280.89,14535.19,8447.53
Project 0723,2026-05-01,273.39,17200.58,12356.47
Project 0723,2026-06-01,226.41,18944.9,13891.13
Project 0723,2026-07-01,242.75,14020.88,7897.59
Project 0723,2026-08-01,262.6,18421.17,10776.18
Project 0724,2024-09-01,191.68,59864.58,43949.6
Project 0724,2024-10-01,193.25,74825.99,54529.36
Project 0724,2024-11-01,236.53,61161.53,38835.68
Project 0724,2024-12-01,195.19,64490.07,41928.9
Project 0724,2025-01-01,241.76,81235.5,55437.03
Project 0724,2025-02-01,225.07,79822.18,46966.34
Project 0724,2025-03-01,221.62,82388.77,50509.14
Project 0724,2025-04-01,214.76,77364.05,42743.05
Project 0724,2025-05-01,214.1,65793.74,41089.78
Project 0724,2025-06-01,187.54,71646.74,47608.34
Project 0724,2025-07-01,242.87,82625.02,56755.94
Project 0724,2025-08-01,226.18,62780.47,44821.17
Project 0724,2025-09-01,178.17,63791.2,43528.11
Project 0724,2025-10-01,247.78,74723.31,50506.45
Project 0724,2025-11-01,195.56,79129.01,44079.34
Project 0724,2025-12-01,207.19,76218.19,45115.53
Project 0724,2026-01-01,243.02,59018.88,42214.12
Project 0724,2026-02-01,255.6,67537.95,42759.04
Project 0724,2026-03-01,265.12,81741.89,58324.9
Project 0724,2026-04-01,205.28,64184.96,42139.42
Project 0724,2026-05-01,249.19,66014.29,48554.14
Project 0724,2026-06-01,202.37,82606.45,49898.33
Project 0724,2026-07-01,174.35,61782.01,36167.37
Project 0724,2026-08-01,207.68,64898.92,37118.43
Project 0725,2024-09-01,38.46,7499.96,4968.93
Project 0725,2024-10-01,33.12,6836.01,5041.62
Project 0725,2024-11-01,39.26,6078.9,3651.12
Project 0725,2024-12-01,43.21,7908.98,4768.41
Project 0725,2025-01-01,38.57,7903.79,5498.75
Project 0725,2025-02-01,31.91,6202.49,4475.8
Project 0725,2025-03-01,43.3,6183.84,3854.57
Project 0725,2025-04-01,38.02,5541.42,3439.7
Project 0725,2025-05-01,34.69,7876.02,4827.17
Project 0725,2025-06-01,40.26,6887.01,5119.14
Project 0725,2025-07-01,35.22,5687.43,3883.01
Project 0725,2025-08-01,36.35,5531.33,3934.47
Project 0725,2025-09-01,33.94,5642.17,3555.61
Project 0725,2025-10-01,33.21,7248.95,4343.96
Project 0725,2025-11-01,44.57,5798.24,3736.0
Project 0725,2025-12-01,29.65,5635.75,3243.89
Project 0725,2026-01-01,40.43,6030.63,3990.7
Project 0725,2026-02-01,28.73,7394.74,4459.2
Project 0725,2026-03-01,35.37,6498.56,3643.82
Project 0725,2026-04-01,33.06,6754.51,3973.64
Project 0725,2026-05-01,29.77,7139.99,5165.08
Project 0725,2026-06-01,33.69,7692.15,5748.96
Project 0725,2026-07-01,44.03,6488.28,4849.18
Project 0725,2026-08-01,30.43,7516.08,5012.35
Project 0726,2024-09-01,119.64,29386.23,21414.58
Project 0726,2024-10-01,175.7,30553.68,19947.25
Project 0726,2024-11-01,147.72,25416.8,17686.81
Project 0726,2024-12-01,137.6,26311.74,14876.95
Project 0726,2025-01-01,140.29,26613.93,18168.22
Project 0726,2025-02-01,114.83,26531.24,17162.28
Project 0726,2025-03-01,176.45,29793.23,17536.03
Project 0726,2025-04-01,170.05,26373.39,14731.37
Project 0726,2025-05-01,153.26,25666.01,15874.51
Project 0726,2025-06-01,176.05,27024.39,14992.74
Project 0726,2025-07-01,127.46,23017.41,14431.45
Project 0726,2025-08-01,116.97,26843.3,19502.01
Project 0726,2025-09-01,132.11,29645.94,17827.69
Project 0726,2025-10-01,140.7,22507.82,13524.86
Project 0726,2025-11-01,150.43,28280.94,20968.24
Project 0726,2025-12-01,119.86,30002.89,20727.72
Project 0726,2026-01-01,135.72,23301.77,15402.55
Project 0726,2026-02-01,159.96,27086.05,19285.42
Project 0726,2026-03-01,118.39,30335.36,20577.42
Project 0726,2026-04-01,164.0,31620.73,20679.34
Project 0726,2026-05-01,117.45,31982.61,18154.31
Project 0726,2026-06-01,150.56,29738.96,17096.48
Project 0726,2026-07-01,118.78,25913.52,16980.72
Project 0726,2026-08-01,115.02,23272.11,14300.36
Project 0727,2024-09-01,117.93,15694.24,9731.86
Project 0727,2024-10-01,135.68,18161.79,10451.6
Project 0727,2024-11-01,147.35,17281.33,10017.68
Project 0727,2024-12-01,98.79,20260.07,11547.09
Project 0727,2025-01-01,123.94,15343.61,9357.0
Project 0727,2025-02-01,150.24,16842.24,10413.16
Project 0727,2025-03-01,101.77,19520.34,13906.07
Project 0727,2025-04-01,113.62,19853.23,13091.61
Project 0727,2025-05-01,102.78,15403.31,10845.17
Project 0727,2025-06-01,139.71,18160.65,11585.35
Project 0727,2025-07-01,121.54,15792.27,8890.39
Project 0727,2025-08-01,114.32,16003.56,11088.95
Project 0727,2025-09-01,111.4,14568.47,8818.62
Project 0727,2025-10-01,111.37,17671.87,10187.58
Project 0727,2025-11-01,121.26,15844.44,10379.62
Project 0727,2025-12-01,115.01,14465.29,10166.69
Project 0727,2026-01-01,123.17,17960.0,11505.07
Project 0727,2026-02-01,116.81,16535.34,10419.37
Project 0727,2026-03-01,123.88,19651.71,13438.91
Project 0727,2026-04-01,121.83,19269.51,13832.29
Project 0727,2026-05-01,125.86,20420.83,12876.34
Project 0727,2026-06-01,133.95,19256.73,12952.83
Project 0727,2026-07-01,133.97,19757.09,13401.54
Project 0727,2026-08-01,136.13,15526.28,11374.54
Project 0728,2024-09-01,375.98,120652.13,74552.66
Project 0728,2024-10-01,311.05,98151.04,54060.75
Project 0728,2024-11-01,274.98,102882.43,67569.79
Project 0728,2024-12-01,250.78,136401.0,81477.49
Project 0728,2025-01-01,372.91,137224.06,98385.53
Project 0728,2025-02-01,339.24,100225.9,59196.13
Project 0728,2025-03-01,308.56,123800.43,83829.47
Project 0728,2025-04-01,376.6,114434.95,63518.46
Project 0728,2025-05-01,366.01,104431.61,72825.36
Project 0728,2025-06-01,265.18,104209.3,63802.38
Project 0728,2025-07-01,254.63,116669.53,83899.13
Project 0728,2025-08-01,378.27,118317.15,72781.74
Project 0728,2025-09-01,371.45,98414.47,57072.87
Project 0728,2025-10-01,313.77,110505.24,71650.41
Project 0728,2025-11-01,322.61,97345.86,55039.98
Project 0728,2025-12-01,386.2,110134.22,66749.51
Project 0728,2026-01-01,320.29,130623.23,77130.78
Project 0728,2026-02-01,326.64,126789.77,83251.01
Project 0728,2026-03-01,295.28,97616.56,68033.01
Project 0728,2026-04-01,363.43,129915.63,72425.19
Project 0728,2026-05-01,387.63,103215.21,59977.25
Project 0728,2026-06-01,361.71,105335.82,66223.32
Project 0728,2026-07-01,265.7,101259.4,57389.32
Project 0728,2026-08-01,318.4,103972.21,57498.17
Project 0729,2024-09-01,92.11,12390.67,8987.16
Project 0729,2024-10-01,85.15,16082.58,10973.22
Project 0729,2024-11-01,72.28,13207.41,7886.94
Project 0729,2024-12-01,82.66,16841.82,12516.06
Project 0729,2025-01-01,82.2,13188.18,9255.33
Project 0729,2025-02-01,83.79,12275.2,7166.44
Project 0729,2025-03-01,85.49,13478.48,8599.44
Project 0729,2025-04-01,69.03,16536.79,9603.84
Project 0729,2025-05-01,90.2,13525.35,9731.29
Project 0729,2025-06-01,88.74,13691.05,7743.08
Project 0729,2025-07-01,90.65,11825.87,8571.56
Project 0729,2025-08-01,70.99,12526.13,9020.31
Project 0729,2025-09-01,90.59,12218.62,8124.61
Project 0729,2025-10-01,81.29,15176.03,10114.92
Project 0729,2025-11-01,68.85,12740.97,8485.62
Project 0729,2025-12-01,79.43,13856.58,8323.28
Project 0729,2026-01-01,65.64,14178.45,7907.02
Project 0729,2026-02-01,85.73,16691.26,10842.85
Project 0729,2026-03-01,78.39,14628.05,10674.99
Project 0729,2026-04-01,71.94,15776.06,9365.26
Project 0729,2026-05-01,65.79,12129.74,7860.22
Project 0729,2026-06-01,71.5,12831.25,7399.35
Project 0729,2026-07-01,61.84,16545.31,10264.08
Project 0729,2026-08-01,60.95,13117.88,9651.08
Project 0730,2024-09-01,324.7,14755.21,9834.66
Project 0730,2024-10-01,318.65,16440.43,10994.8
Project 0730,2024-11-01,389.55,17242.42,11749.11
Project 0730,2024-12-01,316.39,15598.87,10793.98
Project 0730,2025-01-01,312.9,16534.4,10204.66
Project 0730,2025-02-01,362.84,18612.67,11006.7
Project 0730,2025-03-01,381.13,14633.53,9982.49
Project 0730,2025-04-01,304.8,14739.01,9223.4
Project 0730,2025-05-01,325.99,14032.52,9866.46
Project 0730,2025-06-01,346.86,16176.92,10823.61
Project 0730,2025-07-01,279.4,13309.32,8252.71
Project 0730,2025-08-01,302.56,18022.8,11091.65
Project 0730,2025-09-01,392.43,13432.46,9479.42
Project 0730,2025-10-01,307.61,17322.83,9799.07
Project 0730,2025-11-01,375.25,14470.89,8480.8
Project 0730,2025-12-01,329.53,18051.26,12507.85
Project 0730,2026-01-01,386.7,15550.12,9297.91
Project 0730,2026-02-01,262.26,16224.45,10482.38
Project 0730,2026-03-01,265.0,18496.67,12047.71
Project 0730,2026-04-01,386.62,16394.03,9991.88
Project 0730,2026-05-01,394.61,15829.97,11141.2
Project 0730,2026-06-01,364.82,17575.37,11477.51
Project 0730,2026-07-01,289.03,15440.64,9931.32
Project 0730,2026-08-01,266.29,13091.38,7952.38
Project 0731,2024-09-01,99.61,31585.79,18456.23
Project 0731,2024-10-01,103.39,37158.63,24799.95
Project 0731,2024-11-01,89.88,33489.46,21235.93
Project 0731,2024-12-01,97.5,28630.76,19052.61
Project 0731,2025-01-01,79.15,27752.8,17685.89
Project 0731,2025-02-01,111.07,38431.24,26912.06
Project 0731,2025-03-01,87.77,36598.73,24308.51
Project 0731,2025-04-01,100.85,30370.13,17066.71
Project 0731,2025-05-01,104.63,32594.1,24314.28
Project 0731,2025-06-01,78.93,35962.23,23886.65
Project 0731,2025-07-01,110.08,34321.71,24644.27
Project 0731,2025-08-01,79.85,28153.68,20225.18
Project 0731,2025-09-01,82.88,39289.38,27036.82
Project 0731,2025-10-01,72.6,31274.35,22389.18
Project 0731,2025-11-01,73.09,36472.21,21120.78
Project 0731,2025-12-01,97.31,39615.7,28130.56
Project 0731,2026-01-01,91.94,32248.97,21735.04
Project 0731,2026-02-01,84.67,37282.2,25517.9
Project 0731,2026-03-01,103.57,36916.07,23989.84
Project 0731,2026-04-01,75.17,33270.8,21610.88
Project 0731,2026-05-01,108.25,36027.05,20716.99
Project 0731,2026-06-01,80.42,39246.13,22965.78
Project 0731,2026-07-01,111.07,28943.6,19166.56
Project 0731,2026-08-01,83.8,30825.74,22812.72
Project 0732,2024-09-01,22.05,4975.64,2799.88
Project 0732,2024-10-01,27.98,4871.86,3495.59
Project 0732,2024-11-01,24.42,4995.96,3586.76
Project 0732,2024-12-01,27.72,5044.27,3366.73
Project 0732,2025-01-01,25.95,4735.99,3365.36
Project 0732,2025-02-01,18.4,3927.43,2560.61
Project 0732,2025-03-01,19.69,4765.69,3128.95
Project 0732,2025-04-01,27.18,4061.07,2315.01
Project 0732,2025-05-01,24.79,4894.3,3591.88
Project 0732,2025-06-01,26.87,5031.33,3300.66
Project 0732,2025-07-01,20.74,3792.66,2402.84
Project 0732,2025-08-01,24.1,4708.64,3002.51
Project 0732,2025-09-01,26.16,4315.85,2403.37
Project 0732,2025-10-01,24.39,4261.33,2845.47
Project 0732,2025-11-01,18.94,4536.31,3001.18
Project 0732,2025-12-01,27.35,4429.89,3109.85
Project 0732,2026-01-01,24.21,3618.77,2490.4
Project 0732,2026-02-01,25.48,4476.11,2566.29
Project 0732,2026-03-01,24.49,3834.33,2722.9
Project 0732,2026-04-01,22.96,3610.59,2702.21
Project 0732,2026-05-01,23.1,4766.0,2714.75
Project 0732,2026-06-01,20.0,4131.0,3032.8
Project 0732,2026-07-01,27.36,4640.89,3385.5
Project 0732,2026-08-01,18.44,4517.89,2987.29
Project 0733,2024-09-01,216.77,36175.48,26608.88
Project 0733,2024-10-01,241.42,38451.8,25233.93
Project 0733,2024-11-01,243.22,34449.93,20053.0
Project 0733,2024-12-01,204.94,29950.79,16904.98
Project 0733,2025-01-01,285.84,28419.53,18785.2
Project 0733,2025-02-01,258.63,28249.84,18231.25
Project 0733,2025-03-01,282.82,29406.81,17494.37
Project 0733,2025-04-01,205.36,27918.17,20446.87
Project 0733,2025-05-01,277.65,36823.27,27000.14
Project 0733,2025-06-01,258.44,27682.82,18904.72
Project 0733,2025-07-01,258.79,38405.99,27207.05
Project 0733,2025-08-01,248.91,35150.4,23220.52
Project 0733,2025-09-01,282.07,38128.98,24309.89
Project 0733,2025-10-01,237.2,30103.6,21049.12
Project 0733,2025-11-01,240.16,31471.73,19189.61
Project 0733,2025-12-01,284.27,31785.16,18847.7
Project 0733,2026-01-01,206.38,38357.1,23545.4
Project 0733,2026-02-01,262.72,27796.06,15385.86
Project 0733,2026-03-01,244.35,36003.82,25193.79
Project 0733,2026-04-01,196.81,35948.52,19925.48
Project 0733,2026-05-01,224.08,28751.94,16235.17
Project 0733,2026-06-01,213.68,32125.28,20006.56
Project 0733,2026-07-01,259.8,37790.52,25759.23
Project 0733,2026-08-01,242.07,34430.9,22469.47
Project 0734,2024-09-01,198.68,22632.43,13753.82
Project 0734,2024-10-01,191.72,17073.92,9438.01
Project 0734,2024-11-01,264.74,16501.53,9443.51
Project 0734,2024-12-01,236.13,17776.09,10734.09
Project 0734,2025-01-01,258.39,22164.79,13668.18
Project 0734,2025-02-01,264.95,18600.36,10865.1
Project 0734,2025-03-01,228.99,18334.32,11751.0
Project 0734,2025-04-01,207.63,17691.23,13232.9
Project 0734,2025-05-01,247.52,22854.23,16069.04
Project 0734,2025-06-01,198.69,21145.34,13820.16
Project 0734,2025-07-01,254.1,17643.99,9922.24
Project 0734,2025-08-01,275.62,17493.88,12571.97
Project 0734,2025-09-01,288.14,22813.24,16685.73
Project 0734,2025-10-01,262.31,17006.64,11738.16
Project 0734,2025-11-01,298.61,18246.09,11078.4
Project 0734,2025-12-01,285.49,20437.21,12422.5
Project 0734,2026-01-01,268.9,20663.1,13954.66
Project 0734,2026-02-01,293.37,19230.37,12931.69
Project 0734,2026-03-01,278.28,17932.91,12215.46
Project 0734,2026-04-01,220.8,17112.42,9953.05
Project 0734,2026-05-01,215.58,16849.2,10204.34
Project 0734,2026-06-01,296.04,19663.03,14524.17
Project 0734,2026-07-01,260.9,21714.6,16056.96
Project 0734,2026-08-01,226.48,17347.7,11461.02
Project 0735,2024-09-01,164.66,22576.29,16069.21
Project 0735,2024-10-01,134.76,17762.92,12400.53
Project 0735,2024-11-01,151.64,19184.96,13589.34
Project 0735,2024-12-01,133.04,17158.11,10452.07
Project 0735,2025-01-01,149.48,23082.92,13859.49
Project 0735,2025-02-01,123.49,21589.33,15220.94
Project 0735,2025-03-01,125.21,21731.1,14116.65
Project 0735,2025-04-01,132.36,19591.63,11378.99
Project 0735,2025-05-01,162.99,17814.8,10407.79
Project 0735,2025-06-01,187.82,17082.07,9528.96
Project 0735,2025-07-01,186.32,21483.49,11978.91
Project 0735,2025-08-01,156.24,23681.91,16743.51
Project 0735,2025-09-01,164.18,21201.08,15005.1
Project 0735,2025-10-01,148.61,17124.63,12739.25
Project 0735,2025-11-01,139.62,17045.59,11666.36
Project 0735,2025-12-01,158.62,17379.52,12038.35
Project 0735,2026-01-01,160.32,22164.67,14409.83
Project 0735,2026-02-01,131.45,21847.61,14989.72
Project 0735,2026-03-01,168.75,23343.32,13055.94
Project 0735,2026-04-01,171.77,20333.35,11359.2
Project 0735,2026-05-01,140.93,22199.47,14823.8
Project 0735,2026-06-01,190.41,23686.36,16032.86
Project 0735,2026-07-01,133.72,20227.72,11968.07
Project 0735,2026-08-01,170.11,19774.08,13918.2
Project 0736,2024-09-01,118.54,29020.09,19394.74
Project 0736,2024-10-01,136.22,36787.37,26246.94
Project 0736,2024-11-01,94.14,32431.19,20006.63
Project 0736,2024-12-01,123.84,33647.02,24219.61
Project 0736,2025-01-01,139.35,30842.63,17970.37
Project 0736,2025-02-01,99.93,27029.08,17365.23
Project 0736,2025-03-01,98.75,35975.31,23730.66
Project 0736,2025-04-01,92.57,35439.3,19785.9
Project 0736,2025-05-01,100.24,32129.49,20566.53
Project 0736,2025-06-01,141.43,26960.45,18355.7
Project 0736,2025-07-01,117.2,34398.96,24594.64
Project 0736,2025-08-01,99.02,36096.82,25400.58
Project 0736,2025-09-01,130.31,33009.99,24220.74
Project 0736,2025-10-01,120.38,30329.98,21458.36
Project 0736,2025-11-01,122.54,37871.63,26292.21
Project 0736,2025-12-01,129.73,36246.54,26766.85
Project 0736,2026-01-01,137.85,29110.37,17216.49
Project 0736,2026-02-01,117.89,32992.08,23631.12
Project 0736,2026-03-01,98.19,31064.29,21476.58
Project 0736,2026-04-01,133.66,33472.4,23488.46
Project 0736,2026-05-01,134.29,36807.59,25294.44
Project 0736,2026-06-01,91.82,31841.51,19471.68
Project 0736,2026-07-01,93.85,34871.43,24456.0
Project 0736,2026-08-01,135.78,32427.98,22114.69
Project 0737,2024-09-01,134.63,64288.72,37582.08
Project 0737,2024-10-01,145.97,52045.49,38039.3
Project 0737,2024-11-01,148.17,63785.64,46799.28
Project 0737,2024-12-01,168.58,63881.91,40712.8
Project 0737,2025-01-01,164.18,61229.08,43250.58
Project 0737,2025-02-01,184.67,52347.5,34987.71
Project 0737,2025-03-01,146.95,64462.08,40506.87
Project 0737,2025-04-01,166.19,67182.95,41219.93
Project 0737,2025-05-01,153.05,49357.89,35528.63
Project 0737,2025-06-01,182.89,52886.39,30797.3
Project 0737,2025-07-01,165.06,50353.75,35797.87
Project 0737,2025-08-01,160.71,63905.41,43311.14
Project 0737,2025-09-01,161.24,53027.45,31367.88
Project 0737,2025-10-01,170.13,66996.81,44414.12
Project 0737,2025-11-01,151.27,52796.97,37276.95
Project 0737,2025-12-01,131.65,52635.76,32185.23
Project 0737,2026-01-01,184.49,64205.96,40634.2
Project 0737,2026-02-01,145.89,63930.52,41667.24
Project 0737,2026-03-01,172.5,48066.08,33345.46
Project 0737,2026-04-01,147.76,49734.06,32163.48
Project 0737,2026-05-01,180.32,63781.45,44253.6
Project 0737,2026-06-01,147.58,52144.63,31258.65
Project 0737,2026-07-01,167.97,60927.35,33707.07
Project 0737,2026-08-01,138.7,62897.73,44674.7
Project 0738,2024-09-01,386.12,18615.28,11757.83
Project 0738,2024-10-01,331.26,15723.1,10305.67
Project 0738,2024-11-01,406.54,15135.83,9850.6
Project 0738,2024-12-01,416.48,14080.93,9107.84
Project 0738,2025-01-01,324.47,19296.81,11480.68
Project 0738,2025-02-01,330.87,18042.62,13104.21
Project 0738,2025-03-01,316.59,16416.66,12203.09
Project 0738,2025-04-01,296.47,18600.71,12049.0
Project 0738,2025-05-01,281.63,14320.42,10320.44
Project 0738,2025-06-01,377.31,19206.3,14363.38
Project 0738,2025-07-01,315.56,13914.28,8020.54
Project 0738,2025-08-01,400.29,18312.06,11709.17
Project 0738,2025-09-01,393.8,18593.73,10746.03
Project 0738,2025-10-01,293.81,15894.32,10871.88
Project 0738,2025-11-01,366.53,15956.08,11570.95
Project 0738,2025-12-01,412.64,16107.82,10175.68
Project 0738,2026-01-01,345.54,14919.84,9396.63
Project 0738,2026-02-01,268.82,14390.17,10055.86
Project 0738,2026-03-01,332.08,19212.47,10818.19
Project 0738,2026-04-01,396.75,18065.08,11105.16
Project 0738,2026-05-01,316.4,14969.26,10952.46
Project 0738,2026-06-01,364.47,16138.91,9116.41
Project 0738,2026-07-01,299.87,15324.58,8620.45
Project 0738,2026-08-01,328.46,14363.97,9503.21
Project 0739,2024-09-01,220.64,20804.12,14602.38
Project 0739,2024-10-01,181.45,20285.69,12199.77
Project 0739,2024-11-01,179.81,25685.39,14789.34
Project 0739,2024-12-01,216.31,18827.22,12794.03
Project 0739,2025-01-01,258.73,25596.83,15361.71
Project 0739,2025-02-01,245.49,23390.35,13288.12
Project 0739,2025-03-01,209.63,21726.86,12632.49
Project 0739,2025-04-01,180.73,18775.89,13551.42
Project 0739,2025-05-01,228.12,20954.07,12746.92
Project 0739,2025-06-01,204.55,19634.32,11466.39
Project 0739,2025-07-01,270.27,24375.75,15524.92
Project 0739,2025-08-01,221.28,24896.7,15917.86
Project 0739,2025-09-01,261.39,22191.23,16360.82
Project 0739,2025-10-01,268.33,24268.15,16467.04
Project 0739,2025-11-01,234.6,25027.51,17632.91
Project 0739,2025-12-01,254.17,23954.27,14297.71
Project 0739,2026-01-01,244.39,19537.37,12632.42
Project 0739,2026-02-01,192.87,24430.07,18066.98
Project 0739,2026-03-01,180.31,23944.55,15930.47
Project 0739,2026-04-01,205.91,20809.73,15200.12
Project 0739,2026-05-01,178.95,25001.01,14658.95
Project 0739,2026-06-01,264.24,24068.64,16692.1
Project 0739,2026-07-01,278.11,22513.09,15972.05
Project 0739,2026-08-01,237.31,22053.58,12327.15
Project 0740,2024-09-01,82.33,11636.81,7939.84
Project 0740,2024-10-01,70.41,10570.72,6375.95
Project 0740,2024-11-01,103.74,10532.21,7432.86
Project 0740,2024-12-01,77.25,10259.93,7589.97
Project 0740,2025-01-01,74.03,9628.16,5337.16
Project 0740,2025-02-01,98.5,11584.6,6872.88
Project 0740,2025-03-01,105.58,8690.57,5198.34
Project 0740,2025-04-01,91.99,9836.76,5532.94
Project 0740,2025-05-01,104.96,9416.09,6497.76
Project 0740,2025-06-01,99.04,9499.69,6815.44
Project 0740,2025-07-01,91.05,8726.38,5439.6
Project 0740,2025-08-01,86.47,9997.6,6506.09
Project 0740,2025-09-01,70.89,10051.61,5885.61
Project 0740,2025-10-01,104.67,10210.02,7139.9
Project 0740,2025-11-01,82.29,9037.36,5576.74
Project 0740,2025-12-01,106.07,10937.92,6793.33
Project 0740,2026-01-01,104.7,8235.84,5770.41
Project 0740,2026-02-01,76.32,11170.05,7585.93
Project 0740,2026-03-01,68.64,9016.11,5242.09
Project 0740,2026-04-01,76.58,11486.71,7661.96
Project 0740,2026-05-01,71.14,11648.55,8288.96
Project 0740,2026-06-01,80.79,10322.29,6429.25
Project 0740,2026-07-01,78.16,8280.32,5255.35
Project 0740,2026-08-01,78.9,10749.6,7159.9
Project 0741,2024-09-01,369.16,47766.98,31911.13
Project 0741,2024-10-01,372.58,45368.72,27997.14
Project 0741,2024-11-01,409.51,43311.13,29612.7
Project 0741,2024-12-01,351.03,44414.15,25355.41
Project 0741,2025-01-01,389.96,45555.48,29826.23
Project 0741,2025-02-01,331.42,38984.38,23609.13
Project 0741,2025-03-01,297.77,41878.88,25830.15
Project 0741,2025-04-01,378.08,49191.9,31881.65
Project 0741,2025-05-01,410.92,48571.4,30659.67
Project 0741,2025-06-01,300.92,51697.69,38303.21
Project 0741,2025-07-01,293.86,49868.42,30916.86
Project 0741,2025-08-01,292.73,47390.74,31663.71
Project 0741,2025-09-01,307.85,44650.26,27241.42
Project 0741,2025-10-01,309.05,44357.42,25995.71
Project 0741,2025-11-01,351.55,48426.65,30873.31
Project 0741,2025-12-01,353.45,39053.24,26389.11
Project 0741,2026-01-01,320.04,43778.77,31671.72
Project 0741,2026-02-01,317.54,47341.49,31653.38
Project 0741,2026-03-01,265.57,39884.08,28866.88
Project 0741,2026-04-01,360.24,49147.42,35005.88
Project 0741,2026-05-01,393.54,48544.81,35358.72
Project 0741,2026-06-01,392.26,49146.06,31961.61
Project 0741,2026-07-01,314.08,47392.11,34227.83
Project 0741,2026-08-01,273.81,49775.92,30831.4
Project 0742,2024-09-01,142.94,14667.4,9284.15
Project 0742,2024-10-01,158.7,17378.73,10633.05
Project 0742,2024-11-01,161.68,14207.84,9152.63
Project 0742,2024-12-01,184.2,16023.98,9736.67
Project 0742,2025-01-01,199.56,17918.24,11973.83
Project 0742,2025-02-01,146.27,15964.11,11757.33
Project 0742,2025-03-01,151.33,18132.01,10518.87
Project 0742,2025-04-01,147.09,13938.34,9707.71
Project 0742,2025-05-01,205.98,17401.84,10691.59
Project 0742,2025-06-01,141.78,18339.41,12150.16
Project 0742,2025-07-01,196.19,16430.39,11342.24
Project 0742,2025-08-01,207.23,14803.92,10579.3
Project 0742,2025-09-01,195.26,15760.88,11684.83
Project 0742,2025-10-01,174.81,18958.32,12615.42
Project 0742,2025-11-01,145.13,14280.31,10660.57
Project 0742,2025-12-01,134.58,18239.07,12028.82
Project 0742,2026-01-01,156.26,15705.16,10386.15
Project 0742,2026-02-01,151.72,15555.06,11472.84
Project 0742,2026-03-01,165.71,13881.92,9054.3
Project 0742,2026-04-01,182.47,16270.18,9032.15
Project 0742,2026-05-01,170.57,18926.78,12505.58
Project 0742,2026-06-01,166.34,16406.4,9636.13
Project 0742,2026-07-01,164.59,16654.86,10719.47
Project 0742,2026-08-01,142.57,13726.56,9644.75
Project 0743,2024-09-01,346.43,39467.36,23057.71
Project 0743,2024-10-01,283.37,43539.94,30087.15
Project 0743,2024-11-01,289.56,34618.31,19866.45
Project 0743,2024-12-01,297.75,42539.45,24028.64
Project 0743,2025-01-01,246.65,41032.47,29284.69
Project 0743,2025-02-01,355.76,47043.88,34826.64
Project 0743,2025-03-01,367.56,46442.21,27822.97
Project 0743,2025-04-01,355.67,36725.1,23808.04
Project 0743,2025-05-01,367.88,47101.75,34320.02
Project 0743,2025-06-01,261.66,38110.58,26128.18
Project 0743,2025-07-01,372.98,39780.68,28672.81
Project 0743,2025-08-01,322.11,46905.01,30734.3
Project 0743,2025-09-01,314.33,45712.22,33370.18
Project 0743,2025-10-01,293.05,33854.36,24272.45
Project 0743,2025-11-01,298.63,36415.49,20101.66
Project 0743,2025-12-01,287.47,37754.52,26296.37
Project 0743,2026-01-01,305.03,43235.3,30078.82
Project 0743,2026-02-01,303.59,39602.05,26894.18
Project 0743,2026-03-01,360.88,43899.95,30742.28
Project 0743,2026-04-01,321.22,43132.9,26381.02
Project 0743,2026-05-01,360.38,37161.6,25770.42
Project 0743,2026-06-01,279.16,43061.36,32035.91
Project 0743,2026-07-01,359.68,34538.48,20452.17
Project 0743,2026-08-01,302.65,39075.71,26670.74
Project 0744,2024-09-01,15.75,4283.38,2381.57
Project 0744,2024-10-01,18.34,4541.3,2826.31
Project 0744,2024-11-01,20.93,3886.97,2756.28
Project 0744,2024-12-01,16.02,4705.9,3390.09
Project 0744,2025-01-01,19.11,4947.09,2767.57
Project 0744,2025-02-01,18.61,4518.7,3128.79
Project 0744,2025-03-01,19.16,3741.33,2461.19
Project 0744,2025-04-01,20.15,4367.81,2877.7
Project 0744,2025-05-01,16.75,3943.34,2717.0
Project 0744,2025-06-01,17.67,4460.6,2768.73
Project 0744,2025-07-01,16.77,4394.48,3263.57
Project 0744,2025-08-01,19.05,4358.71,2516.14
Project 0744,2025-09-01,16.63,4378.63,2803.93
Project 0744,2025-10-01,18.12,4270.58,3040.14
Project 0744,2025-11-01,15.59,3607.08,2097.15
Project 0744,2025-12-01,15.19,4691.96,3492.17
Project 0744,2026-01-01,22.3,4922.33,3671.75
Project 0744,2026-02-01,19.58,3682.03,2319.45
Project 0744,2026-03-01,17.53,4563.4,2859.64
Project 0744,2026-04-01,18.26,4823.7,3366.71
Project 0744,2026-05-01,19.58,4439.53,2751.73
Project 0744,2026-06-01,21.43,3838.44,2130.02
Project 0744,2026-07-01,15.31,3718.18,2751.0
Project 0744,2026-08-01,14.3,3464.27,2062.44
Project 0745,2024-09-01,214.12,53049.56,39375.81
Project 0745,2024-10-01,188.99,56895.79,40589.46
Project 0745,2024-11-01,175.36,55256.4,39172.14
Project 0745,2024-12-01,181.24,47326.94,32041.6
Project 0745,2025-01-01,185.94,49396.3,31053.52
Project 0745,2025-02-01,252.4,55476.4,38007.39
Project 0745,2025-03-01,182.74,48042.74,32346.51
Project 0745,2025-04-01,197.51,62033.21,44745.45
Project 0745,2025-05-01,219.15,66790.57,44247.28
Project 0745,2025-06-01,234.72,62806.43,37249.67
Project 0745,2025-07-01,203.7,57279.01,42288.71
Project 0745,2025-08-01,249.68,49588.73,32952.65
Project 0745,2025-09-01,242.81,53235.0,29816.12
Project 0745,2025-10-01,231.99,53873.86,38548.81
Project 0745,2025-11-01,249.53,50741.47,28453.0
Project 0745,2025-12-01,171.26,56244.51,32033.47
Project 0745,2026-01-01,246.02,66179.79,44542.42
Project 0745,2026-02-01,207.75,67263.41,47526.38
Project 0745,2026-03-01,198.9,49288.89,32186.55
Project 0745,2026-04-01,193.23,63372.0,47279.78
Project 0745,2026-05-01,211.63,62476.0,38494.77
Project 0745,2026-06-01,224.62,60556.93,41532.15
Project 0745,2026-07-01,199.35,59401.76,42373.12
Project 0745,2026-08-01,220.2,52619.06,33904.27
Project 0746,2024-09-01,281.33,15043.69,10848.52
Project 0746,2024-10-01,225.62,15329.93,10133.67
Project 0746,2024-11-01,315.17,15001.75,8838.76
Project 0746,2024-12-01,237.17,13096.25,9551.93
Project 0746,2025-01-01,236.6,10833.28,6844.54
Project 0746,2025-02-01,327.37,11864.61,7104.59
Project 0746,2025-03-01,231.27,12532.79,9215.79
Project 0746,2025-04-01,241.82,12764.52,7648.8
Project 0746,2025-05-01,327.86,13589.65,10122.04
Project 0746,2025-06-01,256.82,15464.17,11333.44
Project 0746,2025-07-01,271.72,12921.24,8450.24
Project 0746,2025-08-01,231.63,11118.97,8085.93
Project 0746,2025-09-01,234.63,15060.34,9194.75
Project 0746,2025-10-01,234.89,14745.38,10707.58
Project 0746,2025-11-01,307.42,14714.06,10716.97
Project 0746,2025-12-01,320.6,15015.68,10900.01
Project 0746,2026-01-01,229.31,13690.49,9197.65
Project 0746,2026-02-01,326.66,15277.37,10628.35
Project 0746,2026-03-01,323.15,14101.84,8577.52
Project 0746,2026-04-01,245.21,11532.58,8531.68
Project 0746,2026-05-01,237.36,11822.83,6958.79
Project 0746,2026-06-01,306.08,13112.5,8213.28
Project 0746,2026-07-01,299.32,11291.86,7587.74
Project 0746,2026-08-01,326.23,13085.76,8428.34
Project 0747,2024-09-01,70.93,11778.69,7459.53
Project 0747,2024-10-01,77.98,9748.37,6296.9
Project 0747,2024-11-01,94.89,9600.97,6002.55
Project 0747,2024-12-01,90.12,12418.93,7269.06
Project 0747,2025-01-01,65.91,11425.29,8128.81
Project 0747,2025-02-01,90.23,12721.91,9354.41
Project 0747,2025-03-01,80.79,10070.45,6393.93
Project 0747,2025-04-01,94.64,9357.2,6072.94
Project 0747,2025-05-01,89.89,10833.89,6329.13
Project 0747,2025-06-01,78.64,12081.63,6837.34
Project 0747,2025-07-01,74.44,9662.74,5658.4
Project 0747,2025-08-01,102.05,9865.29,6486.87
Project 0747,2025-09-01,71.21,11272.92,6299.35
Project 0747,2025-10-01,93.65,10131.14,6704.35
Project 0747,2025-11-01,94.36,8962.08,5115.56
Project 0747,2025-12-01,102.19,10638.59,6109.46
Project 0747,2026-01-01,94.75,12100.64,7732.41
Project 0747,2026-02-01,76.49,12776.7,7834.12
Project 0747,2026-03-01,78.78,9514.72,5797.16
Project 0747,2026-04-01,66.56,11279.02,6903.34
Project 0747,2026-05-01,65.28,8938.37,6382.53
Project 0747,2026-06-01,92.7,11846.16,7353.23
Project 0747,2026-07-01,74.58,11648.8,7127.67
Project 0747,2026-08-01,91.04,11115.1,6704.02
Project 0748,2024-09-01,322.88,18529.02,12021.02
Project 0748,2024-10-01,235.98,16828.11,10454.13
Project 0748,2024-11-01,320.69,17588.73,10591.06
Project 0748,2024-12-01,322.65,15730.47,10557.8
Project 0748,2025-01-01,307.07,18878.89,10692.21
Project 0748,2025-02-01,224.99,17313.72,11684.38
Project 0748,2025-03-01,215.0,20244.11,12244.06
Project 0748,2025-04-01,208.96,20531.26,11865.24
Project 0748,2025-05-01,299.26,14788.76,10354.88
Project 0748,2025-06-01,300.54,19143.32,13726.61
Project 0748,2025-07-01,265.87,19113.92,13362.48
Project 0748,2025-08-01,251.94,18018.65,12925.05
Project 0748,2025-09-01,228.96,19208.66,10658.61
Project 0748,2025-10-01,256.37,16258.61,9509.2
Project 0748,2025-11-01,212.31,19627.9,12693.83
Project 0748,2025-12-01,272.19,14630.69,9403.58
Project 0748,2026-01-01,290.4,19159.37,13771.58
Project 0748,2026-02-01,306.21,17685.76,12270.86
Project 0748,2026-03-01,279.81,19155.3,13292.15
Project 0748,2026-04-01,218.42,16794.42,10636.19
Project 0748,2026-05-01,283.23,15367.62,9261.27
Project 0748,2026-06-01,240.59,20271.67,11547.28
Project 0748,2026-07-01,257.64,19787.24,12290.99
Project 0748,2026-08-01,286.09,19817.01,13008.57
Project 0749,2024-09-01,331.91,78946.65,52570.75
Project 0749,2024-10-01,329.23,84212.06,49416.45
Project 0749,2024-11-01,396.13,93778.53,70208.1
Project 0749,2024-12-01,445.96,84647.32,54357.57
Project 0749,2025-01-01,318.35,85226.14,49422.79
Project 0749,2025-02-01,443.82,97471.09,64283.34
Project 0749,2025-03-01,438.98,77288.61,54824.64
Project 0749,2025-04-01,332.86,74495.38,41035.13
Project 0749,2025-05-01,369.91,86647.61,50496.3
Project 0749,2025-06-01,437.0,79315.2,53918.37
Project 0749,2025-07-01,420.6,95137.9,69843.76
Project 0749,2025-08-01,327.03,70317.65,44519.13
Project 0749,2025-09-01,383.2,88402.95,52972.93
Project 0749,2025-10-01,355.45,74888.04,44942.1
Project 0749,2025-11-01,441.26,98223.2,56249.54
Project 0749,2025-12-01,321.46,90366.8,62668.15
Project 0749,2026-01-01,292.2,92240.51,63560.14
Project 0749,2026-02-01,319.52,96159.08,55110.07
Project 0749,2026-03-01,368.46,86189.01,62672.69
Project 0749,2026-04-01,351.58,82691.99,57288.52
Project 0749,2026-05-01,293.64,71401.97,46481.51
Project 0749,2026-06-01,436.98,71752.58,48852.62
Project 0749,2026-07-01,321.57,91833.87,59582.3
Project 0749,2026-08-01,317.38,73106.64,48516.62
Project 0750,2024-09-01,236.66,42329.9,31707.15
Project 0750,2024-10-01,222.64,37776.45,21648.44
Project 0750,2024-11-01,175.56,47192.29,35062.68
Project 0750,2024-12-01,208.11,52161.48,30525.07
Project 0750,2025-01-01,201.45,50625.01,34035.83
Project 0750,2025-02-01,192.23,49556.91,27333.0
Project 0750,2025-03-01,191.99,43720.08,27254.45
Project 0750,2025-04-01,184.77,51423.12,32564.59
Project 0750,2025-05-01,218.89,38728.05,22968.98
Project 0750,2025-06-01,207.36,41589.09,31055.02
Project 0750,2025-07-01,184.31,44478.58,24785.3
Project 0750,2025-08-01,178.47,50702.43,35682.75
Project 0750,2025-09-01,157.94,42368.72,27524.52
Project 0750,2025-10-01,173.97,52660.59,30584.43
Project 0750,2025-11-01,216.53,40760.4,25413.27
Project 0750,2025-12-01,185.25,41936.38,25657.48
Project 0750,2026-01-01,167.11,46683.37,30425.62
Project 0750,2026-02-01,238.04,42855.16,27185.74
Project 0750,2026-03-01,238.13,39361.71,29029.26
Project 0750,2026-04-01,227.73,40607.12,29334.1
Project 0750,2026-05-01,169.44,43578.6,30927.28
Project 0750,2026-06-01,210.25,38178.68,23609.51
Project 0750,2026-07-01,225.28,47545.43,34030.53
Project 0750,2026-08-01,212.09,54185.23,32223.57
