project_name,snapshot_date,stage,probability,expected_close_date,pipeline_value
Project 0001,2026-08-24,Qualified,0.35,2027-02-17,265000
Project 0001,2026-07-24,Qualified,0.35,2027-02-17,265000
Project 0001,2026-06-24,Qualified,0.35,2027-02-17,265000
Project 0001,2026-05-24,Qualified,0.35,2027-02-17,265000
Project 0001,2026-04-24,Qualified,0.35,2027-02-17,265000
Project 0001,2026-03-24,Qualified,0.35,2027-02-17,265000
Project 0002,2026-08-24,Qualified,0.35,2026-11-04,1156500
Project 0002,2026-07-24,Qualified,0.35,2026-11-04,1156500
Project 0002,2026-06-24,Qualified,0.35,2026-11-04,1156500
Project 0002,2026-05-24,Qualified,0.35,2026-11-04,1156500
Project 0002,2026-04-24,Qualified,0.35,2026-11-04,1156500
Project 0002,2026-03-24,Qualified,0.35,2026-11-04,1156500
Project 0003,2026-08-24,Prospect,0.15,2026-06-25,290700
Project 0003,2026-07-24,Prospect,0.15,2026-06-25,290700
Project 0003,2026-06-24,Prospect,0.15,2026-06-25,290700
Project 0003,2026-05-24,Prospect,0.15,2026-06-25,290700
Project 0003,2026-04-24,Prospect,0.15,2026-06-25,290700
Project 0003,2026-03-24,Prospect,0.15,2026-06-25,290700
Project 0004,2026-08-24,In Delivery,0.75,2026-10-06,1434000
Project 0004,2026-07-24,In Delivery,0.75,2026-10-06,1434000
Project 0004,2026-06-24,In Delivery,0.75,2026-10-06,1434000
Project 0004,2026-05-24,In Delivery,0.75,2026-10-06,1434000
Project 0004,2026-04-24,In Delivery,0.75,2026-10-06,1434000
Project 0004,2026-03-24,In Delivery,0.75,2026-10-06,1434000
Project 0005,2026-08-24,In Delivery,0.75,2026-01-08,551600
Project 0005,2026-07-24,In Delivery,0.75,2026-01-08,551600
Project 0005,2026-06-24,In Delivery,0.75,2026-01-08,551600
Project 0005,2026-05-24,In Delivery,0.75,2026-01-08,551600
Project 0005,2026-04-24,In Delivery,0.75,2026-01-08,551600
Project 0005,2026-03-24,In Delivery,0.75,2026-01-08,551600
Project 0006,2026-08-24,In Delivery,0.75,2025-06-02,1173600
Project 0006,2026-07-24,In Delivery,0.75,2025-06-02,1173600
Project 0006,2026-06-24,In Delivery,0.75,2025-06-02,1173600
Project 0006,2026-05-24,In Delivery,0.75,2025-06-02,1173600
Project 0006,2026-04-24,In Delivery,0.75,2025-06-02,1173600
Project 0006,2026-03-24,In Delivery,0.75,2025-06-02,1173600
Project 0007,2026-08-24,Prospect,0.15,2027-02-07,1431500
Project 0007,2026-07-24,Prospect,0.15,2027-02-07,1431500
Project 0007,2026-06-24,Prospect,0.15,2027-02-07,1431500
Project 0007,2026-05-24,Prospect,0.15,2027-02-07,1431500
Project 0007,2026-04-24,Prospect,0.15,2027-02-07,1431500
Project 0007,2026-03-24,Prospect,0.15,2027-02-07,1431500
Project 0008,2026-08-24,Closed Lost,0.0,2026-01-03,88200
Project 0008,2026-07-24,Closed Lost,0.0,2026-01-03,88200
Project 0008,2026-06-24,Closed Lost,0.0,2026-01-03,88200
Project 0008,2026-05-24,Closed Lost,0.0,2026-01-03,88200
Project 0008,2026-04-24,Closed Lost,0.0,2026-01-03,88200
Project 0008,2026-03-24,Closed Lost,0.0,2026-01-03,88200
Project 0009,2026-08-24,In Delivery,0.75,2026-06-20,689000
Project 0009,2026-07-24,In Delivery,0.75,2026-06-20,689000
Project 0009,2026-06-24,In Delivery,0.75,2026-06-20,689000
Project 0009,2026-05-24,In Delivery,0.75,2026-06-20,689000
Project 0009,2026-04-24,In Delivery,0.75,2026-06-20,689000
Project 0009,2026-03-24,In Delivery,0.75,2026-06-20,689000
Project 0010,2026-08-24,In Delivery,0.75,2025-11-21,1309200
Project 0010,2026-07-24,In Delivery,0.75,2025-11-21,1309200
Project 0010,2026-06-24,In Delivery,0.75,2025-11-21,1309200
Project 0010,2026-05-24,In Delivery,0.75,2025-11-21,1309200
Project 0010,2026-04-24,In Delivery,0.75,2025-11-21,1309200
Project 0010,2026-03-24,In Delivery,0.75,2025-11-21,1309200
Project 0011,2026-08-24,Prospect,0.15,2026-10-24,72200
Project 0011,2026-07-24,Prospect,0.15,2026-10-24,72200
Project 0011,2026-06-24,Prospect,0.15,2026-10-24,72200
Project 0011,2026-05-24,Prospect,0.15,2026-10-24,72200
Project 0011,2026-04-24,Prospect,0.15,2026-10-24,72200
Project 0011,2026-03-24,Prospect,0.15,2026-10-24,72200
Project 0012,2026-08-24,Prospect,0.15,2026-08-01,486400
Project 0012,2026-07-24,Prospect,0.15,2026-08-01,486400
Project 0012,2026-06-24,Prospect,0.15,2026-08-01,486400
Project 0012,2026-05-24,Prospect,0.15,2026-08-01,486400
Project 0012,2026-04-24,Prospect,0.15,2026-08-01,486400
Project 0012,2026-03-24,Prospect,0.15,2026-08-01,486400
Project 0013,2026-08-24,Qualified,0.35,2026-11-27,255200
Project 0013,2026-07-24,Qualified,0.35,2026-11-27,255200
Project 0013,2026-06-24,Qualified,0.35,2026-11-27,255200
Project 0013,2026-05-24,Qualified,0.35,2026-11-27,255200
Project 0013,2026-04-24,Qualified,0.35,2026-11-27,255200
Project 0013,2026-03-24,Qualified,0.35,2026-11-27,255200
Project 0014,2026-08-24,Prospect,0.15,2026-08-28,791700
Project 0014,2026-07-24,Prospect,0.15,2026-08-28,791700
Project 0014,2026-06-24,Prospect,0.15,2026-08-28,791700
Project 0014,2026-05-24,Prospect,0.15,2026-08-28,791700
Project 0014,2026-04-24,Prospect,0.15,2026-08-28,791700
Project 0014,2026-03-24,Prospect,0.15,2026-08-28,791700
Project 0015,2026-08-24,Prospect,0.15,2025-08-31,423750
Project 0015,2026-07-24,Prospect,0.15,2025-08-31,423750
Project 0015,2026-06-24,Prospect,0.15,2025-08-31,423750
Project 0015,2026-05-24,Prospect,0.15,2025-08-31,423750
Project 0015,2026-04-24,Prospect,0.15,2025-08-31,423750
Project 0015,2026-03-24,Prospect,0.15,2025-08-31,423750
Project 0016,2026-08-24,Closed Won,1.0,2026-02-06,1635900
Project 0016,2026-07-24,Closed Won,1.0,2026-02-06,1635900
Project 0016,2026-06-24,Closed Won,1.0,2026-02-06,1635900
Project 0016,2026-05-24,Closed Won,1.0,2026-02-06,1635900
Project 0016,2026-04-24,Closed Won,1.0,2026-02-06,1635900
Project 0016,2026-03-24,Closed Won,1.0,2026-02-06,1635900
Project 0017,2026-08-24,Closed Won,1.0,2027-01-04,1321600
Project 0017,2026-07-24,Closed Won,1.0,2027-01-04,1321600
Project 0017,2026-06-24,Closed Won,1.0,2027-01-04,1321600
Project 0017,2026-05-24,Closed Won,1.0,2027-01-04,1321600
Project 0017,2026-04-24,Closed Won,1.0,2027-01-04,1321600
Project 0017,2026-03-24,Closed Won,1.0,2027-01-04,1321600
Project 0018,2026-08-24,In Delivery,0.75,2027-05-24,433500
Project 0018,2026-07-24,In Delivery,0.75,2027-05-24,433500
Project 0018,2026-06-24,In Delivery,0.75,2027-05-24,433500
Project 0018,2026-05-24,In Delivery,0.75,2027-05-24,433500
Project 0018,2026-04-24,In Delivery,0.75,2027-05-24,433500
Project 0018,2026-03-24,In Delivery,0.75,2027-05-24,433500
Project 0019,2026-08-24,Prospect,0.15,2025-10-13,81200
Project 0019,2026-07-24,Prospect,0.15,2025-10-13,81200
Project 0019,2026-06-24,Prospect,0.15,2025-10-13,81200
Project 0019,2026-05-24,Prospect,0.15,2025-10-13,81200
Project 0019,2026-04-24,Prospect,0.15,2025-10-13,81200
Project 0019,2026-03-24,Prospect,0.15,2025-10-13,81200
Project 0020,2026-08-24,In Delivery,0.75,2026-02-11,1317300
Project 0020,2026-07-24,In Delivery,0.75,2026-02-11,1317300
Project 0020,2026-06-24,In Delivery,0.75,2026-02-11,1317300
Project 0020,2026-05-24,In Delivery,0.75,2026-02-11,1317300
Project 0020,2026-04-24,In Delivery,0.75,2026-02-11,1317300
Project 0020,2026-03-24,In Delivery,0.75,2026-02-11,1317300
Project 0021,2026-08-24,Qualified,0.35,2027-05-09,480500
Project 0021,2026-07-24,Qualified,0.35,2027-05-09,480500
Project 0021,2026-06-24,Qualified,0.35,2027-05-09,480500
Project 0021,2026-05-24,Qualified,0.35,2027-05-09,480500
Project 0021,2026-04-24,Qualified,0.35,2027-05-09,480500
Project 0021,2026-03-24,Qualified,0.35,2027-05-09,480500
Project 0022,2026-08-24,Closed Won,1.0,2027-01-11,1304000
Project 0022,2026-07-24,Closed Won,1.0,2027-01-11,1304000
Project 0022,2026-06-24,Closed Won,1.0,2027-01-11,1304000
Project 0022,2026-05-24,Closed Won,1.0,2027-01-11,1304000
Project 0022,2026-04-24,Closed Won,1.0,2027-01-11,1304000
Project 0022,2026-03-24,Closed Won,1.0,2027-01-11,1304000
Project 0023,2026-08-24,Closed Won,1.0,2026-06-28,372600
Project 0023,2026-07-24,Closed Won,1.0,2026-06-28,372600
Project 0023,2026-06-24,Closed Won,1.0,2026-06-28,372600
Project 0023,2026-05-24,Closed Won,1.0,2026-06-28,372600
Project 0023,2026-04-24,Closed Won,1.0,2026-06-28,372600
Project 0023,2026-03-24,Closed Won,1.0,2026-06-28,372600
Project 0024,2026-08-24,Qualified,0.35,2025-05-24,602400
Project 0024,2026-07-24,Qualified,0.35,2025-05-24,602400
Project 0024,2026-06-24,Qualified,0.35,2025-05-24,602400
Project 0024,2026-05-24,Qualified,0.35,2025-05-24,602400
Project 0024,2026-04-24,Qualified,0.35,2025-05-24,602400
Project 0024,2026-03-24,Qualified,0.35,2025-05-24,602400
Project 0025,2026-08-24,Qualified,0.35,2025-06-26,227250
Project 0025,2026-07-24,Qualified,0.35,2025-06-26,227250
Project 0025,2026-06-24,Qualified,0.35,2025-06-26,227250
Project 0025,2026-05-24,Qualified,0.35,2025-06-26,227250
Project 0025,2026-04-24,Qualified,0.35,2025-06-26,227250
Project 0025,2026-03-24,Qualified,0.35,2025-06-26,227250
Project 0026,2026-08-24,Qualified,0.35,2026-03-23,215750
Project 0026,2026-07-24,Qualified,0.35,2026-03-23,215750
Project 0026,2026-06-24,Qualified,0.35,2026-03-23,215750
Project 0026,2026-05-24,Qualified,0.35,2026-03-23,215750
Project 0026,2026-04-24,Qualified,0.35,2026-03-23,215750
Project 0026,2026-03-24,Qualified,0.35,2026-03-23,215750
Project 0027,2026-08-24,Qualified,0.35,2025-09-28,307950
Project 0027,2026-07-24,Qualified,0.35,2025-09-28,307950
Project 0027,2026-06-24,Qualified,0.35,2025-09-28,307950
Project 0027,2026-05-24,Qualified,0.35,2025-09-28,307950
Project 0027,2026-04-24,Qualified,0.35,2025-09-28,307950
Project 0027,2026-03-24,Qualified,0.35,2025-09-28,307950
Project 0028,2026-08-24,In Delivery,0.75,2027-02-06,275400
Project 0028,2026-07-24,In Delivery,0.75,2027-02-06,275400
Project 0028,2026-06-24,In Delivery,0.75,2027-02-06,275400
Project 0028,2026-05-24,In Delivery,0.75,2027-02-06,275400
Project 0028,2026-04-24,In Delivery,0.75,2027-02-06,275400
Project 0028,2026-03-24,In Delivery,0.75,2027-02-06,275400
Project 0029,2026-08-24,Qualified,0.35,2026-07-16,368900
Project 0029,2026-07-24,Qualified,0.35,2026-07-16,368900
Project 0029,2026-06-24,Qualified,0.35,2026-07-16,368900
Project 0029,2026-05-24,Qualified,0.35,2026-07-16,368900
Project 0029,2026-04-24,Qualified,0.35,2026-07-16,368900
Project 0029,2026-03-24,Qualified,0.35,2026-07-16,368900
Project 0030,2026-08-24,In Delivery,0.75,2026-03-01,579900
Project 0030,2026-07-24,In Delivery,0.75,2026-03-01,579900
Project 0030,2026-06-24,In Delivery,0.75,2026-03-01,579900
Project 0030,2026-05-24,In Delivery,0.75,2026-03-01,579900
Project 0030,2026-04-24,In Delivery,0.75,2026-03-01,579900
Project 0030,2026-03-24,In Delivery,0.75,2026-03-01,579900
Project 0031,2026-08-24,Qualified,0.35,2025-09-06,1606150
Project 0031,2026-07-24,Qualified,0.35,2025-09-06,1606150
Project 0031,2026-06-24,Qualified,0.35,2025-09-06,1606150
Project 0031,2026-05-24,Qualified,0.35,2025-09-06,1606150
Project 0031,2026-04-24,Qualified,0.35,2025-09-06,1606150
Project 0031,2026-03-24,Qualified,0.35,2025-09-06,1606150
Project 0032,2026-08-24,Closed Won,1.0,2026-12-25,121200
Project 0032,2026-07-24,Closed Won,1.0,2026-12-25,121200
Project 0032,2026-06-24,Closed Won,1.0,2026-12-25,121200
Project 0032,2026-05-24,Closed Won,1.0,2026-12-25,121200
Project 0032,2026-04-24,Closed Won,1.0,2026-12-25,121200
Project 0032,2026-03-24,Closed Won,1.0,2026-12-25,121200
Project 0033,2026-08-24,Closed Won,1.0,2026-02-09,752750
Project 0033,2026-07-24,Closed Won,1.0,2026-02-09,752750
Project 0033,2026-06-24,Closed Won,1.0,2026-02-09,752750
Project 0033,2026-05-24,Closed Won,1.0,2026-02-09,752750
Project 0033,2026-04-24,Closed Won,1.0,2026-02-09,752750
Project 0033,2026-03-24,Closed Won,1.0,2026-02-09,752750
Project 0034,2026-08-24,Prospect,0.15,2025-10-14,635200
Project 0034,2026-07-24,Prospect,0.15,2025-10-14,635200
Project 0034,2026-06-24,Prospect,0.15,2025-10-14,635200
Project 0034,2026-05-24,Prospect,0.15,2025-10-14,635200
Project 0034,2026-04-24,Prospect,0.15,2025-10-14,635200
Project 0034,2026-03-24,Prospect,0.15,2025-10-14,635200
Project 0035,2026-08-24,Prospect,0.15,2025-11-09,852200
Project 0035,2026-07-24,Prospect,0.15,2025-11-09,852200
Project 0035,2026-06-24,Prospect,0.15,2025-11-09,852200
Project 0035,2026-05-24,Prospect,0.15,2025-11-09,852200
Project 0035,2026-04-24,Prospect,0.15,2025-11-09,852200
Project 0035,2026-03-24,Prospect,0.15,2025-11-09,852200
Project 0036,2026-08-24,Closed Lost,0.0,2027-07-02,576450
Project 0036,2026-07-24,Closed Lost,0.0,2027-07-02,576450
Project 0036,2026-06-24,Closed Lost,0.0,2027-07-02,576450
Project 0036,2026-05-24,Closed Lost,0.0,2027-07-02,576450
Project 0036,2026-04-24,Closed Lost,0.0,2027-07-02,576450
Project 0036,2026-03-24,Closed Lost,0.0,2027-07-02,576450
Project 0037,2026-08-24,Closed Won,1.0,2026-06-11,643500
Project 0037,2026-07-24,Closed Won,1.0,2026-06-11,643500
Project 0037,2026-06-24,Closed Won,1.0,2026-06-11,643500
Project 0037,2026-05-24,Closed Won,1.0,2026-06-11,643500
Project 0037,2026-04-24,Closed Won,1.0,2026-06-11,643500
Project 0037,2026-03-24,Closed Won,1.0,2026-06-11,643500
Project 0038,2026-08-24,Closed Won,1.0,2025-04-18,508650
Project 0038,2026-07-24,Closed Won,1.0,2025-04-18,508650
Project 0038,2026-06-24,Closed Won,1.0,2025-04-18,508650
Project 0038,2026-05-24,Closed Won,1.0,2025-04-18,508650
Project 0038,2026-04-24,Closed Won,1.0,2025-04-18,508650
Project 0038,2026-03-24,Closed Won,1.0,2025-04-18,508650
Project 0039,2026-08-24,In Delivery,0.75,2026-10-10,113250
Project 0039,2026-07-24,In Delivery,0.75,2026-10-10,113250
Project 0039,2026-06-24,In Delivery,0.75,2026-10-10,113250
Project 0039,2026-05-24,In Delivery,0.75,2026-10-10,113250
Project 0039,2026-04-24,In Delivery,0.75,2026-10-10,113250
Project 0039,2026-03-24,In Delivery,0.75,2026-10-10,113250
Project 0040,2026-08-24,Qualified,0.35,2026-12-07,926600
Project 0040,2026-07-24,Qualified,0.35,2026-12-07,926600
Project 0040,2026-06-24,Qualified,0.35,2026-12-07,926600
Project 0040,2026-05-24,Qualified,0.35,2026-12-07,926600
Project 0040,2026-04-24,Qualified,0.35,2026-12-07,926600
Project 0040,2026-03-24,Qualified,0.35,2026-12-07,926600
Project 0041,2026-08-24,Prospect,0.15,2025-10-19,1642550
Project 0041,2026-07-24,Prospect,0.15,2025-10-19,1642550
Project 0041,2026-06-24,Prospect,0.15,2025-10-19,1642550
Project 0041,2026-05-24,Prospect,0.15,2025-10-19,1642550
Project 0041,2026-04-24,Prospect,0.15,2025-10-19,1642550
Project 0041,2026-03-24,Prospect,0.15,2025-10-19,1642550
Project 0042,2026-08-24,Qualified,0.35,2025-08-01,880500
Project 0042,2026-07-24,Qualified,0.35,2025-08-01,880500
Project 0042,2026-06-24,Qualified,0.35,2025-08-01,880500
Project 0042,2026-05-24,Qualified,0.35,2025-08-01,880500
Project 0042,2026-04-24,Qualified,0.35,2025-08-01,880500
Project 0042,2026-03-24,Qualified,0.35,2025-08-01,880500
Project 0043,2026-08-24,Closed Lost,0.0,2026-02-09,304800
Project 0043,2026-07-24,Closed Lost,0.0,2026-02-09,304800
Project 0043,2026-06-24,Closed Lost,0.0,2026-02-09,304800
Project 0043,2026-05-24,Closed Lost,0.0,2026-02-09,304800
Project 0043,2026-04-24,Closed Lost,0.0,2026-02-09,304800
Project 0043,2026-03-24,Closed Lost,0.0,2026-02-09,304800
Project 0044,2026-08-24,In Delivery,0.75,2025-12-21,173850
Project 0044,2026-07-24,In Delivery,0.75,2025-12-21,173850
Project 0044,2026-06-24,In Delivery,0.75,2025-12-21,173850
Project 0044,2026-05-24,In Delivery,0.75,2025-12-21,173850
Project 0044,2026-04-24,In Delivery,0.75,2025-12-21,173850
Project 0044,2026-03-24,In Delivery,0.75,2025-12-21,173850
Project 0045,2026-08-24,Closed Won,1.0,2026-08-22,64800
Project 0045,2026-07-24,Closed Won,1.0,2026-08-22,64800
Project 0045,2026-06-24,Closed Won,1.0,2026-08-22,64800
Project 0045,2026-05-24,Closed Won,1.0,2026-08-22,64800
Project 0045,2026-04-24,Closed Won,1.0,2026-08-22,64800
Project 0045,2026-03-24,Closed Won,1.0,2026-08-22,64800
Project 0046,2026-08-24,Closed Won,1.0,2025-12-11,441000
Project 0046,2026-07-24,Closed Won,1.0,2025-12-11,441000
Project 0046,2026-06-24,Closed Won,1.0,2025-12-11,441000
Project 0046,2026-05-24,Closed Won,1.0,2025-12-11,441000
Project 0046,2026-04-24,Closed Won,1.0,2025-12-11,441000
Project 0046,2026-03-24,Closed Won,1.0,2025-12-11,441000
Project 0047,2026-08-24,Closed Lost,0.0,2027-01-26,468650
Project 0047,2026-07-24,Closed Lost,0.0,2027-01-26,468650
Project 0047,2026-06-24,Closed Lost,0.0,2027-01-26,468650
Project 0047,2026-05-24,Closed Lost,0.0,2027-01-26,468650
Project 0047,2026-04-24,Closed Lost,0.0,2027-01-26,468650
Project 0047,2026-03-24,Closed Lost,0.0,2027-01-26,468650
Project 0048,2026-08-24,In Delivery,0.75,2025-09-12,192250
Project 0048,2026-07-24,In Delivery,0.75,2025-09-12,192250
Project 0048,2026-06-24,In Delivery,0.75,2025-09-12,192250
Project 0048,2026-05-24,In Delivery,0.75,2025-09-12,192250
Project 0048,2026-04-24,In Delivery,0.75,2025-09-12,192250
Project 0048,2026-03-24,In Delivery,0.75,2025-09-12,192250
Project 0049,2026-08-24,Closed Lost,0.0,2026-03-20,802250
Project 0049,2026-07-24,Closed Lost,0.0,2026-03-20,802250
Project 0049,2026-06-24,Closed Lost,0.0,2026-03-20,802250
Project 0049,2026-05-24,Closed Lost,0.0,2026-03-20,802250
Project 0049,2026-04-24,Closed Lost,0.0,2026-03-20,802250
Project 0049,2026-03-24,Closed Lost,0.0,2026-03-20,802250
Project 0050,2026-08-24,Closed Won,1.0,2025-09-23,601200
Project 0050,2026-07-24,Closed Won,1.0,2025-09-23,601200
Project 0050,2026-06-24,Closed Won,1.0,2025-09-23,601200
Project 0050,2026-05-24,Closed Won,1.0,2025-09-23,601200
Project 0050,2026-04-24,Closed Won,1.0,2025-09-23,601200
Project 0050,2026-03-24,Closed Won,1.0,2025-09-23,601200
Project 0051,2026-08-24,Prospect,0.15,2027-06-24,1515850
Project 0051,2026-07-24,Prospect,0.15,2027-06-24,1515850
Project 0051,2026-06-24,Prospect,0.15,2027-06-24,1515850
Project 0051,2026-05-24,Prospect,0.15,2027-06-24,1515850
Project 0051,2026-04-24,Prospect,0.15,2027-06-24,1515850
Project 0051,2026-03-24,Prospect,0.15,2027-06-24,1515850
Project 0052,2026-08-24,Closed Won,1.0,2026-08-18,409800
Project 0052,2026-07-24,Closed Won,1.0,2026-08-18,409800
Project 0052,2026-06-24,Closed Won,1.0,2026-08-18,409800
Project 0052,2026-05-24,Closed Won,1.0,2026-08-18,409800
Project 0052,2026-04-24,Closed Won,1.0,2026-08-18,409800
Project 0052,2026-03-24,Closed Won,1.0,2026-08-18,409800
Project 0053,2026-08-24,Prospect,0.15,2025-10-03,787200
Project 0053,2026-07-24,Prospect,0.15,2025-10-03,787200
Project 0053,2026-06-24,Prospect,0.15,2025-10-03,787200
Project 0053,2026-05-24,Prospect,0.15,2025-10-03,787200
Project 0053,2026-04-24,Prospect,0.15,2025-10-03,787200
Project 0053,2026-03-24,Prospect,0.15,2025-10-03,787200
Project 0054,2026-08-24,Closed Won,1.0,2026-12-09,383000
Project 0054,2026-07-24,Closed Won,1.0,2026-12-09,383000
Project 0054,2026-06-24,Closed Won,1.0,2026-12-09,383000
Project 0054,2026-05-24,Closed Won,1.0,2026-12-09,383000
Project 0054,2026-04-24,Closed Won,1.0,2026-12-09,383000
Project 0054,2026-03-24,Closed Won,1.0,2026-12-09,383000
Project 0055,2026-08-24,Qualified,0.35,2025-12-24,61200
Project 0055,2026-07-24,Qualified,0.35,2025-12-24,61200
Project 0055,2026-06-24,Qualified,0.35,2025-12-24,61200
Project 0055,2026-05-24,Qualified,0.35,2025-12-24,61200
Project 0055,2026-04-24,Qualified,0.35,2025-12-24,61200
Project 0055,2026-03-24,Qualified,0.35,2025-12-24,61200
Project 0056,2026-08-24,Prospect,0.15,2025-05-11,912800
Project 0056,2026-07-24,Prospect,0.15,2025-05-11,912800
Project 0056,2026-06-24,Prospect,0.15,2025-05-11,912800
Project 0056,2026-05-24,Prospect,0.15,2025-05-11,912800
Project 0056,2026-04-24,Prospect,0.15,2025-05-11,912800
Project 0056,2026-03-24,Prospect,0.15,2025-05-11,912800
Project 0057,2026-08-24,Closed Won,1.0,2025-04-25,257500
Project 0057,2026-07-24,Closed Won,1.0,2025-04-25,257500
Project 0057,2026-06-24,Closed Won,1.0,2025-04-25,257500
Project 0057,2026-05-24,Closed Won,1.0,2025-04-25,257500
Project 0057,2026-04-24,Closed Won,1.0,2025-04-25,257500
Project 0057,2026-03-24,Closed Won,1.0,2025-04-25,257500
Project 0058,2026-08-24,Prospect,0.15,2026-10-25,126400
Project 0058,2026-07-24,Prospect,0.15,2026-10-25,126400
Project 0058,2026-06-24,Prospect,0.15,2026-10-25,126400
Project 0058,2026-05-24,Prospect,0.15,2026-10-25,126400
Project 0058,2026-04-24,Prospect,0.15,2026-10-25,126400
Project 0058,2026-03-24,Prospect,0.15,2026-10-25,126400
Project 0059,2026-08-24,Prospect,0.15,2026-08-14,1219600
Project 0059,2026-07-24,Prospect,0.15,2026-08-14,1219600
Project 0059,2026-06-24,Prospect,0.15,2026-08-14,1219600
Project 0059,2026-05-24,Prospect,0.15,2026-08-14,1219600
Project 0059,2026-04-24,Prospect,0.15,2026-08-14,1219600
Project 0059,2026-03-24,Prospect,0.15,2026-08-14,1219600
Project 0060,2026-08-24,Qualified,0.35,2025-01-26,1240050
Project 0060,2026-07-24,Qualified,0.35,2025-01-26,1240050
Project 0060,2026-06-24,Qualified,0.35,2025-01-26,1240050
Project 0060,2026-05-24,Qualified,0.35,2025-01-26,1240050
Project 0060,2026-04-24,Qualified,0.35,2025-01-26,1240050
Project 0060,2026-03-24,Qualified,0.35,2025-01-26,1240050
Project 0061,2026-08-24,Qualified,0.35,2025-04-01,669400
Project 0061,2026-07-24,Qualified,0.35,2025-04-01,669400
Project 0061,2026-06-24,Qualified,0.35,2025-04-01,669400
Project 0061,2026-05-24,Qualified,0.35,2025-04-01,669400
Project 0061,2026-04-24,Qualified,0.35,2025-04-01,669400
Project 0061,2026-03-24,Qualified,0.35,2025-04-01,669400
Project 0062,2026-08-24,Prospect,0.15,2027-03-16,497700
Project 0062,2026-07-24,Prospect,0.15,2027-03-16,497700
Project 0062,2026-06-24,Prospect,0.15,2027-03-16,497700
Project 0062,2026-05-24,Prospect,0.15,2027-03-16,497700
Project 0062,2026-04-24,Prospect,0.15,2027-03-16,497700
Project 0062,2026-03-24,Prospect,0.15,2027-03-16,497700
Project 0063,2026-08-24,In Delivery,0.75,2025-09-25,493000
Project 0063,2026-07-24,In Delivery,0.75,2025-09-25,493000
Project 0063,2026-06-24,In Delivery,0.75,2025-09-25,493000
Project 0063,2026-05-24,In Delivery,0.75,2025-09-25,493000
Project 0063,2026-04-24,In Delivery,0.75,2025-09-25,493000
Project 0063,2026-03-24,In Delivery,0.75,2025-09-25,493000
Project 0064,2026-08-24,In Delivery,0.75,2026-01-20,930400
Project 0064,2026-07-24,In Delivery,0.75,2026-01-20,930400
Project 0064,2026-06-24,In Delivery,0.75,2026-01-20,930400
Project 0064,2026-05-24,In Delivery,0.75,2026-01-20,930400
Project 0064,2026-04-24,In Delivery,0.75,2026-01-20,930400
Project 0064,2026-03-24,In Delivery,0.75,2026-01-20,930400
Project 0065,2026-08-24,Qualified,0.35,2025-11-06,786000
Project 0065,2026-07-24,Qualified,0.35,2025-11-06,786000
Project 0065,2026-06-24,Qualified,0.35,2025-11-06,786000
Project 0065,2026-05-24,Qualified,0.35,2025-11-06,786000
Project 0065,2026-04-24,Qualified,0.35,2025-11-06,786000
Project 0065,2026-03-24,Qualified,0.35,2025-11-06,786000
Project 0066,2026-08-24,Prospect,0.15,2025-11-20,607800
Project 0066,2026-07-24,Prospect,0.15,2025-11-20,607800
Project 0066,2026-06-24,Prospect,0.15,2025-11-20,607800
Project 0066,2026-05-24,Prospect,0.15,2025-11-20,607800
Project 0066,2026-04-24,Prospect,0.15,2025-11-20,607800
Project 0066,2026-03-24,Prospect,0.15,2025-11-20,607800
Project 0067,2026-08-24,In Delivery,0.75,2025-03-12,265200
Project 0067,2026-07-24,In Delivery,0.75,2025-03-12,265200
Project 0067,2026-06-24,In Delivery,0.75,2025-03-12,265200
Project 0067,2026-05-24,In Delivery,0.75,2025-03-12,265200
Project 0067,2026-04-24,In Delivery,0.75,2025-03-12,265200
Project 0067,2026-03-24,In Delivery,0.75,2025-03-12,265200
Project 0068,2026-08-24,Closed Won,1.0,2026-01-25,1028250
Project 0068,2026-07-24,Closed Won,1.0,2026-01-25,1028250
Project 0068,2026-06-24,Closed Won,1.0,2026-01-25,1028250
Project 0068,2026-05-24,Closed Won,1.0,2026-01-25,1028250
Project 0068,2026-04-24,Closed Won,1.0,2026-01-25,1028250
Project 0068,2026-03-24,Closed Won,1.0,2026-01-25,1028250
Project 0069,2026-08-24,Qualified,0.35,2027-04-21,549200
Project 0069,2026-07-24,Qualified,0.35,2027-04-21,549200
Project 0069,2026-06-24,Qualified,0.35,2027-04-21,549200
Project 0069,2026-05-24,Qualified,0.35,2027-04-21,549200
Project 0069,2026-04-24,Qualified,0.35,2027-04-21,549200
Project 0069,2026-03-24,Qualified,0.35,2027-04-21,549200
Project 0070,2026-08-24,Qualified,0.35,2025-12-24,730000
Project 0070,2026-07-24,Qualified,0.35,2025-12-24,730000
Project 0070,2026-06-24,Qualified,0.35,2025-12-24,730000
Project 0070,2026-05-24,Qualified,0.35,2025-12-24,730000
Project 0070,2026-04-24,Qualified,0.35,2025-12-24,730000
Project 0070,2026-03-24,Qualified,0.35,2025-12-24,730000
Project 0071,2026-08-24,In Delivery,0.75,2026-04-10,429000
Project 0071,2026-07-24,In Delivery,0.75,2026-04-10,429000
Project 0071,2026-06-24,In Delivery,0.75,2026-04-10,429000
Project 0071,2026-05-24,In Delivery,0.75,2026-04-10,429000
Project 0071,2026-04-24,In Delivery,0.75,2026-04-10,429000
Project 0071,2026-03-24,In Delivery,0.75,2026-04-10,429000
Project 0072,2026-08-24,Qualified,0.35,2026-01-31,1282750
Project 0072,2026-07-24,Qualified,0.35,2026-01-31,1282750
Project 0072,2026-06-24,Qualified,0.35,2026-01-31,1282750
Project 0072,2026-05-24,Qualified,0.35,2026-01-31,1282750
Project 0072,2026-04-24,Qualified,0.35,2026-01-31,1282750
Project 0072,2026-03-24,Qualified,0.35,2026-01-31,1282750
Project 0073,2026-08-24,Closed Won,1.0,2026-12-18,354200
Project 0073,2026-07-24,Closed Won,1.0,2026-12-18,354200
Project 0073,2026-06-24,Closed Won,1.0,2026-12-18,354200
Project 0073,2026-05-24,Closed Won,1.0,2026-12-18,354200
Project 0073,2026-04-24,Closed Won,1.0,2026-12-18,354200
Project 0073,2026-03-24,Closed Won,1.0,2026-12-18,354200
Project 0074,2026-08-24,In Delivery,0.75,2024-12-10,607650
Project 0074,2026-07-24,In Delivery,0.75,2024-12-10,607650
Project 0074,2026-06-24,In Delivery,0.75,2024-12-10,607650
Project 0074,2026-05-24,In Delivery,0.75,2024-12-10,607650
Project 0074,2026-04-24,In Delivery,0.75,2024-12-10,607650
Project 0074,2026-03-24,In Delivery,0.75,2024-12-10,607650
Project 0075,2026-08-24,Qualified,0.35,2025-10-09,1660800
Project 0075,2026-07-24,Qualified,0.35,2025-10-09,1660800
Project 0075,2026-06-24,Qualified,0.35,2025-10-09,1660800
Project 0075,2026-05-24,Qualified,0.35,2025-10-09,1660800
Project 0075,2026-04-24,Qualified,0.35,2025-10-09,1660800
Project 0075,2026-03-24,Qualified,0.35,2025-10-09,1660800
Project 0076,2026-08-24,Closed Won,1.0,2026-05-19,208250
Project 0076,2026-07-24,Closed Won,1.0,2026-05-19,208250
Project 0076,2026-06-24,Closed Won,1.0,2026-05-19,208250
Project 0076,2026-05-24,Closed Won,1.0,2026-05-19,208250
Project 0076,2026-04-24,Closed Won,1.0,2026-05-19,208250
Project 0076,2026-03-24,Closed Won,1.0,2026-05-19,208250
Project 0077,2026-08-24,Closed Lost,0.0,2025-10-26,894600
Project 0077,2026-07-24,Closed Lost,0.0,2025-10-26,894600
Project 0077,2026-06-24,Closed Lost,0.0,2025-10-26,894600
Project 0077,2026-05-24,Closed Lost,0.0,2025-10-26,894600
Project 0077,2026-04-24,Closed Lost,0.0,2025-10-26,894600
Project 0077,2026-03-24,Closed Lost,0.0,2025-10-26,894600
Project 0078,2026-08-24,In Delivery,0.75,2025-08-18,1098300
Project 0078,2026-07-24,In Delivery,0.75,2025-08-18,1098300
Project 0078,2026-06-24,In Delivery,0.75,2025-08-18,1098300
Project 0078,2026-05-24,In Delivery,0.75,2025-08-18,1098300
Project 0078,2026-04-24,In Delivery,0.75,2025-08-18,1098300
Project 0078,2026-03-24,In Delivery,0.75,2025-08-18,1098300
Project 0079,2026-08-24,Prospect,0.15,2026-07-14,1272800
Project 0079,2026-07-24,Prospect,0.15,2026-07-14,1272800
Project 0079,2026-06-24,Prospect,0.15,2026-07-14,1272800
Project 0079,2026-05-24,Prospect,0.15,2026-07-14,1272800
Project 0079,2026-04-24,Prospect,0.15,2026-07-14,1272800
Project 0079,2026-03-24,Prospect,0.15,2026-07-14,1272800
Project 0080,2026-08-24,Closed Won,1.0,2025-08-30,1132500
Project 0080,2026-07-24,Closed Won,1.0,2025-08-30,1132500
Project 0080,2026-06-24,Closed Won,1.0,2025-08-30,1132500
Project 0080,2026-05-24,Closed Won,1.0,2025-08-30,1132500
Project 0080,2026-04-24,Closed Won,1.0,2025-08-30,1132500
Project 0080,2026-03-24,Closed Won,1.0,2025-08-30,1132500
Project 0081,2026-08-24,Closed Won,1.0,2026-09-30,410850
Project 0081,2026-07-24,Closed Won,1.0,2026-09-30,410850
Project 0081,2026-06-24,Closed Won,1.0,2026-09-30,410850
Project 0081,2026-05-24,Closed Won,1.0,2026-09-30,410850
Project 0081,2026-04-24,Closed Won,1.0,2026-09-30,410850
Project 0081,2026-03-24,Closed Won,1.0,2026-09-30,410850
Project 0082,2026-08-24,Closed Won,1.0,2025-08-09,798250
Project 0082,2026-07-24,Closed Won,1.0,2025-08-09,798250
Project 0082,2026-06-24,Closed Won,1.0,2025-08-09,798250
Project 0082,2026-05-24,Closed Won,1.0,2025-08-09,798250
Project 0082,2026-04-24,Closed Won,1.0,2025-08-09,798250
Project 0082,2026-03-24,Closed Won,1.0,2025-08-09,798250
Project 0083,2026-08-24,Prospect,0.15,2026-04-09,905100
Project 0083,2026-07-24,Prospect,0.15,2026-04-09,905100
Project 0083,2026-06-24,Prospect,0.15,2026-04-09,905100
Project 0083,2026-05-24,Prospect,0.15,2026-04-09,905100
Project 0083,2026-04-24,Prospect,0.15,2026-04-09,905100
Project 0083,2026-03-24,Prospect,0.15,2026-04-09,905100
Project 0084,2026-08-24,In Delivery,0.75,2026-11-15,810800
Project 0084,2026-07-24,In Delivery,0.75,2026-11-15,810800
Project 0084,2026-06-24,In Delivery,0.75,2026-11-15,810800
Project 0084,2026-05-24,In Delivery,0.75,2026-11-15,810800
Project 0084,2026-04-24,In Delivery,0.75,2026-11-15,810800
Project 0084,2026-03-24,In Delivery,0.75,2026-11-15,810800
Project 0085,2026-08-24,Closed Won,1.0,2025-06-18,182600
Project 0085,2026-07-24,Closed Won,1.0,2025-06-18,182600
Project 0085,2026-06-24,Closed Won,1.0,2025-06-18,182600
Project 0085,2026-05-24,Closed Won,1.0,2025-06-18,182600
Project 0085,2026-04-24,Closed Won,1.0,2025-06-18,182600
Project 0085,2026-03-24,Closed Won,1.0,2025-06-18,182600
Project 0086,2026-08-24,Prospect,0.15,2027-01-21,577200
Project 0086,2026-07-24,Prospect,0.15,2027-01-21,577200
Project 0086,2026-06-24,Prospect,0.15,2027-01-21,577200
Project 0086,2026-05-24,Prospect,0.15,2027-01-21,577200
Project 0086,2026-04-24,Prospect,0.15,2027-01-21,577200
Project 0086,2026-03-24,Prospect,0.15,2027-01-21,577200
Project 0087,2026-08-24,Closed Won,1.0,2026-04-09,323700
Project 0087,2026-07-24,Closed Won,1.0,2026-04-09,323700
Project 0087,2026-06-24,Closed Won,1.0,2026-04-09,323700
Project 0087,2026-05-24,Closed Won,1.0,2026-04-09,323700
Project 0087,2026-04-24,Closed Won,1.0,2026-04-09,323700
Project 0087,2026-03-24,Closed Won,1.0,2026-04-09,323700
Project 0088,2026-08-24,Prospect,0.15,2026-11-09,451200
Project 0088,2026-07-24,Prospect,0.15,2026-11-09,451200
Project 0088,2026-06-24,Prospect,0.15,2026-11-09,451200
Project 0088,2026-05-24,Prospect,0.15,2026-11-09,451200
Project 0088,2026-04-24,Prospect,0.15,2026-11-09,451200
Project 0088,2026-03-24,Prospect,0.15,2026-11-09,451200
Project 0089,2026-08-24,Closed Lost,0.0,2027-03-05,718200
Project 0089,2026-07-24,Closed Lost,0.0,2027-03-05,718200
Project 0089,2026-06-24,Closed Lost,0.0,2027-03-05,718200
Project 0089,2026-05-24,Closed Lost,0.0,2027-03-05,718200
Project 0089,2026-04-24,Closed Lost,0.0,2027-03-05,718200
Project 0089,2026-03-24,Closed Lost,0.0,2027-03-05,718200
Project 0090,2026-08-24,Qualified,0.35,2027-04-27,742400
Project 0090,2026-07-24,Qualified,0.35,2027-04-27,742400
Project 0090,2026-06-24,Qualified,0.35,2027-04-27,742400
Project 0090,2026-05-24,Qualified,0.35,2027-04-27,742400
Project 0090,2026-04-24,Qualified,0.35,2027-04-27,742400
Project 0090,2026-03-24,Qualified,0.35,2027-04-27,742400
Project 0091,2026-08-24,Qualified,0.35,2025-12-20,1324400
Project 0091,2026-07-24,Qualified,0.35,2025-12-20,1324400
Project 0091,2026-06-24,Qualified,0.35,2025-12-20,1324400
Project 0091,2026-05-24,Qualified,0.35,2025-12-20,1324400
Project 0091,2026-04-24,Qualified,0.35,2025-12-20,1324400
Project 0091,2026-03-24,Qualified,0.35,2025-12-20,1324400
Project 0092,2026-08-24,Prospect,0.15,2026-02-13,621200
Project 0092,2026-07-24,Prospect,0.15,2026-02-13,621200
Project 0092,2026-06-24,Prospect,0.15,2026-02-13,621200
Project 0092,2026-05-24,Prospect,0.15,2026-02-13,621200
Project 0092,2026-04-24,Prospect,0.15,2026-02-13,621200
Project 0092,2026-03-24,Prospect,0.15,2026-02-13,621200
Project 0093,2026-08-24,Prospect,0.15,2026-06-07,877000
Project 0093,2026-07-24,Prospect,0.15,2026-06-07,877000
Project 0093,2026-06-24,Prospect,0.15,2026-06-07,877000
Project 0093,2026-05-24,Prospect,0.15,2026-06-07,877000
Project 0093,2026-04-24,Prospect,0.15,2026-06-07,877000
Project 0093,2026-03-24,Prospect,0.15,2026-06-07,877000
Project 0094,2026-08-24,Closed Lost,0.0,2025-10-31,993750
Project 0094,2026-07-24,Closed Lost,0.0,2025-10-31,993750
Project 0094,2026-06-24,Closed Lost,0.0,2025-10-31,993750
Project 0094,2026-05-24,Closed Lost,0.0,2025-10-31,993750
Project 0094,2026-04-24,Closed Lost,0.0,2025-10-31,993750
Project 0094,2026-03-24,Closed Lost,0.0,2025-10-31,993750
Project 0095,2026-08-24,Qualified,0.35,2025-05-18,812400
Project 0095,2026-07-24,Qualified,0.35,2025-05-18,812400
Project 0095,2026-06-24,Qualified,0.35,2025-05-18,812400
Project 0095,2026-05-24,Qualified,0.35,2025-05-18,812400
Project 0095,2026-04-24,Qualified,0.35,2025-05-18,812400
Project 0095,2026-03-24,Qualified,0.35,2025-05-18,812400
Project 0096,2026-08-24,Qualified,0.35,2025-08-09,305700
Project 0096,2026-07-24,Qualified,0.35,2025-08-09,305700
Project 0096,2026-06-24,Qualified,0.35,2025-08-09,305700
Project 0096,2026-05-24,Qualified,0.35,2025-08-09,305700
Project 0096,2026-04-24,Qualified,0.35,2025-08-09,305700
Project 0096,2026-03-24,Qualified,0.35,2025-08-09,305700
Project 0097,2026-08-24,Closed Won,1.0,2025-12-18,182250
Project 0097,2026-07-24,Closed Won,1.0,2025-12-18,182250
Project 0097,2026-06-24,Closed Won,1.0,2025-12-18,182250
Project 0097,2026-05-24,Closed Won,1.0,2025-12-18,182250
Project 0097,2026-04-24,Closed Won,1.0,2025-12-18,182250
Project 0097,2026-03-24,Closed Won,1.0,2025-12-18,182250
Project 0098,2026-08-24,Prospect,0.15,2025-03-11,653700
Project 0098,2026-07-24,Prospect,0.15,2025-03-11,653700
Project 0098,2026-06-24,Prospect,0.15,2025-03-11,653700
Project 0098,2026-05-24,Prospect,0.15,2025-03-11,653700
Project 0098,2026-04-24,Prospect,0.15,2025-03-11,653700
Project 0098,2026-03-24,Prospect,0.15,2025-03-11,653700
Project 0099,2026-08-24,Qualified,0.35,2025-03-26,1443900
Project 0099,2026-07-24,Qualified,0.35,2025-03-26,1443900
Project 0099,2026-06-24,Qualified,0.35,2025-03-26,1443900
Project 0099,2026-05-24,Qualified,0.35,2025-03-26,1443900
Project 0099,2026-04-24,Qualified,0.35,2025-03-26,1443900
Project 0099,2026-03-24,Qualified,0.35,2025-03-26,1443900
Project 0100,2026-08-24,In Delivery,0.75,2025-01-30,1342600
Project 0100,2026-07-24,In Delivery,0.75,2025-01-30,1342600
Project 0100,2026-06-24,In Delivery,0.75,2025-01-30,1342600
Project 0100,2026-05-24,In Delivery,0.75,2025-01-30,1342600
Project 0100,2026-04-24,In Delivery,0.75,2025-01-30,1342600
Project 0100,2026-03-24,In Delivery,0.75,2025-01-30,1342600
Project 0101,2026-08-24,In Delivery,0.75,2025-06-30,562000
Project 0101,2026-07-24,In Delivery,0.75,2025-06-30,562000
Project 0101,2026-06-24,In Delivery,0.75,2025-06-30,562000
Project 0101,2026-05-24,In Delivery,0.75,2025-06-30,562000
Project 0101,2026-04-24,In Delivery,0.75,2025-06-30,562000
Project 0101,2026-03-24,In Delivery,0.75,2025-06-30,562000
Project 0102,2026-08-24,Closed Won,1.0,2026-02-12,956600
Project 0102,2026-07-24,Closed Won,1.0,2026-02-12,956600
Project 0102,2026-06-24,Closed Won,1.0,2026-02-12,956600
Project 0102,2026-05-24,Closed Won,1.0,2026-02-12,956600
Project 0102,2026-04-24,Closed Won,1.0,2026-02-12,956600
Project 0102,2026-03-24,Closed Won,1.0,2026-02-12,956600
Project 0103,2026-08-24,In Delivery,0.75,2027-03-13,349200
Project 0103,2026-07-24,In Delivery,0.75,2027-03-13,349200
Project 0103,2026-06-24,In Delivery,0.75,2027-03-13,349200
Project 0103,2026-05-24,In Delivery,0.75,2027-03-13,349200
Project 0103,2026-04-24,In Delivery,0.75,2027-03-13,349200
Project 0103,2026-03-24,In Delivery,0.75,2027-03-13,349200
Project 0104,2026-08-24,In Delivery,0.75,2026-01-07,235200
Project 0104,2026-07-24,In Delivery,0.75,2026-01-07,235200
Project 0104,2026-06-24,In Delivery,0.75,2026-01-07,235200
Project 0104,2026-05-24,In Delivery,0.75,2026-01-07,235200
Project 0104,2026-04-24,In Delivery,0.75,2026-01-07,235200
Project 0104,2026-03-24,In Delivery,0.75,2026-01-07,235200
Project 0105,2026-08-24,Closed Won,1.0,2026-11-20,836200
Project 0105,2026-07-24,Closed Won,1.0,2026-11-20,836200
Project 0105,2026-06-24,Closed Won,1.0,2026-11-20,836200
Project 0105,2026-05-24,Closed Won,1.0,2026-11-20,836200
Project 0105,2026-04-24,Closed Won,1.0,2026-11-20,836200
Project 0105,2026-03-24,Closed Won,1.0,2026-11-20,836200
Project 0106,2026-08-24,Qualified,0.35,2026-04-20,389500
Project 0106,2026-07-24,Qualified,0.35,2026-04-20,389500
Project 0106,2026-06-24,Qualified,0.35,2026-04-20,389500
Project 0106,2026-05-24,Qualified,0.35,2026-04-20,389500
Project 0106,2026-04-24,Qualified,0.35,2026-04-20,389500
Project 0106,2026-03-24,Qualified,0.35,2026-04-20,389500
Project 0107,2026-08-24,Closed Won,1.0,2025-06-28,967400
Project 0107,2026-07-24,Closed Won,1.0,2025-06-28,967400
Project 0107,2026-06-24,Closed Won,1.0,2025-06-28,967400
Project 0107,2026-05-24,Closed Won,1.0,2025-06-28,967400
Project 0107,2026-04-24,Closed Won,1.0,2025-06-28,967400
Project 0107,2026-03-24,Closed Won,1.0,2025-06-28,967400
Project 0108,2026-08-24,Prospect,0.15,2025-08-10,734400
Project 0108,2026-07-24,Prospect,0.15,2025-08-10,734400
Project 0108,2026-06-24,Prospect,0.15,2025-08-10,734400
Project 0108,2026-05-24,Prospect,0.15,2025-08-10,734400
Project 0108,2026-04-24,Prospect,0.15,2025-08-10,734400
Project 0108,2026-03-24,Prospect,0.15,2025-08-10,734400
Project 0109,2026-08-24,In Delivery,0.75,2027-05-08,1800000
Project 0109,2026-07-24,In Delivery,0.75,2027-05-08,1800000
Project 0109,2026-06-24,In Delivery,0.75,2027-05-08,1800000
Project 0109,2026-05-24,In Delivery,0.75,2027-05-08,1800000
Project 0109,2026-04-24,In Delivery,0.75,2027-05-08,1800000
Project 0109,2026-03-24,In Delivery,0.75,2027-05-08,1800000
Project 0110,2026-08-24,In Delivery,0.75,2026-04-30,1093500
Project 0110,2026-07-24,In Delivery,0.75,2026-04-30,1093500
Project 0110,2026-06-24,In Delivery,0.75,2026-04-30,1093500
Project 0110,2026-05-24,In Delivery,0.75,2026-04-30,1093500
Project 0110,2026-04-24,In Delivery,0.75,2026-04-30,1093500
Project 0110,2026-03-24,In Delivery,0.75,2026-04-30,1093500
Project 0111,2026-08-24,Closed Won,1.0,2025-02-19,303100
Project 0111,2026-07-24,Closed Won,1.0,2025-02-19,303100
Project 0111,2026-06-24,Closed Won,1.0,2025-02-19,303100
Project 0111,2026-05-24,Closed Won,1.0,2025-02-19,303100
Project 0111,2026-04-24,Closed Won,1.0,2025-02-19,303100
Project 0111,2026-03-24,Closed Won,1.0,2025-02-19,303100
Project 0112,2026-08-24,Closed Won,1.0,2025-05-08,979800
Project 0112,2026-07-24,Closed Won,1.0,2025-05-08,979800
Project 0112,2026-06-24,Closed Won,1.0,2025-05-08,979800
Project 0112,2026-05-24,Closed Won,1.0,2025-05-08,979800
Project 0112,2026-04-24,Closed Won,1.0,2025-05-08,979800
Project 0112,2026-03-24,Closed Won,1.0,2025-05-08,979800
Project 0113,2026-08-24,Qualified,0.35,2027-03-12,663400
Project 0113,2026-07-24,Qualified,0.35,2027-03-12,663400
Project 0113,2026-06-24,Qualified,0.35,2027-03-12,663400
Project 0113,2026-05-24,Qualified,0.35,2027-03-12,663400
Project 0113,2026-04-24,Qualified,0.35,2027-03-12,663400
Project 0113,2026-03-24,Qualified,0.35,2027-03-12,663400
Project 0114,2026-08-24,Prospect,0.15,2026-11-17,374400
Project 0114,2026-07-24,Prospect,0.15,2026-11-17,374400
Project 0114,2026-06-24,Prospect,0.15,2026-11-17,374400
Project 0114,2026-05-24,Prospect,0.15,2026-11-17,374400
Project 0114,2026-04-24,Prospect,0.15,2026-11-17,374400
Project 0114,2026-03-24,Prospect,0.15,2026-11-17,374400
Project 0115,2026-08-24,Prospect,0.15,2025-12-16,1520050
Project 0115,2026-07-24,Prospect,0.15,2025-12-16,1520050
Project 0115,2026-06-24,Prospect,0.15,2025-12-16,1520050
Project 0115,2026-05-24,Prospect,0.15,2025-12-16,1520050
Project 0115,2026-04-24,Prospect,0.15,2025-12-16,1520050
Project 0115,2026-03-24,Prospect,0.15,2025-12-16,1520050
Project 0116,2026-08-24,Prospect,0.15,2025-03-10,442800
Project 0116,2026-07-24,Prospect,0.15,2025-03-10,442800
Project 0116,2026-06-24,Prospect,0.15,2025-03-10,442800
Project 0116,2026-05-24,Prospect,0.15,2025-03-10,442800
Project 0116,2026-04-24,Prospect,0.15,2025-03-10,442800
Project 0116,2026-03-24,Prospect,0.15,2025-03-10,442800
Project 0117,2026-08-24,Qualified,0.35,2026-08-22,1729200
Project 0117,2026-07-24,Qualified,0.35,2026-08-22,1729200
Project 0117,2026-06-24,Qualified,0.35,2026-08-22,1729200
Project 0117,2026-05-24,Qualified,0.35,2026-08-22,1729200
Project 0117,2026-04-24,Qualified,0.35,2026-08-22,1729200
Project 0117,2026-03-24,Qualified,0.35,2026-08-22,1729200
Project 0118,2026-08-24,Qualified,0.35,2026-06-21,738400
Project 0118,2026-07-24,Qualified,0.35,2026-06-21,738400
Project 0118,2026-06-24,Qualified,0.35,2026-06-21,738400
Project 0118,2026-05-24,Qualified,0.35,2026-06-21,738400
Project 0118,2026-04-24,Qualified,0.35,2026-06-21,738400
Project 0118,2026-03-24,Qualified,0.35,2026-06-21,738400
Project 0119,2026-08-24,Qualified,0.35,2025-02-27,315900
Project 0119,2026-07-24,Qualified,0.35,2025-02-27,315900
Project 0119,2026-06-24,Qualified,0.35,2025-02-27,315900
Project 0119,2026-05-24,Qualified,0.35,2025-02-27,315900
Project 0119,2026-04-24,Qualified,0.35,2025-02-27,315900
Project 0119,2026-03-24,Qualified,0.35,2025-02-27,315900
Project 0120,2026-08-24,Qualified,0.35,2025-09-26,97500
Project 0120,2026-07-24,Qualified,0.35,2025-09-26,97500
Project 0120,2026-06-24,Qualified,0.35,2025-09-26,97500
Project 0120,2026-05-24,Qualified,0.35,2025-09-26,97500
Project 0120,2026-04-24,Qualified,0.35,2025-09-26,97500
Project 0120,2026-03-24,Qualified,0.35,2025-09-26,97500
Project 0121,2026-08-24,In Delivery,0.75,2026-11-29,39900
Project 0121,2026-07-24,In Delivery,0.75,2026-11-29,39900
Project 0121,2026-06-24,In Delivery,0.75,2026-11-29,39900
Project 0121,2026-05-24,In Delivery,0.75,2026-11-29,39900
Project 0121,2026-04-24,In Delivery,0.75,2026-11-29,39900
Project 0121,2026-03-24,In Delivery,0.75,2026-11-29,39900
Project 0122,2026-08-24,Closed Won,1.0,2025-04-18,737700
Project 0122,2026-07-24,Closed Won,1.0,2025-04-18,737700
Project 0122,2026-06-24,Closed Won,1.0,2025-04-18,737700
Project 0122,2026-05-24,Closed Won,1.0,2025-04-18,737700
Project 0122,2026-04-24,Closed Won,1.0,2025-04-18,737700
Project 0122,2026-03-24,Closed Won,1.0,2025-04-18,737700
Project 0123,2026-08-24,Qualified,0.35,2026-07-29,490250
Project 0123,2026-07-24,Qualified,0.35,2026-07-29,490250
Project 0123,2026-06-24,Qualified,0.35,2026-07-29,490250
Project 0123,2026-05-24,Qualified,0.35,2026-07-29,490250
Project 0123,2026-04-24,Qualified,0.35,2026-07-29,490250
Project 0123,2026-03-24,Qualified,0.35,2026-07-29,490250
Project 0124,2026-08-24,Prospect,0.15,2025-09-27,773200
Project 0124,2026-07-24,Prospect,0.15,2025-09-27,773200
Project 0124,2026-06-24,Prospect,0.15,2025-09-27,773200
Project 0124,2026-05-24,Prospect,0.15,2025-09-27,773200
Project 0124,2026-04-24,Prospect,0.15,2025-09-27,773200
Project 0124,2026-03-24,Prospect,0.15,2025-09-27,773200
Project 0125,2026-08-24,Prospect,0.15,2026-03-25,389550
Project 0125,2026-07-24,Prospect,0.15,2026-03-25,389550
Project 0125,2026-06-24,Prospect,0.15,2026-03-25,389550
Project 0125,2026-05-24,Prospect,0.15,2026-03-25,389550
Project 0125,2026-04-24,Prospect,0.15,2026-03-25,389550
Project 0125,2026-03-24,Prospect,0.15,2026-03-25,389550
Project 0126,2026-08-24,Closed Lost,0.0,2026-02-17,41000
Project 0126,2026-07-24,Closed Lost,0.0,2026-02-17,41000
Project 0126,2026-06-24,Closed Lost,0.0,2026-02-17,41000
Project 0126,2026-05-24,Closed Lost,0.0,2026-02-17,41000
Project 0126,2026-04-24,Closed Lost,0.0,2026-02-17,41000
Project 0126,2026-03-24,Closed Lost,0.0,2026-02-17,41000
Project 0127,2026-08-24,Closed Won,1.0,2025-08-07,1251200
Project 0127,2026-07-24,Closed Won,1.0,2025-08-07,1251200
Project 0127,2026-06-24,Closed Won,1.0,2025-08-07,1251200
Project 0127,2026-05-24,Closed Won,1.0,2025-08-07,1251200
Project 0127,2026-04-24,Closed Won,1.0,2025-08-07,1251200
Project 0127,2026-03-24,Closed Won,1.0,2025-08-07,1251200
Project 0128,2026-08-24,In Delivery,0.75,2026-04-01,402300
Project 0128,2026-07-24,In Delivery,0.75,2026-04-01,402300
Project 0128,2026-06-24,In Delivery,0.75,2026-04-01,402300
Project 0128,2026-05-24,In Delivery,0.75,2026-04-01,402300
Project 0128,2026-04-24,In Delivery,0.75,2026-04-01,402300
Project 0128,2026-03-24,In Delivery,0.75,2026-04-01,402300
Project 0129,2026-08-24,Closed Won,1.0,2027-02-20,1979600
Project 0129,2026-07-24,Closed Won,1.0,2027-02-20,1979600
Project 0129,2026-06-24,Closed Won,1.0,2027-02-20,1979600
Project 0129,2026-05-24,Closed Won,1.0,2027-02-20,1979600
Project 0129,2026-04-24,Closed Won,1.0,2027-02-20,1979600
Project 0129,2026-03-24,Closed Won,1.0,2027-02-20,1979600
Project 0130,2026-08-24,Qualified,0.35,2025-07-02,73150
Project 0130,2026-07-24,Qualified,0.35,2025-07-02,73150
Project 0130,2026-06-24,Qualified,0.35,2025-07-02,73150
Project 0130,2026-05-24,Qualified,0.35,2025-07-02,73150
Project 0130,2026-04-24,Qualified,0.35,2025-07-02,73150
Project 0130,2026-03-24,Qualified,0.35,2025-07-02,73150
Project 0131,2026-08-24,In Delivery,0.75,2026-03-19,272850
Project 0131,2026-07-24,In Delivery,0.75,2026-03-19,272850
Project 0131,2026-06-24,In Delivery,0.75,2026-03-19,272850
Project 0131,2026-05-24,In Delivery,0.75,2026-03-19,272850
Project 0131,2026-04-24,In Delivery,0.75,2026-03-19,272850
Project 0131,2026-03-24,In Delivery,0.75,2026-03-19,272850
Project 0132,2026-08-24,Prospect,0.15,2025-12-02,1263200
Project 0132,2026-07-24,Prospect,0.15,2025-12-02,1263200
Project 0132,2026-06-24,Prospect,0.15,2025-12-02,1263200
Project 0132,2026-05-24,Prospect,0.15,2025-12-02,1263200
Project 0132,2026-04-24,Prospect,0.15,2025-12-02,1263200
Project 0132,2026-03-24,Prospect,0.15,2025-12-02,1263200
Project 0133,2026-08-24,Closed Won,1.0,2026-04-09,1268100
Project 0133,2026-07-24,Closed Won,1.0,2026-04-09,1268100
Project 0133,2026-06-24,Closed Won,1.0,2026-04-09,1268100
Project 0133,2026-05-24,Closed Won,1.0,2026-04-09,1268100
Project 0133,2026-04-24,Closed Won,1.0,2026-04-09,1268100
Project 0133,2026-03-24,Closed Won,1.0,2026-04-09,1268100
Project 0134,2026-08-24,Prospect,0.15,2025-12-22,1436400
Project 0134,2026-07-24,Prospect,0.15,2025-12-22,1436400
Project 0134,2026-06-24,Prospect,0.15,2025-12-22,1436400
Project 0134,2026-05-24,Prospect,0.15,2025-12-22,1436400
Project 0134,2026-04-24,Prospect,0.15,2025-12-22,1436400
Project 0134,2026-03-24,Prospect,0.15,2025-12-22,1436400
Project 0135,2026-08-24,Closed Won,1.0,2026-10-07,774500
Project 0135,2026-07-24,Closed Won,1.0,2026-10-07,774500
Project 0135,2026-06-24,Closed Won,1.0,2026-10-07,774500
Project 0135,2026-05-24,Closed Won,1.0,2026-10-07,774500
Project 0135,2026-04-24,Closed Won,1.0,2026-10-07,774500
Project 0135,2026-03-24,Closed Won,1.0,2026-10-07,774500
Project 0136,2026-08-24,Closed Won,1.0,2026-10-22,467200
Project 0136,2026-07-24,Closed Won,1.0,2026-10-22,467200
Project 0136,2026-06-24,Closed Won,1.0,2026-10-22,467200
Project 0136,2026-05-24,Closed Won,1.0,2026-10-22,467200
Project 0136,2026-04-24,Closed Won,1.0,2026-10-22,467200
Project 0136,2026-03-24,Closed Won,1.0,2026-10-22,467200
Project 0137,2026-08-24,In Delivery,0.75,2025-05-21,730500
Project 0137,2026-07-24,In Delivery,0.75,2025-05-21,730500
Project 0137,2026-06-24,In Delivery,0.75,2025-05-21,730500
Project 0137,2026-05-24,In Delivery,0.75,2025-05-21,730500
Project 0137,2026-04-24,In Delivery,0.75,2025-05-21,730500
Project 0137,2026-03-24,In Delivery,0.75,2025-05-21,730500
Project 0138,2026-08-24,Qualified,0.35,2025-05-29,768950
Project 0138,2026-07-24,Qualified,0.35,2025-05-29,768950
Project 0138,2026-06-24,Qualified,0.35,2025-05-29,768950
Project 0138,2026-05-24,Qualified,0.35,2025-05-29,768950
Project 0138,2026-04-24,Qualified,0.35,2025-05-29,768950
Project 0138,2026-03-24,Qualified,0.35,2025-05-29,768950
Project 0139,2026-08-24,Prospect,0.15,2025-05-02,706500
Project 0139,2026-07-24,Prospect,0.15,2025-05-02,706500
Project 0139,2026-06-24,Prospect,0.15,2025-05-02,706500
Project 0139,2026-05-24,Prospect,0.15,2025-05-02,706500
Project 0139,2026-04-24,Prospect,0.15,2025-05-02,706500
Project 0139,2026-03-24,Prospect,0.15,2025-05-02,706500
Project 0140,2026-08-24,In Delivery,0.75,2026-02-02,363500
Project 0140,2026-07-24,In Delivery,0.75,2026-02-02,363500
Project 0140,2026-06-24,In Delivery,0.75,2026-02-02,363500
Project 0140,2026-05-24,In Delivery,0.75,2026-02-02,363500
Project 0140,2026-04-24,In Delivery,0.75,2026-02-02,363500
Project 0140,2026-03-24,In Delivery,0.75,2026-02-02,363500
Project 0141,2026-08-24,Qualified,0.35,2026-08-26,172500
Project 0141,2026-07-24,Qualified,0.35,2026-08-26,172500
Project 0141,2026-06-24,Qualified,0.35,2026-08-26,172500
Project 0141,2026-05-24,Qualified,0.35,2026-08-26,172500
Project 0141,2026-04-24,Qualified,0.35,2026-08-26,172500
Project 0141,2026-03-24,Qualified,0.35,2026-08-26,172500
Project 0142,2026-08-24,Closed Won,1.0,2027-04-17,309750
Project 0142,2026-07-24,Closed Won,1.0,2027-04-17,309750
Project 0142,2026-06-24,Closed Won,1.0,2027-04-17,309750
Project 0142,2026-05-24,Closed Won,1.0,2027-04-17,309750
Project 0142,2026-04-24,Closed Won,1.0,2027-04-17,309750
Project 0142,2026-03-24,Closed Won,1.0,2027-04-17,309750
Project 0143,2026-08-24,Qualified,0.35,2026-07-05,1199800
Project 0143,2026-07-24,Qualified,0.35,2026-07-05,1199800
Project 0143,2026-06-24,Qualified,0.35,2026-07-05,1199800
Project 0143,2026-05-24,Qualified,0.35,2026-07-05,1199800
Project 0143,2026-04-24,Qualified,0.35,2026-07-05,1199800
Project 0143,2026-03-24,Qualified,0.35,2026-07-05,1199800
Project 0144,2026-08-24,Closed Won,1.0,2026-10-13,73500
Project 0144,2026-07-24,Closed Won,1.0,2026-10-13,73500
Project 0144,2026-06-24,Closed Won,1.0,2026-10-13,73500
Project 0144,2026-05-24,Closed Won,1.0,2026-10-13,73500
Project 0144,2026-04-24,Closed Won,1.0,2026-10-13,73500
Project 0144,2026-03-24,Closed Won,1.0,2026-10-13,73500
Project 0145,2026-08-24,Qualified,0.35,2025-09-02,1722400
Project 0145,2026-07-24,Qualified,0.35,2025-09-02,1722400
Project 0145,2026-06-24,Qualified,0.35,2025-09-02,1722400
Project 0145,2026-05-24,Qualified,0.35,2025-09-02,1722400
Project 0145,2026-04-24,Qualified,0.35,2025-09-02,1722400
Project 0145,2026-03-24,Qualified,0.35,2025-09-02,1722400
Project 0146,2026-08-24,In Delivery,0.75,2026-04-28,637250
Project 0146,2026-07-24,In Delivery,0.75,2026-04-28,637250
Project 0146,2026-06-24,In Delivery,0.75,2026-04-28,637250
Project 0146,2026-05-24,In Delivery,0.75,2026-04-28,637250
Project 0146,2026-04-24,In Delivery,0.75,2026-04-28,637250
Project 0146,2026-03-24,In Delivery,0.75,2026-04-28,637250
Project 0147,2026-08-24,Prospect,0.15,2025-04-21,551700
Project 0147,2026-07-24,Prospect,0.15,2025-04-21,551700
Project 0147,2026-06-24,Prospect,0.15,2025-04-21,551700
Project 0147,2026-05-24,Prospect,0.15,2025-04-21,551700
Project 0147,2026-04-24,Prospect,0.15,2025-04-21,551700
Project 0147,2026-03-24,Prospect,0.15,2025-04-21,551700
Project 0148,2026-08-24,Prospect,0.15,2026-10-01,160600
Project 0148,2026-07-24,Prospect,0.15,2026-10-01,160600
Project 0148,2026-06-24,Prospect,0.15,2026-10-01,160600
Project 0148,2026-05-24,Prospect,0.15,2026-10-01,160600
Project 0148,2026-04-24,Prospect,0.15,2026-10-01,160600
Project 0148,2026-03-24,Prospect,0.15,2026-10-01,160600
Project 0149,2026-08-24,Closed Won,1.0,2025-06-07,796800
Project 0149,2026-07-24,Closed Won,1.0,2025-06-07,796800
Project 0149,2026-06-24,Closed Won,1.0,2025-06-07,796800
Project 0149,2026-05-24,Closed Won,1.0,2025-06-07,796800
Project 0149,2026-04-24,Closed Won,1.0,2025-06-07,796800
Project 0149,2026-03-24,Closed Won,1.0,2025-06-07,796800
Project 0150,2026-08-24,Closed Won,1.0,2025-08-31,1308800
Project 0150,2026-07-24,Closed Won,1.0,2025-08-31,1308800
Project 0150,2026-06-24,Closed Won,1.0,2025-08-31,1308800
Project 0150,2026-05-24,Closed Won,1.0,2025-08-31,1308800
Project 0150,2026-04-24,Closed Won,1.0,2025-08-31,1308800
Project 0150,2026-03-24,Closed Won,1.0,2025-08-31,1308800
Project 0151,2026-08-24,Closed Won,1.0,2026-04-10,120300
Project 0151,2026-07-24,Closed Won,1.0,2026-04-10,120300
Project 0151,2026-06-24,Closed Won,1.0,2026-04-10,120300
Project 0151,2026-05-24,Closed Won,1.0,2026-04-10,120300
Project 0151,2026-04-24,Closed Won,1.0,2026-04-10,120300
Project 0151,2026-03-24,Closed Won,1.0,2026-04-10,120300
Project 0152,2026-08-24,Prospect,0.15,2027-05-30,147200
Project 0152,2026-07-24,Prospect,0.15,2027-05-30,147200
Project 0152,2026-06-24,Prospect,0.15,2027-05-30,147200
Project 0152,2026-05-24,Prospect,0.15,2027-05-30,147200
Project 0152,2026-04-24,Prospect,0.15,2027-05-30,147200
Project 0152,2026-03-24,Prospect,0.15,2027-05-30,147200
Project 0153,2026-08-24,Qualified,0.35,2025-09-17,154250
Project 0153,2026-07-24,Qualified,0.35,2025-09-17,154250
Project 0153,2026-06-24,Qualified,0.35,2025-09-17,154250
Project 0153,2026-05-24,Qualified,0.35,2025-09-17,154250
Project 0153,2026-04-24,Qualified,0.35,2025-09-17,154250
Project 0153,2026-03-24,Qualified,0.35,2025-09-17,154250
Project 0154,2026-08-24,In Delivery,0.75,2026-11-10,210750
Project 0154,2026-07-24,In Delivery,0.75,2026-11-10,210750
Project 0154,2026-06-24,In Delivery,0.75,2026-11-10,210750
Project 0154,2026-05-24,In Delivery,0.75,2026-11-10,210750
Project 0154,2026-04-24,In Delivery,0.75,2026-11-10,210750
Project 0154,2026-03-24,In Delivery,0.75,2026-11-10,210750
Project 0155,2026-08-24,Qualified,0.35,2025-06-02,1089500
Project 0155,2026-07-24,Qualified,0.35,2025-06-02,1089500
Project 0155,2026-06-24,Qualified,0.35,2025-06-02,1089500
Project 0155,2026-05-24,Qualified,0.35,2025-06-02,1089500
Project 0155,2026-04-24,Qualified,0.35,2025-06-02,1089500
Project 0155,2026-03-24,Qualified,0.35,2025-06-02,1089500
Project 0156,2026-08-24,In Delivery,0.75,2027-01-24,174900
Project 0156,2026-07-24,In Delivery,0.75,2027-01-24,174900
Project 0156,2026-06-24,In Delivery,0.75,2027-01-24,174900
Project 0156,2026-05-24,In Delivery,0.75,2027-01-24,174900
Project 0156,2026-04-24,In Delivery,0.75,2027-01-24,174900
Project 0156,2026-03-24,In Delivery,0.75,2027-01-24,174900
Project 0157,2026-08-24,Closed Won,1.0,2026-08-14,288600
Project 0157,2026-07-24,Closed Won,1.0,2026-08-14,288600
Project 0157,2026-06-24,Closed Won,1.0,2026-08-14,288600
Project 0157,2026-05-24,Closed Won,1.0,2026-08-14,288600
Project 0157,2026-04-24,Closed Won,1.0,2026-08-14,288600
Project 0157,2026-03-24,Closed Won,1.0,2026-08-14,288600
Project 0158,2026-08-24,Qualified,0.35,2026-01-10,670500
Project 0158,2026-07-24,Qualified,0.35,2026-01-10,670500
Project 0158,2026-06-24,Qualified,0.35,2026-01-10,670500
Project 0158,2026-05-24,Qualified,0.35,2026-01-10,670500
Project 0158,2026-04-24,Qualified,0.35,2026-01-10,670500
Project 0158,2026-03-24,Qualified,0.35,2026-01-10,670500
Project 0159,2026-08-24,In Delivery,0.75,2026-06-20,680000
Project 0159,2026-07-24,In Delivery,0.75,2026-06-20,680000
Project 0159,2026-06-24,In Delivery,0.75,2026-06-20,680000
Project 0159,2026-05-24,In Delivery,0.75,2026-06-20,680000
Project 0159,2026-04-24,In Delivery,0.75,2026-06-20,680000
Project 0159,2026-03-24,In Delivery,0.75,2026-06-20,680000
Project 0160,2026-08-24,Closed Won,1.0,2025-09-29,651400
Project 0160,2026-07-24,Closed Won,1.0,2025-09-29,651400
Project 0160,2026-06-24,Closed Won,1.0,2025-09-29,651400
Project 0160,2026-05-24,Closed Won,1.0,2025-09-29,651400
Project 0160,2026-04-24,Closed Won,1.0,2025-09-29,651400
Project 0160,2026-03-24,Closed Won,1.0,2025-09-29,651400
Project 0161,2026-08-24,Closed Won,1.0,2027-01-07,1237250
Project 0161,2026-07-24,Closed Won,1.0,2027-01-07,1237250
Project 0161,2026-06-24,Closed Won,1.0,2027-01-07,1237250
Project 0161,2026-05-24,Closed Won,1.0,2027-01-07,1237250
Project 0161,2026-04-24,Closed Won,1.0,2027-01-07,1237250
Project 0161,2026-03-24,Closed Won,1.0,2027-01-07,1237250
Project 0162,2026-08-24,Qualified,0.35,2026-01-03,420200
Project 0162,2026-07-24,Qualified,0.35,2026-01-03,420200
Project 0162,2026-06-24,Qualified,0.35,2026-01-03,420200
Project 0162,2026-05-24,Qualified,0.35,2026-01-03,420200
Project 0162,2026-04-24,Qualified,0.35,2026-01-03,420200
Project 0162,2026-03-24,Qualified,0.35,2026-01-03,420200
Project 0163,2026-08-24,Closed Won,1.0,2026-08-18,491850
Project 0163,2026-07-24,Closed Won,1.0,2026-08-18,491850
Project 0163,2026-06-24,Closed Won,1.0,2026-08-18,491850
Project 0163,2026-05-24,Closed Won,1.0,2026-08-18,491850
Project 0163,2026-04-24,Closed Won,1.0,2026-08-18,491850
Project 0163,2026-03-24,Closed Won,1.0,2026-08-18,491850
Project 0164,2026-08-24,In Delivery,0.75,2026-10-13,210800
Project 0164,2026-07-24,In Delivery,0.75,2026-10-13,210800
Project 0164,2026-06-24,In Delivery,0.75,2026-10-13,210800
Project 0164,2026-05-24,In Delivery,0.75,2026-10-13,210800
Project 0164,2026-04-24,In Delivery,0.75,2026-10-13,210800
Project 0164,2026-03-24,In Delivery,0.75,2026-10-13,210800
Project 0165,2026-08-24,In Delivery,0.75,2026-10-15,650800
Project 0165,2026-07-24,In Delivery,0.75,2026-10-15,650800
Project 0165,2026-06-24,In Delivery,0.75,2026-10-15,650800
Project 0165,2026-05-24,In Delivery,0.75,2026-10-15,650800
Project 0165,2026-04-24,In Delivery,0.75,2026-10-15,650800
Project 0165,2026-03-24,In Delivery,0.75,2026-10-15,650800
Project 0166,2026-08-24,Closed Won,1.0,2026-11-09,1424100
Project 0166,2026-07-24,Closed Won,1.0,2026-11-09,1424100
Project 0166,2026-06-24,Closed Won,1.0,2026-11-09,1424100
Project 0166,2026-05-24,Closed Won,1.0,2026-11-09,1424100
Project 0166,2026-04-24,Closed Won,1.0,2026-11-09,1424100
Project 0166,2026-03-24,Closed Won,1.0,2026-11-09,1424100
Project 0167,2026-08-24,Qualified,0.35,2027-07-06,228600
Project 0167,2026-07-24,Qualified,0.35,2027-07-06,228600
Project 0167,2026-06-24,Qualified,0.35,2027-07-06,228600
Project 0167,2026-05-24,Qualified,0.35,2027-07-06,228600
Project 0167,2026-04-24,Qualified,0.35,2027-07-06,228600
Project 0167,2026-03-24,Qualified,0.35,2027-07-06,228600
Project 0168,2026-08-24,Closed Won,1.0,2026-02-02,1363250
Project 0168,2026-07-24,Closed Won,1.0,2026-02-02,1363250
Project 0168,2026-06-24,Closed Won,1.0,2026-02-02,1363250
Project 0168,2026-05-24,Closed Won,1.0,2026-02-02,1363250
Project 0168,2026-04-24,Closed Won,1.0,2026-02-02,1363250
Project 0168,2026-03-24,Closed Won,1.0,2026-02-02,1363250
Project 0169,2026-08-24,Closed Won,1.0,2026-04-15,758800
Project 0169,2026-07-24,Closed Won,1.0,2026-04-15,758800
Project 0169,2026-06-24,Closed Won,1.0,2026-04-15,758800
Project 0169,2026-05-24,Closed Won,1.0,2026-04-15,758800
Project 0169,2026-04-24,Closed Won,1.0,2026-04-15,758800
Project 0169,2026-03-24,Closed Won,1.0,2026-04-15,758800
Project 0170,2026-08-24,Qualified,0.35,2026-09-19,401600
Project 0170,2026-07-24,Qualified,0.35,2026-09-19,401600
Project 0170,2026-06-24,Qualified,0.35,2026-09-19,401600
Project 0170,2026-05-24,Qualified,0.35,2026-09-19,401600
Project 0170,2026-04-24,Qualified,0.35,2026-09-19,401600
Project 0170,2026-03-24,Qualified,0.35,2026-09-19,401600
Project 0171,2026-08-24,Closed Won,1.0,2026-07-31,1510800
Project 0171,2026-07-24,Closed Won,1.0,2026-07-31,1510800
Project 0171,2026-06-24,Closed Won,1.0,2026-07-31,1510800
Project 0171,2026-05-24,Closed Won,1.0,2026-07-31,1510800
Project 0171,2026-04-24,Closed Won,1.0,2026-07-31,1510800
Project 0171,2026-03-24,Closed Won,1.0,2026-07-31,1510800
Project 0172,2026-08-24,In Delivery,0.75,2027-01-27,922400
Project 0172,2026-07-24,In Delivery,0.75,2027-01-27,922400
Project 0172,2026-06-24,In Delivery,0.75,2027-01-27,922400
Project 0172,2026-05-24,In Delivery,0.75,2027-01-27,922400
Project 0172,2026-04-24,In Delivery,0.75,2027-01-27,922400
Project 0172,2026-03-24,In Delivery,0.75,2027-01-27,922400
Project 0173,2026-08-24,Prospect,0.15,2025-12-12,415950
Project 0173,2026-07-24,Prospect,0.15,2025-12-12,415950
Project 0173,2026-06-24,Prospect,0.15,2025-12-12,415950
Project 0173,2026-05-24,Prospect,0.15,2025-12-12,415950
Project 0173,2026-04-24,Prospect,0.15,2025-12-12,415950
Project 0173,2026-03-24,Prospect,0.15,2025-12-12,415950
Project 0174,2026-08-24,Qualified,0.35,2025-06-20,375250
Project 0174,2026-07-24,Qualified,0.35,2025-06-20,375250
Project 0174,2026-06-24,Qualified,0.35,2025-06-20,375250
Project 0174,2026-05-24,Qualified,0.35,2025-06-20,375250
Project 0174,2026-04-24,Qualified,0.35,2025-06-20,375250
Project 0174,2026-03-24,Qualified,0.35,2025-06-20,375250
Project 0175,2026-08-24,Closed Won,1.0,2027-01-02,999950
Project 0175,2026-07-24,Closed Won,1.0,2027-01-02,999950
Project 0175,2026-06-24,Closed Won,1.0,2027-01-02,999950
Project 0175,2026-05-24,Closed Won,1.0,2027-01-02,999950
Project 0175,2026-04-24,Closed Won,1.0,2027-01-02,999950
Project 0175,2026-03-24,Closed Won,1.0,2027-01-02,999950
Project 0176,2026-08-24,In Delivery,0.75,2025-05-17,342150
Project 0176,2026-07-24,In Delivery,0.75,2025-05-17,342150
Project 0176,2026-06-24,In Delivery,0.75,2025-05-17,342150
Project 0176,2026-05-24,In Delivery,0.75,2025-05-17,342150
Project 0176,2026-04-24,In Delivery,0.75,2025-05-17,342150
Project 0176,2026-03-24,In Delivery,0.75,2025-05-17,342150
Project 0177,2026-08-24,Prospect,0.15,2027-07-10,189350
Project 0177,2026-07-24,Prospect,0.15,2027-07-10,189350
Project 0177,2026-06-24,Prospect,0.15,2027-07-10,189350
Project 0177,2026-05-24,Prospect,0.15,2027-07-10,189350
Project 0177,2026-04-24,Prospect,0.15,2027-07-10,189350
Project 0177,2026-03-24,Prospect,0.15,2027-07-10,189350
Project 0178,2026-08-24,In Delivery,0.75,2025-06-15,130800
Project 0178,2026-07-24,In Delivery,0.75,2025-06-15,130800
Project 0178,2026-06-24,In Delivery,0.75,2025-06-15,130800
Project 0178,2026-05-24,In Delivery,0.75,2025-06-15,130800
Project 0178,2026-04-24,In Delivery,0.75,2025-06-15,130800
Project 0178,2026-03-24,In Delivery,0.75,2025-06-15,130800
Project 0179,2026-08-24,Prospect,0.15,2025-09-17,237900
Project 0179,2026-07-24,Prospect,0.15,2025-09-17,237900
Project 0179,2026-06-24,Prospect,0.15,2025-09-17,237900
Project 0179,2026-05-24,Prospect,0.15,2025-09-17,237900
Project 0179,2026-04-24,Prospect,0.15,2025-09-17,237900
Project 0179,2026-03-24,Prospect,0.15,2025-09-17,237900
Project 0180,2026-08-24,Qualified,0.35,2027-01-05,677400
Project 0180,2026-07-24,Qualified,0.35,2027-01-05,677400
Project 0180,2026-06-24,Qualified,0.35,2027-01-05,677400
Project 0180,2026-05-24,Qualified,0.35,2027-01-05,677400
Project 0180,2026-04-24,Qualified,0.35,2027-01-05,677400
Project 0180,2026-03-24,Qualified,0.35,2027-01-05,677400
Project 0181,2026-08-24,Closed Won,1.0,2025-11-20,1740000
Project 0181,2026-07-24,Closed Won,1.0,2025-11-20,1740000
Project 0181,2026-06-24,Closed Won,1.0,2025-11-20,1740000
Project 0181,2026-05-24,Closed Won,1.0,2025-11-20,1740000
Project 0181,2026-04-24,Closed Won,1.0,2025-11-20,1740000
Project 0181,2026-03-24,Closed Won,1.0,2025-11-20,1740000
Project 0182,2026-08-24,Qualified,0.35,2026-02-25,285000
Project 0182,2026-07-24,Qualified,0.35,2026-02-25,285000
Project 0182,2026-06-24,Qualified,0.35,2026-02-25,285000
Project 0182,2026-05-24,Qualified,0.35,2026-02-25,285000
Project 0182,2026-04-24,Qualified,0.35,2026-02-25,285000
Project 0182,2026-03-24,Qualified,0.35,2026-02-25,285000
Project 0183,2026-08-24,Closed Lost,0.0,2026-08-03,102150
Project 0183,2026-07-24,Closed Lost,0.0,2026-08-03,102150
Project 0183,2026-06-24,Closed Lost,0.0,2026-08-03,102150
Project 0183,2026-05-24,Closed Lost,0.0,2026-08-03,102150
Project 0183,2026-04-24,Closed Lost,0.0,2026-08-03,102150
Project 0183,2026-03-24,Closed Lost,0.0,2026-08-03,102150
Project 0184,2026-08-24,Qualified,0.35,2025-03-28,65000
Project 0184,2026-07-24,Qualified,0.35,2025-03-28,65000
Project 0184,2026-06-24,Qualified,0.35,2025-03-28,65000
Project 0184,2026-05-24,Qualified,0.35,2025-03-28,65000
Project 0184,2026-04-24,Qualified,0.35,2025-03-28,65000
Project 0184,2026-03-24,Qualified,0.35,2025-03-28,65000
Project 0185,2026-08-24,Prospect,0.15,2026-12-26,1319150
Project 0185,2026-07-24,Prospect,0.15,2026-12-26,1319150
Project 0185,2026-06-24,Prospect,0.15,2026-12-26,1319150
Project 0185,2026-05-24,Prospect,0.15,2026-12-26,1319150
Project 0185,2026-04-24,Prospect,0.15,2026-12-26,1319150
Project 0185,2026-03-24,Prospect,0.15,2026-12-26,1319150
Project 0186,2026-08-24,Prospect,0.15,2026-09-26,882700
Project 0186,2026-07-24,Prospect,0.15,2026-09-26,882700
Project 0186,2026-06-24,Prospect,0.15,2026-09-26,882700
Project 0186,2026-05-24,Prospect,0.15,2026-09-26,882700
Project 0186,2026-04-24,Prospect,0.15,2026-09-26,882700
Project 0186,2026-03-24,Prospect,0.15,2026-09-26,882700
Project 0187,2026-08-24,Qualified,0.35,2025-10-12,1722800
Project 0187,2026-07-24,Qualified,0.35,2025-10-12,1722800
Project 0187,2026-06-24,Qualified,0.35,2025-10-12,1722800
Project 0187,2026-05-24,Qualified,0.35,2025-10-12,1722800
Project 0187,2026-04-24,Qualified,0.35,2025-10-12,1722800
Project 0187,2026-03-24,Qualified,0.35,2025-10-12,1722800
Project 0188,2026-08-24,Closed Won,1.0,2026-04-30,682500
Project 0188,2026-07-24,Closed Won,1.0,2026-04-30,682500
Project 0188,2026-06-24,Closed Won,1.0,2026-04-30,682500
Project 0188,2026-05-24,Closed Won,1.0,2026-04-30,682500
Project 0188,2026-04-24,Closed Won,1.0,2026-04-30,682500
Project 0188,2026-03-24,Closed Won,1.0,2026-04-30,682500
Project 0189,2026-08-24,Closed Won,1.0,2025-07-17,981500
Project 0189,2026-07-24,Closed Won,1.0,2025-07-17,981500
Project 0189,2026-06-24,Closed Won,1.0,2025-07-17,981500
Project 0189,2026-05-24,Closed Won,1.0,2025-07-17,981500
Project 0189,2026-04-24,Closed Won,1.0,2025-07-17,981500
Project 0189,2026-03-24,Closed Won,1.0,2025-07-17,981500
Project 0190,2026-08-24,In Delivery,0.75,2027-04-05,120000
Project 0190,2026-07-24,In Delivery,0.75,2027-04-05,120000
Project 0190,2026-06-24,In Delivery,0.75,2027-04-05,120000
Project 0190,2026-05-24,In Delivery,0.75,2027-04-05,120000
Project 0190,2026-04-24,In Delivery,0.75,2027-04-05,120000
Project 0190,2026-03-24,In Delivery,0.75,2027-04-05,120000
Project 0191,2026-08-24,Prospect,0.15,2025-07-07,1108000
Project 0191,2026-07-24,Prospect,0.15,2025-07-07,1108000
Project 0191,2026-06-24,Prospect,0.15,2025-07-07,1108000
Project 0191,2026-05-24,Prospect,0.15,2025-07-07,1108000
Project 0191,2026-04-24,Prospect,0.15,2025-07-07,1108000
Project 0191,2026-03-24,Prospect,0.15,2025-07-07,1108000
Project 0192,2026-08-24,Closed Won,1.0,2025-12-28,654750
Project 0192,2026-07-24,Closed Won,1.0,2025-12-28,654750
Project 0192,2026-06-24,Closed Won,1.0,2025-12-28,654750
Project 0192,2026-05-24,Closed Won,1.0,2025-12-28,654750
Project 0192,2026-04-24,Closed Won,1.0,2025-12-28,654750
Project 0192,2026-03-24,Closed Won,1.0,2025-12-28,654750
Project 0193,2026-08-24,In Delivery,0.75,2026-11-25,860100
Project 0193,2026-07-24,In Delivery,0.75,2026-11-25,860100
Project 0193,2026-06-24,In Delivery,0.75,2026-11-25,860100
Project 0193,2026-05-24,In Delivery,0.75,2026-11-25,860100
Project 0193,2026-04-24,In Delivery,0.75,2026-11-25,860100
Project 0193,2026-03-24,In Delivery,0.75,2026-11-25,860100
Project 0194,2026-08-24,Qualified,0.35,2026-09-29,1343400
Project 0194,2026-07-24,Qualified,0.35,2026-09-29,1343400
Project 0194,2026-06-24,Qualified,0.35,2026-09-29,1343400
Project 0194,2026-05-24,Qualified,0.35,2026-09-29,1343400
Project 0194,2026-04-24,Qualified,0.35,2026-09-29,1343400
Project 0194,2026-03-24,Qualified,0.35,2026-09-29,1343400
Project 0195,2026-08-24,In Delivery,0.75,2027-01-23,445350
Project 0195,2026-07-24,In Delivery,0.75,2027-01-23,445350
Project 0195,2026-06-24,In Delivery,0.75,2027-01-23,445350
Project 0195,2026-05-24,In Delivery,0.75,2027-01-23,445350
Project 0195,2026-04-24,In Delivery,0.75,2027-01-23,445350
Project 0195,2026-03-24,In Delivery,0.75,2027-01-23,445350
Project 0196,2026-08-24,In Delivery,0.75,2026-10-19,298000
Project 0196,2026-07-24,In Delivery,0.75,2026-10-19,298000
Project 0196,2026-06-24,In Delivery,0.75,2026-10-19,298000
Project 0196,2026-05-24,In Delivery,0.75,2026-10-19,298000
Project 0196,2026-04-24,In Delivery,0.75,2026-10-19,298000
Project 0196,2026-03-24,In Delivery,0.75,2026-10-19,298000
Project 0197,2026-08-24,Qualified,0.35,2026-10-13,1002500
Project 0197,2026-07-24,Qualified,0.35,2026-10-13,1002500
Project 0197,2026-06-24,Qualified,0.35,2026-10-13,1002500
Project 0197,2026-05-24,Qualified,0.35,2026-10-13,1002500
Project 0197,2026-04-24,Qualified,0.35,2026-10-13,1002500
Project 0197,2026-03-24,Qualified,0.35,2026-10-13,1002500
Project 0198,2026-08-24,Qualified,0.35,2025-08-24,133200
Project 0198,2026-07-24,Qualified,0.35,2025-08-24,133200
Project 0198,2026-06-24,Qualified,0.35,2025-08-24,133200
Project 0198,2026-05-24,Qualified,0.35,2025-08-24,133200
Project 0198,2026-04-24,Qualified,0.35,2025-08-24,133200
Project 0198,2026-03-24,Qualified,0.35,2025-08-24,133200
Project 0199,2026-08-24,Qualified,0.35,2025-12-03,336000
Project 0199,2026-07-24,Qualified,0.35,2025-12-03,336000
Project 0199,2026-06-24,Qualified,0.35,2025-12-03,336000
Project 0199,2026-05-24,Qualified,0.35,2025-12-03,336000
Project 0199,2026-04-24,Qualified,0.35,2025-12-03,336000
Project 0199,2026-03-24,Qualified,0.35,2025-12-03,336000
Project 0200,2026-08-24,Prospect,0.15,2026-04-28,546000
Project 0200,2026-07-24,Prospect,0.15,2026-04-28,546000
Project 0200,2026-06-24,Prospect,0.15,2026-04-28,546000
Project 0200,2026-05-24,Prospect,0.15,2026-04-28,546000
Project 0200,2026-04-24,Prospect,0.15,2026-04-28,546000
Project 0200,2026-03-24,Prospect,0.15,2026-04-28,546000
Project 0201,2026-08-24,Prospect,0.15,2025-08-04,316400
Project 0201,2026-07-24,Prospect,0.15,2025-08-04,316400
Project 0201,2026-06-24,Prospect,0.15,2025-08-04,316400
Project 0201,2026-05-24,Prospect,0.15,2025-08-04,316400
Project 0201,2026-04-24,Prospect,0.15,2025-08-04,316400
Project 0201,2026-03-24,Prospect,0.15,2025-08-04,316400
Project 0202,2026-08-24,Closed Won,1.0,2026-04-24,1067000
Project 0202,2026-07-24,Closed Won,1.0,2026-04-24,1067000
Project 0202,2026-06-24,Closed Won,1.0,2026-04-24,1067000
Project 0202,2026-05-24,Closed Won,1.0,2026-04-24,1067000
Project 0202,2026-04-24,Closed Won,1.0,2026-04-24,1067000
Project 0202,2026-03-24,Closed Won,1.0,2026-04-24,1067000
Project 0203,2026-08-24,Closed Won,1.0,2026-08-11,84000
Project 0203,2026-07-24,Closed Won,1.0,2026-08-11,84000
Project 0203,2026-06-24,Closed Won,1.0,2026-08-11,84000
Project 0203,2026-05-24,Closed Won,1.0,2026-08-11,84000
Project 0203,2026-04-24,Closed Won,1.0,2026-08-11,84000
Project 0203,2026-03-24,Closed Won,1.0,2026-08-11,84000
Project 0204,2026-08-24,Qualified,0.35,2025-10-02,271000
Project 0204,2026-07-24,Qualified,0.35,2025-10-02,271000
Project 0204,2026-06-24,Qualified,0.35,2025-10-02,271000
Project 0204,2026-05-24,Qualified,0.35,2025-10-02,271000
Project 0204,2026-04-24,Qualified,0.35,2025-10-02,271000
Project 0204,2026-03-24,Qualified,0.35,2025-10-02,271000
Project 0205,2026-08-24,Qualified,0.35,2026-10-26,600000
Project 0205,2026-07-24,Qualified,0.35,2026-10-26,600000
Project 0205,2026-06-24,Qualified,0.35,2026-10-26,600000
Project 0205,2026-05-24,Qualified,0.35,2026-10-26,600000
Project 0205,2026-04-24,Qualified,0.35,2026-10-26,600000
Project 0205,2026-03-24,Qualified,0.35,2026-10-26,600000
Project 0206,2026-08-24,In Delivery,0.75,2025-08-27,138900
Project 0206,2026-07-24,In Delivery,0.75,2025-08-27,138900
Project 0206,2026-06-24,In Delivery,0.75,2025-08-27,138900
Project 0206,2026-05-24,In Delivery,0.75,2025-08-27,138900
Project 0206,2026-04-24,In Delivery,0.75,2025-08-27,138900
Project 0206,2026-03-24,In Delivery,0.75,2025-08-27,138900
Project 0207,2026-08-24,In Delivery,0.75,2026-02-24,422800
Project 0207,2026-07-24,In Delivery,0.75,2026-02-24,422800
Project 0207,2026-06-24,In Delivery,0.75,2026-02-24,422800
Project 0207,2026-05-24,In Delivery,0.75,2026-02-24,422800
Project 0207,2026-04-24,In Delivery,0.75,2026-02-24,422800
Project 0207,2026-03-24,In Delivery,0.75,2026-02-24,422800
Project 0208,2026-08-24,Closed Lost,0.0,2026-09-22,50500
Project 0208,2026-07-24,Closed Lost,0.0,2026-09-22,50500
Project 0208,2026-06-24,Closed Lost,0.0,2026-09-22,50500
Project 0208,2026-05-24,Closed Lost,0.0,2026-09-22,50500
Project 0208,2026-04-24,Closed Lost,0.0,2026-09-22,50500
Project 0208,2026-03-24,Closed Lost,0.0,2026-09-22,50500
Project 0209,2026-08-24,Closed Won,1.0,2026-04-06,223500
Project 0209,2026-07-24,Closed Won,1.0,2026-04-06,223500
Project 0209,2026-06-24,Closed Won,1.0,2026-04-06,223500
Project 0209,2026-05-24,Closed Won,1.0,2026-04-06,223500
Project 0209,2026-04-24,Closed Won,1.0,2026-04-06,223500
Project 0209,2026-03-24,Closed Won,1.0,2026-04-06,223500
Project 0210,2026-08-24,Closed Won,1.0,2025-06-29,311000
Project 0210,2026-07-24,Closed Won,1.0,2025-06-29,311000
Project 0210,2026-06-24,Closed Won,1.0,2025-06-29,311000
Project 0210,2026-05-24,Closed Won,1.0,2025-06-29,311000
Project 0210,2026-04-24,Closed Won,1.0,2025-06-29,311000
Project 0210,2026-03-24,Closed Won,1.0,2025-06-29,311000
Project 0211,2026-08-24,Closed Won,1.0,2027-05-24,354900
Project 0211,2026-07-24,Closed Won,1.0,2027-05-24,354900
Project 0211,2026-06-24,Closed Won,1.0,2027-05-24,354900
Project 0211,2026-05-24,Closed Won,1.0,2027-05-24,354900
Project 0211,2026-04-24,Closed Won,1.0,2027-05-24,354900
Project 0211,2026-03-24,Closed Won,1.0,2027-05-24,354900
Project 0212,2026-08-24,In Delivery,0.75,2025-09-14,70800
Project 0212,2026-07-24,In Delivery,0.75,2025-09-14,70800
Project 0212,2026-06-24,In Delivery,0.75,2025-09-14,70800
Project 0212,2026-05-24,In Delivery,0.75,2025-09-14,70800
Project 0212,2026-04-24,In Delivery,0.75,2025-09-14,70800
Project 0212,2026-03-24,In Delivery,0.75,2025-09-14,70800
Project 0213,2026-08-24,Closed Won,1.0,2026-07-06,1158850
Project 0213,2026-07-24,Closed Won,1.0,2026-07-06,1158850
Project 0213,2026-06-24,Closed Won,1.0,2026-07-06,1158850
Project 0213,2026-05-24,Closed Won,1.0,2026-07-06,1158850
Project 0213,2026-04-24,Closed Won,1.0,2026-07-06,1158850
Project 0213,2026-03-24,Closed Won,1.0,2026-07-06,1158850
Project 0214,2026-08-24,Qualified,0.35,2026-09-26,1445500
Project 0214,2026-07-24,Qualified,0.35,2026-09-26,1445500
Project 0214,2026-06-24,Qualified,0.35,2026-09-26,1445500
Project 0214,2026-05-24,Qualified,0.35,2026-09-26,1445500
Project 0214,2026-04-24,Qualified,0.35,2026-09-26,1445500
Project 0214,2026-03-24,Qualified,0.35,2026-09-26,1445500
Project 0215,2026-08-24,Closed Won,1.0,2025-05-29,350850
Project 0215,2026-07-24,Closed Won,1.0,2025-05-29,350850
Project 0215,2026-06-24,Closed Won,1.0,2025-05-29,350850
Project 0215,2026-05-24,Closed Won,1.0,2025-05-29,350850
Project 0215,2026-04-24,Closed Won,1.0,2025-05-29,350850
Project 0215,2026-03-24,Closed Won,1.0,2025-05-29,350850
Project 0216,2026-08-24,Qualified,0.35,2025-05-18,420600
Project 0216,2026-07-24,Qualified,0.35,2025-05-18,420600
Project 0216,2026-06-24,Qualified,0.35,2025-05-18,420600
Project 0216,2026-05-24,Qualified,0.35,2025-05-18,420600
Project 0216,2026-04-24,Qualified,0.35,2025-05-18,420600
Project 0216,2026-03-24,Qualified,0.35,2025-05-18,420600
Project 0217,2026-08-24,In Delivery,0.75,2025-12-19,1748250
Project 0217,2026-07-24,In Delivery,0.75,2025-12-19,1748250
Project 0217,2026-06-24,In Delivery,0.75,2025-12-19,1748250
Project 0217,2026-05-24,In Delivery,0.75,2025-12-19,1748250
Project 0217,2026-04-24,In Delivery,0.75,2025-12-19,1748250
Project 0217,2026-03-24,In Delivery,0.75,2025-12-19,1748250
Project 0218,2026-08-24,Prospect,0.15,2026-01-17,729750
Project 0218,2026-07-24,Prospect,0.15,2026-01-17,729750
Project 0218,2026-06-24,Prospect,0.15,2026-01-17,729750
Project 0218,2026-05-24,Prospect,0.15,2026-01-17,729750
Project 0218,2026-04-24,Prospect,0.15,2026-01-17,729750
Project 0218,2026-03-24,Prospect,0.15,2026-01-17,729750
Project 0219,2026-08-24,Prospect,0.15,2025-03-25,1411600
Project 0219,2026-07-24,Prospect,0.15,2025-03-25,1411600
Project 0219,2026-06-24,Prospect,0.15,2025-03-25,1411600
Project 0219,2026-05-24,Prospect,0.15,2025-03-25,1411600
Project 0219,2026-04-24,Prospect,0.15,2025-03-25,1411600
Project 0219,2026-03-24,Prospect,0.15,2025-03-25,1411600
Project 0220,2026-08-24,Qualified,0.35,2027-02-20,829250
Project 0220,2026-07-24,Qualified,0.35,2027-02-20,829250
Project 0220,2026-06-24,Qualified,0.35,2027-02-20,829250
Project 0220,2026-05-24,Qualified,0.35,2027-02-20,829250
Project 0220,2026-04-24,Qualified,0.35,2027-02-20,829250
Project 0220,2026-03-24,Qualified,0.35,2027-02-20,829250
Project 0221,2026-08-24,Qualified,0.35,2025-03-01,1660050
Project 0221,2026-07-24,Qualified,0.35,2025-03-01,1660050
Project 0221,2026-06-24,Qualified,0.35,2025-03-01,1660050
Project 0221,2026-05-24,Qualified,0.35,2025-03-01,1660050
Project 0221,2026-04-24,Qualified,0.35,2025-03-01,1660050
Project 0221,2026-03-24,Qualified,0.35,2025-03-01,1660050
Project 0222,2026-08-24,Qualified,0.35,2027-06-21,308400
Project 0222,2026-07-24,Qualified,0.35,2027-06-21,308400
Project 0222,2026-06-24,Qualified,0.35,2027-06-21,308400
Project 0222,2026-05-24,Qualified,0.35,2027-06-21,308400
Project 0222,2026-04-24,Qualified,0.35,2027-06-21,308400
Project 0222,2026-03-24,Qualified,0.35,2027-06-21,308400
Project 0223,2026-08-24,Closed Won,1.0,2026-03-29,372000
Project 0223,2026-07-24,Closed Won,1.0,2026-03-29,372000
Project 0223,2026-06-24,Closed Won,1.0,2026-03-29,372000
Project 0223,2026-05-24,Closed Won,1.0,2026-03-29,372000
Project 0223,2026-04-24,Closed Won,1.0,2026-03-29,372000
Project 0223,2026-03-24,Closed Won,1.0,2026-03-29,372000
Project 0224,2026-08-24,Prospect,0.15,2025-05-12,1021200
Project 0224,2026-07-24,Prospect,0.15,2025-05-12,1021200
Project 0224,2026-06-24,Prospect,0.15,2025-05-12,1021200
Project 0224,2026-05-24,Prospect,0.15,2025-05-12,1021200
Project 0224,2026-04-24,Prospect,0.15,2025-05-12,1021200
Project 0224,2026-03-24,Prospect,0.15,2025-05-12,1021200
Project 0225,2026-08-24,Prospect,0.15,2026-11-14,788400
Project 0225,2026-07-24,Prospect,0.15,2026-11-14,788400
Project 0225,2026-06-24,Prospect,0.15,2026-11-14,788400
Project 0225,2026-05-24,Prospect,0.15,2026-11-14,788400
Project 0225,2026-04-24,Prospect,0.15,2026-11-14,788400
Project 0225,2026-03-24,Prospect,0.15,2026-11-14,788400
Project 0226,2026-08-24,Qualified,0.35,2025-09-17,1049750
Project 0226,2026-07-24,Qualified,0.35,2025-09-17,1049750
Project 0226,2026-06-24,Qualified,0.35,2025-09-17,1049750
Project 0226,2026-05-24,Qualified,0.35,2025-09-17,1049750
Project 0226,2026-04-24,Qualified,0.35,2025-09-17,1049750
Project 0226,2026-03-24,Qualified,0.35,2025-09-17,1049750
Project 0227,2026-08-24,Prospect,0.15,2026-08-24,1066800
Project 0227,2026-07-24,Prospect,0.15,2026-08-24,1066800
Project 0227,2026-06-24,Prospect,0.15,2026-08-24,1066800
Project 0227,2026-05-24,Prospect,0.15,2026-08-24,1066800
Project 0227,2026-04-24,Prospect,0.15,2026-08-24,1066800
Project 0227,2026-03-24,Prospect,0.15,2026-08-24,1066800
Project 0228,2026-08-24,Closed Won,1.0,2026-12-07,389400
Project 0228,2026-07-24,Closed Won,1.0,2026-12-07,389400
Project 0228,2026-06-24,Closed Won,1.0,2026-12-07,389400
Project 0228,2026-05-24,Closed Won,1.0,2026-12-07,389400
Project 0228,2026-04-24,Closed Won,1.0,2026-12-07,389400
Project 0228,2026-03-24,Closed Won,1.0,2026-12-07,389400
Project 0229,2026-08-24,Prospect,0.15,2026-05-30,596700
Project 0229,2026-07-24,Prospect,0.15,2026-05-30,596700
Project 0229,2026-06-24,Prospect,0.15,2026-05-30,596700
Project 0229,2026-05-24,Prospect,0.15,2026-05-30,596700
Project 0229,2026-04-24,Prospect,0.15,2026-05-30,596700
Project 0229,2026-03-24,Prospect,0.15,2026-05-30,596700
Project 0230,2026-08-24,Closed Won,1.0,2025-09-16,1267800
Project 0230,2026-07-24,Closed Won,1.0,2025-09-16,1267800
Project 0230,2026-06-24,Closed Won,1.0,2025-09-16,1267800
Project 0230,2026-05-24,Closed Won,1.0,2025-09-16,1267800
Project 0230,2026-04-24,Closed Won,1.0,2025-09-16,1267800
Project 0230,2026-03-24,Closed Won,1.0,2025-09-16,1267800
Project 0231,2026-08-24,Qualified,0.35,2026-02-15,545000
Project 0231,2026-07-24,Qualified,0.35,2026-02-15,545000
Project 0231,2026-06-24,Qualified,0.35,2026-02-15,545000
Project 0231,2026-05-24,Qualified,0.35,2026-02-15,545000
Project 0231,2026-04-24,Qualified,0.35,2026-02-15,545000
Project 0231,2026-03-24,Qualified,0.35,2026-02-15,545000
Project 0232,2026-08-24,Closed Lost,0.0,2025-03-05,177600
Project 0232,2026-07-24,Closed Lost,0.0,2025-03-05,177600
Project 0232,2026-06-24,Closed Lost,0.0,2025-03-05,177600
Project 0232,2026-05-24,Closed Lost,0.0,2025-03-05,177600
Project 0232,2026-04-24,Closed Lost,0.0,2025-03-05,177600
Project 0232,2026-03-24,Closed Lost,0.0,2025-03-05,177600
Project 0233,2026-08-24,Closed Won,1.0,2024-12-23,1393200
Project 0233,2026-07-24,Closed Won,1.0,2024-12-23,1393200
Project 0233,2026-06-24,Closed Won,1.0,2024-12-23,1393200
Project 0233,2026-05-24,Closed Won,1.0,2024-12-23,1393200
Project 0233,2026-04-24,Closed Won,1.0,2024-12-23,1393200
Project 0233,2026-03-24,Closed Won,1.0,2024-12-23,1393200
Project 0234,2026-08-24,In Delivery,0.75,2026-12-29,108900
Project 0234,2026-07-24,In Delivery,0.75,2026-12-29,108900
Project 0234,2026-06-24,In Delivery,0.75,2026-12-29,108900
Project 0234,2026-05-24,In Delivery,0.75,2026-12-29,108900
Project 0234,2026-04-24,In Delivery,0.75,2026-12-29,108900
Project 0234,2026-03-24,In Delivery,0.75,2026-12-29,108900
Project 0235,2026-08-24,Qualified,0.35,2025-10-04,364800
Project 0235,2026-07-24,Qualified,0.35,2025-10-04,364800
Project 0235,2026-06-24,Qualified,0.35,2025-10-04,364800
Project 0235,2026-05-24,Qualified,0.35,2025-10-04,364800
Project 0235,2026-04-24,Qualified,0.35,2025-10-04,364800
Project 0235,2026-03-24,Qualified,0.35,2025-10-04,364800
Project 0236,2026-08-24,Closed Lost,0.0,2026-04-27,1038800
Project 0236,2026-07-24,Closed Lost,0.0,2026-04-27,1038800
Project 0236,2026-06-24,Closed Lost,0.0,2026-04-27,1038800
Project 0236,2026-05-24,Closed Lost,0.0,2026-04-27,1038800
Project 0236,2026-04-24,Closed Lost,0.0,2026-04-27,1038800
Project 0236,2026-03-24,Closed Lost,0.0,2026-04-27,1038800
Project 0237,2026-08-24,In Delivery,0.75,2026-05-18,897200
Project 0237,2026-07-24,In Delivery,0.75,2026-05-18,897200
Project 0237,2026-06-24,In Delivery,0.75,2026-05-18,897200
Project 0237,2026-05-24,In Delivery,0.75,2026-05-18,897200
Project 0237,2026-04-24,In Delivery,0.75,2026-05-18,897200
Project 0237,2026-03-24,In Delivery,0.75,2026-05-18,897200
Project 0238,2026-08-24,Prospect,0.15,2027-02-14,794400
Project 0238,2026-07-24,Prospect,0.15,2027-02-14,794400
Project 0238,2026-06-24,Prospect,0.15,2027-02-14,794400
Project 0238,2026-05-24,Prospect,0.15,2027-02-14,794400
Project 0238,2026-04-24,Prospect,0.15,2027-02-14,794400
Project 0238,2026-03-24,Prospect,0.15,2027-02-14,794400
Project 0239,2026-08-24,In Delivery,0.75,2026-02-25,584000
Project 0239,2026-07-24,In Delivery,0.75,2026-02-25,584000
Project 0239,2026-06-24,In Delivery,0.75,2026-02-25,584000
Project 0239,2026-05-24,In Delivery,0.75,2026-02-25,584000
Project 0239,2026-04-24,In Delivery,0.75,2026-02-25,584000
Project 0239,2026-03-24,In Delivery,0.75,2026-02-25,584000
Project 0240,2026-08-24,Closed Won,1.0,2025-07-07,322350
Project 0240,2026-07-24,Closed Won,1.0,2025-07-07,322350
Project 0240,2026-06-24,Closed Won,1.0,2025-07-07,322350
Project 0240,2026-05-24,Closed Won,1.0,2025-07-07,322350
Project 0240,2026-04-24,Closed Won,1.0,2025-07-07,322350
Project 0240,2026-03-24,Closed Won,1.0,2025-07-07,322350
Project 0241,2026-08-24,Qualified,0.35,2026-11-13,115600
Project 0241,2026-07-24,Qualified,0.35,2026-11-13,115600
Project 0241,2026-06-24,Qualified,0.35,2026-11-13,115600
Project 0241,2026-05-24,Qualified,0.35,2026-11-13,115600
Project 0241,2026-04-24,Qualified,0.35,2026-11-13,115600
Project 0241,2026-03-24,Qualified,0.35,2026-11-13,115600
Project 0242,2026-08-24,Prospect,0.15,2026-04-12,523750
Project 0242,2026-07-24,Prospect,0.15,2026-04-12,523750
Project 0242,2026-06-24,Prospect,0.15,2026-04-12,523750
Project 0242,2026-05-24,Prospect,0.15,2026-04-12,523750
Project 0242,2026-04-24,Prospect,0.15,2026-04-12,523750
Project 0242,2026-03-24,Prospect,0.15,2026-04-12,523750
Project 0243,2026-08-24,Closed Won,1.0,2026-05-10,370500
Project 0243,2026-07-24,Closed Won,1.0,2026-05-10,370500
Project 0243,2026-06-24,Closed Won,1.0,2026-05-10,370500
Project 0243,2026-05-24,Closed Won,1.0,2026-05-10,370500
Project 0243,2026-04-24,Closed Won,1.0,2026-05-10,370500
Project 0243,2026-03-24,Closed Won,1.0,2026-05-10,370500
Project 0244,2026-08-24,In Delivery,0.75,2027-03-12,522800
Project 0244,2026-07-24,In Delivery,0.75,2027-03-12,522800
Project 0244,2026-06-24,In Delivery,0.75,2027-03-12,522800
Project 0244,2026-05-24,In Delivery,0.75,2027-03-12,522800
Project 0244,2026-04-24,In Delivery,0.75,2027-03-12,522800
Project 0244,2026-03-24,In Delivery,0.75,2027-03-12,522800
Project 0245,2026-08-24,Closed Won,1.0,2026-01-04,439600
Project 0245,2026-07-24,Closed Won,1.0,2026-01-04,439600
Project 0245,2026-06-24,Closed Won,1.0,2026-01-04,439600
Project 0245,2026-05-24,Closed Won,1.0,2026-01-04,439600
Project 0245,2026-04-24,Closed Won,1.0,2026-01-04,439600
Project 0245,2026-03-24,Closed Won,1.0,2026-01-04,439600
Project 0246,2026-08-24,In Delivery,0.75,2027-01-06,1077250
Project 0246,2026-07-24,In Delivery,0.75,2027-01-06,1077250
Project 0246,2026-06-24,In Delivery,0.75,2027-01-06,1077250
Project 0246,2026-05-24,In Delivery,0.75,2027-01-06,1077250
Project 0246,2026-04-24,In Delivery,0.75,2027-01-06,1077250
Project 0246,2026-03-24,In Delivery,0.75,2027-01-06,1077250
Project 0247,2026-08-24,In Delivery,0.75,2026-07-23,293200
Project 0247,2026-07-24,In Delivery,0.75,2026-07-23,293200
Project 0247,2026-06-24,In Delivery,0.75,2026-07-23,293200
Project 0247,2026-05-24,In Delivery,0.75,2026-07-23,293200
Project 0247,2026-04-24,In Delivery,0.75,2026-07-23,293200
Project 0247,2026-03-24,In Delivery,0.75,2026-07-23,293200
Project 0248,2026-08-24,Prospect,0.15,2025-09-11,1365700
Project 0248,2026-07-24,Prospect,0.15,2025-09-11,1365700
Project 0248,2026-06-24,Prospect,0.15,2025-09-11,1365700
Project 0248,2026-05-24,Prospect,0.15,2025-09-11,1365700
Project 0248,2026-04-24,Prospect,0.15,2025-09-11,1365700
Project 0248,2026-03-24,Prospect,0.15,2025-09-11,1365700
Project 0249,2026-08-24,Prospect,0.15,2026-01-03,301350
Project 0249,2026-07-24,Prospect,0.15,2026-01-03,301350
Project 0249,2026-06-24,Prospect,0.15,2026-01-03,301350
Project 0249,2026-05-24,Prospect,0.15,2026-01-03,301350
Project 0249,2026-04-24,Prospect,0.15,2026-01-03,301350
Project 0249,2026-03-24,Prospect,0.15,2026-01-03,301350
Project 0250,2026-08-24,Qualified,0.35,2026-10-29,1659000
Project 0250,2026-07-24,Qualified,0.35,2026-10-29,1659000
Project 0250,2026-06-24,Qualified,0.35,2026-10-29,1659000
Project 0250,2026-05-24,Qualified,0.35,2026-10-29,1659000
Project 0250,2026-04-24,Qualified,0.35,2026-10-29,1659000
Project 0250,2026-03-24,Qualified,0.35,2026-10-29,1659000
Project 0251,2026-08-24,Closed Won,1.0,2025-12-31,211050
Project 0251,2026-07-24,Closed Won,1.0,2025-12-31,211050
Project 0251,2026-06-24,Closed Won,1.0,2025-12-31,211050
Project 0251,2026-05-24,Closed Won,1.0,2025-12-31,211050
Project 0251,2026-04-24,Closed Won,1.0,2025-12-31,211050
Project 0251,2026-03-24,Closed Won,1.0,2025-12-31,211050
Project 0252,2026-08-24,Closed Won,1.0,2026-05-06,735450
Project 0252,2026-07-24,Closed Won,1.0,2026-05-06,735450
Project 0252,2026-06-24,Closed Won,1.0,2026-05-06,735450
Project 0252,2026-05-24,Closed Won,1.0,2026-05-06,735450
Project 0252,2026-04-24,Closed Won,1.0,2026-05-06,735450
Project 0252,2026-03-24,Closed Won,1.0,2026-05-06,735450
Project 0253,2026-08-24,In Delivery,0.75,2026-09-01,1271600
Project 0253,2026-07-24,In Delivery,0.75,2026-09-01,1271600
Project 0253,2026-06-24,In Delivery,0.75,2026-09-01,1271600
Project 0253,2026-05-24,In Delivery,0.75,2026-09-01,1271600
Project 0253,2026-04-24,In Delivery,0.75,2026-09-01,1271600
Project 0253,2026-03-24,In Delivery,0.75,2026-09-01,1271600
Project 0254,2026-08-24,Qualified,0.35,2025-06-20,1369900
Project 0254,2026-07-24,Qualified,0.35,2025-06-20,1369900
Project 0254,2026-06-24,Qualified,0.35,2025-06-20,1369900
Project 0254,2026-05-24,Qualified,0.35,2025-06-20,1369900
Project 0254,2026-04-24,Qualified,0.35,2025-06-20,1369900
Project 0254,2026-03-24,Qualified,0.35,2025-06-20,1369900
Project 0255,2026-08-24,Qualified,0.35,2025-09-27,1137300
Project 0255,2026-07-24,Qualified,0.35,2025-09-27,1137300
Project 0255,2026-06-24,Qualified,0.35,2025-09-27,1137300
Project 0255,2026-05-24,Qualified,0.35,2025-09-27,1137300
Project 0255,2026-04-24,Qualified,0.35,2025-09-27,1137300
Project 0255,2026-03-24,Qualified,0.35,2025-09-27,1137300
Project 0256,2026-08-24,Closed Lost,0.0,2025-08-07,200900
Project 0256,2026-07-24,Closed Lost,0.0,2025-08-07,200900
Project 0256,2026-06-24,Closed Lost,0.0,2025-08-07,200900
Project 0256,2026-05-24,Closed Lost,0.0,2025-08-07,200900
Project 0256,2026-04-24,Closed Lost,0.0,2025-08-07,200900
Project 0256,2026-03-24,Closed Lost,0.0,2025-08-07,200900
Project 0257,2026-08-24,Qualified,0.35,2026-06-28,131600
Project 0257,2026-07-24,Qualified,0.35,2026-06-28,131600
Project 0257,2026-06-24,Qualified,0.35,2026-06-28,131600
Project 0257,2026-05-24,Qualified,0.35,2026-06-28,131600
Project 0257,2026-04-24,Qualified,0.35,2026-06-28,131600
Project 0257,2026-03-24,Qualified,0.35,2026-06-28,131600
Project 0258,2026-08-24,In Delivery,0.75,2026-02-05,336900
Project 0258,2026-07-24,In Delivery,0.75,2026-02-05,336900
Project 0258,2026-06-24,In Delivery,0.75,2026-02-05,336900
Project 0258,2026-05-24,In Delivery,0.75,2026-02-05,336900
Project 0258,2026-04-24,In Delivery,0.75,2026-02-05,336900
Project 0258,2026-03-24,In Delivery,0.75,2026-02-05,336900
Project 0259,2026-08-24,In Delivery,0.75,2025-03-13,733200
Project 0259,2026-07-24,In Delivery,0.75,2025-03-13,733200
Project 0259,2026-06-24,In Delivery,0.75,2025-03-13,733200
Project 0259,2026-05-24,In Delivery,0.75,2025-03-13,733200
Project 0259,2026-04-24,In Delivery,0.75,2025-03-13,733200
Project 0259,2026-03-24,In Delivery,0.75,2025-03-13,733200
Project 0260,2026-08-24,Qualified,0.35,2026-07-11,1236400
Project 0260,2026-07-24,Qualified,0.35,2026-07-11,1236400
Project 0260,2026-06-24,Qualified,0.35,2026-07-11,1236400
Project 0260,2026-05-24,Qualified,0.35,2026-07-11,1236400
Project 0260,2026-04-24,Qualified,0.35,2026-07-11,1236400
Project 0260,2026-03-24,Qualified,0.35,2026-07-11,1236400
Project 0261,2026-08-24,Closed Won,1.0,2026-05-13,1024000
Project 0261,2026-07-24,Closed Won,1.0,2026-05-13,1024000
Project 0261,2026-06-24,Closed Won,1.0,2026-05-13,1024000
Project 0261,2026-05-24,Closed Won,1.0,2026-05-13,1024000
Project 0261,2026-04-24,Closed Won,1.0,2026-05-13,1024000
Project 0261,2026-03-24,Closed Won,1.0,2026-05-13,1024000
Project 0262,2026-08-24,In Delivery,0.75,2025-10-11,361800
Project 0262,2026-07-24,In Delivery,0.75,2025-10-11,361800
Project 0262,2026-06-24,In Delivery,0.75,2025-10-11,361800
Project 0262,2026-05-24,In Delivery,0.75,2025-10-11,361800
Project 0262,2026-04-24,In Delivery,0.75,2025-10-11,361800
Project 0262,2026-03-24,In Delivery,0.75,2025-10-11,361800
Project 0263,2026-08-24,Closed Won,1.0,2026-04-02,204750
Project 0263,2026-07-24,Closed Won,1.0,2026-04-02,204750
Project 0263,2026-06-24,Closed Won,1.0,2026-04-02,204750
Project 0263,2026-05-24,Closed Won,1.0,2026-04-02,204750
Project 0263,2026-04-24,Closed Won,1.0,2026-04-02,204750
Project 0263,2026-03-24,Closed Won,1.0,2026-04-02,204750
Project 0264,2026-08-24,Qualified,0.35,2027-02-18,168350
Project 0264,2026-07-24,Qualified,0.35,2027-02-18,168350
Project 0264,2026-06-24,Qualified,0.35,2027-02-18,168350
Project 0264,2026-05-24,Qualified,0.35,2027-02-18,168350
Project 0264,2026-04-24,Qualified,0.35,2027-02-18,168350
Project 0264,2026-03-24,Qualified,0.35,2027-02-18,168350
Project 0265,2026-08-24,Prospect,0.15,2026-04-12,302000
Project 0265,2026-07-24,Prospect,0.15,2026-04-12,302000
Project 0265,2026-06-24,Prospect,0.15,2026-04-12,302000
Project 0265,2026-05-24,Prospect,0.15,2026-04-12,302000
Project 0265,2026-04-24,Prospect,0.15,2026-04-12,302000
Project 0265,2026-03-24,Prospect,0.15,2026-04-12,302000
Project 0266,2026-08-24,In Delivery,0.75,2026-12-30,65000
Project 0266,2026-07-24,In Delivery,0.75,2026-12-30,65000
Project 0266,2026-06-24,In Delivery,0.75,2026-12-30,65000
Project 0266,2026-05-24,In Delivery,0.75,2026-12-30,65000
Project 0266,2026-04-24,In Delivery,0.75,2026-12-30,65000
Project 0266,2026-03-24,In Delivery,0.75,2026-12-30,65000
Project 0267,2026-08-24,In Delivery,0.75,2026-06-02,1034700
Project 0267,2026-07-24,In Delivery,0.75,2026-06-02,1034700
Project 0267,2026-06-24,In Delivery,0.75,2026-06-02,1034700
Project 0267,2026-05-24,In Delivery,0.75,2026-06-02,1034700
Project 0267,2026-04-24,In Delivery,0.75,2026-06-02,1034700
Project 0267,2026-03-24,In Delivery,0.75,2026-06-02,1034700
Project 0268,2026-08-24,Qualified,0.35,2026-03-25,934000
Project 0268,2026-07-24,Qualified,0.35,2026-03-25,934000
Project 0268,2026-06-24,Qualified,0.35,2026-03-25,934000
Project 0268,2026-05-24,Qualified,0.35,2026-03-25,934000
Project 0268,2026-04-24,Qualified,0.35,2026-03-25,934000
Project 0268,2026-03-24,Qualified,0.35,2026-03-25,934000
Project 0269,2026-08-24,Qualified,0.35,2027-02-15,1924800
Project 0269,2026-07-24,Qualified,0.35,2027-02-15,1924800
Project 0269,2026-06-24,Qualified,0.35,2027-02-15,1924800
Project 0269,2026-05-24,Qualified,0.35,2027-02-15,1924800
Project 0269,2026-04-24,Qualified,0.35,2027-02-15,1924800
Project 0269,2026-03-24,Qualified,0.35,2027-02-15,1924800
Project 0270,2026-08-24,Closed Lost,0.0,2025-12-27,534800
Project 0270,2026-07-24,Closed Lost,0.0,2025-12-27,534800
Project 0270,2026-06-24,Closed Lost,0.0,2025-12-27,534800
Project 0270,2026-05-24,Closed Lost,0.0,2025-12-27,534800
Project 0270,2026-04-24,Closed Lost,0.0,2025-12-27,534800
Project 0270,2026-03-24,Closed Lost,0.0,2025-12-27,534800
Project 0271,2026-08-24,Closed Won,1.0,2025-12-28,75300
Project 0271,2026-07-24,Closed Won,1.0,2025-12-28,75300
Project 0271,2026-06-24,Closed Won,1.0,2025-12-28,75300
Project 0271,2026-05-24,Closed Won,1.0,2025-12-28,75300
Project 0271,2026-04-24,Closed Won,1.0,2025-12-28,75300
Project 0271,2026-03-24,Closed Won,1.0,2025-12-28,75300
Project 0272,2026-08-24,Closed Won,1.0,2026-01-25,1163400
Project 0272,2026-07-24,Closed Won,1.0,2026-01-25,1163400
Project 0272,2026-06-24,Closed Won,1.0,2026-01-25,1163400
Project 0272,2026-05-24,Closed Won,1.0,2026-01-25,1163400
Project 0272,2026-04-24,Closed Won,1.0,2026-01-25,1163400
Project 0272,2026-03-24,Closed Won,1.0,2026-01-25,1163400
Project 0273,2026-08-24,Closed Lost,0.0,2026-10-31,116100
Project 0273,2026-07-24,Closed Lost,0.0,2026-10-31,116100
Project 0273,2026-06-24,Closed Lost,0.0,2026-10-31,116100
Project 0273,2026-05-24,Closed Lost,0.0,2026-10-31,116100
Project 0273,2026-04-24,Closed Lost,0.0,2026-10-31,116100
Project 0273,2026-03-24,Closed Lost,0.0,2026-10-31,116100
Project 0274,2026-08-24,Closed Won,1.0,2026-03-11,514500
Project 0274,2026-07-24,Closed Won,1.0,2026-03-11,514500
Project 0274,2026-06-24,Closed Won,1.0,2026-03-11,514500
Project 0274,2026-05-24,Closed Won,1.0,2026-03-11,514500
Project 0274,2026-04-24,Closed Won,1.0,2026-03-11,514500
Project 0274,2026-03-24,Closed Won,1.0,2026-03-11,514500
Project 0275,2026-08-24,Qualified,0.35,2026-06-27,750600
Project 0275,2026-07-24,Qualified,0.35,2026-06-27,750600
Project 0275,2026-06-24,Qualified,0.35,2026-06-27,750600
Project 0275,2026-05-24,Qualified,0.35,2026-06-27,750600
Project 0275,2026-04-24,Qualified,0.35,2026-06-27,750600
Project 0275,2026-03-24,Qualified,0.35,2026-06-27,750600
Project 0276,2026-08-24,Closed Won,1.0,2025-10-22,626800
Project 0276,2026-07-24,Closed Won,1.0,2025-10-22,626800
Project 0276,2026-06-24,Closed Won,1.0,2025-10-22,626800
Project 0276,2026-05-24,Closed Won,1.0,2025-10-22,626800
Project 0276,2026-04-24,Closed Won,1.0,2025-10-22,626800
Project 0276,2026-03-24,Closed Won,1.0,2025-10-22,626800
Project 0277,2026-08-24,In Delivery,0.75,2025-10-07,1501150
Project 0277,2026-07-24,In Delivery,0.75,2025-10-07,1501150
Project 0277,2026-06-24,In Delivery,0.75,2025-10-07,1501150
Project 0277,2026-05-24,In Delivery,0.75,2025-10-07,1501150
Project 0277,2026-04-24,In Delivery,0.75,2025-10-07,1501150
Project 0277,2026-03-24,In Delivery,0.75,2025-10-07,1501150
Project 0278,2026-08-24,Prospect,0.15,2027-01-13,1286000
Project 0278,2026-07-24,Prospect,0.15,2027-01-13,1286000
Project 0278,2026-06-24,Prospect,0.15,2027-01-13,1286000
Project 0278,2026-05-24,Prospect,0.15,2027-01-13,1286000
Project 0278,2026-04-24,Prospect,0.15,2027-01-13,1286000
Project 0278,2026-03-24,Prospect,0.15,2027-01-13,1286000
Project 0279,2026-08-24,In Delivery,0.75,2027-02-21,206550
Project 0279,2026-07-24,In Delivery,0.75,2027-02-21,206550
Project 0279,2026-06-24,In Delivery,0.75,2027-02-21,206550
Project 0279,2026-05-24,In Delivery,0.75,2027-02-21,206550
Project 0279,2026-04-24,In Delivery,0.75,2027-02-21,206550
Project 0279,2026-03-24,In Delivery,0.75,2027-02-21,206550
Project 0280,2026-08-24,Qualified,0.35,2025-12-05,757500
Project 0280,2026-07-24,Qualified,0.35,2025-12-05,757500
Project 0280,2026-06-24,Qualified,0.35,2025-12-05,757500
Project 0280,2026-05-24,Qualified,0.35,2025-12-05,757500
Project 0280,2026-04-24,Qualified,0.35,2025-12-05,757500
Project 0280,2026-03-24,Qualified,0.35,2025-12-05,757500
Project 0281,2026-08-24,Prospect,0.15,2027-03-29,713300
Project 0281,2026-07-24,Prospect,0.15,2027-03-29,713300
Project 0281,2026-06-24,Prospect,0.15,2027-03-29,713300
Project 0281,2026-05-24,Prospect,0.15,2027-03-29,713300
Project 0281,2026-04-24,Prospect,0.15,2027-03-29,713300
Project 0281,2026-03-24,Prospect,0.15,2027-03-29,713300
Project 0282,2026-08-24,Qualified,0.35,2027-03-06,1616650
Project 0282,2026-07-24,Qualified,0.35,2027-03-06,1616650
Project 0282,2026-06-24,Qualified,0.35,2027-03-06,1616650
Project 0282,2026-05-24,Qualified,0.35,2027-03-06,1616650
Project 0282,2026-04-24,Qualified,0.35,2027-03-06,1616650
Project 0282,2026-03-24,Qualified,0.35,2027-03-06,1616650
Project 0283,2026-08-24,In Delivery,0.75,2025-07-13,171600
Project 0283,2026-07-24,In Delivery,0.75,2025-07-13,171600
Project 0283,2026-06-24,In Delivery,0.75,2025-07-13,171600
Project 0283,2026-05-24,In Delivery,0.75,2025-07-13,171600
Project 0283,2026-04-24,In Delivery,0.75,2025-07-13,171600
Project 0283,2026-03-24,In Delivery,0.75,2025-07-13,171600
Project 0284,2026-08-24,In Delivery,0.75,2025-05-17,91500
Project 0284,2026-07-24,In Delivery,0.75,2025-05-17,91500
Project 0284,2026-06-24,In Delivery,0.75,2025-05-17,91500
Project 0284,2026-05-24,In Delivery,0.75,2025-05-17,91500
Project 0284,2026-04-24,In Delivery,0.75,2025-05-17,91500
Project 0284,2026-03-24,In Delivery,0.75,2025-05-17,91500
Project 0285,2026-08-24,Closed Lost,0.0,2026-07-28,350550
Project 0285,2026-07-24,Closed Lost,0.0,2026-07-28,350550
Project 0285,2026-06-24,Closed Lost,0.0,2026-07-28,350550
Project 0285,2026-05-24,Closed Lost,0.0,2026-07-28,350550
Project 0285,2026-04-24,Closed Lost,0.0,2026-07-28,350550
Project 0285,2026-03-24,Closed Lost,0.0,2026-07-28,350550
Project 0286,2026-08-24,Closed Won,1.0,2026-05-29,578100
Project 0286,2026-07-24,Closed Won,1.0,2026-05-29,578100
Project 0286,2026-06-24,Closed Won,1.0,2026-05-29,578100
Project 0286,2026-05-24,Closed Won,1.0,2026-05-29,578100
Project 0286,2026-04-24,Closed Won,1.0,2026-05-29,578100
Project 0286,2026-03-24,Closed Won,1.0,2026-05-29,578100
Project 0287,2026-08-24,Closed Won,1.0,2026-04-03,482400
Project 0287,2026-07-24,Closed Won,1.0,2026-04-03,482400
Project 0287,2026-06-24,Closed Won,1.0,2026-04-03,482400
Project 0287,2026-05-24,Closed Won,1.0,2026-04-03,482400
Project 0287,2026-04-24,Closed Won,1.0,2026-04-03,482400
Project 0287,2026-03-24,Closed Won,1.0,2026-04-03,482400
Project 0288,2026-08-24,Prospect,0.15,2026-04-12,600000
Project 0288,2026-07-24,Prospect,0.15,2026-04-12,600000
Project 0288,2026-06-24,Prospect,0.15,2026-04-12,600000
Project 0288,2026-05-24,Prospect,0.15,2026-04-12,600000
Project 0288,2026-04-24,Prospect,0.15,2026-04-12,600000
Project 0288,2026-03-24,Prospect,0.15,2026-04-12,600000
Project 0289,2026-08-24,In Delivery,0.75,2025-07-13,393750
Project 0289,2026-07-24,In Delivery,0.75,2025-07-13,393750
Project 0289,2026-06-24,In Delivery,0.75,2025-07-13,393750
Project 0289,2026-05-24,In Delivery,0.75,2025-07-13,393750
Project 0289,2026-04-24,In Delivery,0.75,2025-07-13,393750
Project 0289,2026-03-24,In Delivery,0.75,2025-07-13,393750
Project 0290,2026-08-24,Qualified,0.35,2027-02-02,454800
Project 0290,2026-07-24,Qualified,0.35,2027-02-02,454800
Project 0290,2026-06-24,Qualified,0.35,2027-02-02,454800
Project 0290,2026-05-24,Qualified,0.35,2027-02-02,454800
Project 0290,2026-04-24,Qualified,0.35,2027-02-02,454800
Project 0290,2026-03-24,Qualified,0.35,2027-02-02,454800
Project 0291,2026-08-24,In Delivery,0.75,2025-08-15,86250
Project 0291,2026-07-24,In Delivery,0.75,2025-08-15,86250
Project 0291,2026-06-24,In Delivery,0.75,2025-08-15,86250
Project 0291,2026-05-24,In Delivery,0.75,2025-08-15,86250
Project 0291,2026-04-24,In Delivery,0.75,2025-08-15,86250
Project 0291,2026-03-24,In Delivery,0.75,2025-08-15,86250
Project 0292,2026-08-24,Qualified,0.35,2025-04-17,675800
Project 0292,2026-07-24,Qualified,0.35,2025-04-17,675800
Project 0292,2026-06-24,Qualified,0.35,2025-04-17,675800
Project 0292,2026-05-24,Qualified,0.35,2025-04-17,675800
Project 0292,2026-04-24,Qualified,0.35,2025-04-17,675800
Project 0292,2026-03-24,Qualified,0.35,2025-04-17,675800
Project 0293,2026-08-24,Prospect,0.15,2026-01-01,763000
Project 0293,2026-07-24,Prospect,0.15,2026-01-01,763000
Project 0293,2026-06-24,Prospect,0.15,2026-01-01,763000
Project 0293,2026-05-24,Prospect,0.15,2026-01-01,763000
Project 0293,2026-04-24,Prospect,0.15,2026-01-01,763000
Project 0293,2026-03-24,Prospect,0.15,2026-01-01,763000
Project 0294,2026-08-24,Qualified,0.35,2026-04-19,455000
Project 0294,2026-07-24,Qualified,0.35,2026-04-19,455000
Project 0294,2026-06-24,Qualified,0.35,2026-04-19,455000
Project 0294,2026-05-24,Qualified,0.35,2026-04-19,455000
Project 0294,2026-04-24,Qualified,0.35,2026-04-19,455000
Project 0294,2026-03-24,Qualified,0.35,2026-04-19,455000
Project 0295,2026-08-24,Qualified,0.35,2025-02-14,1595300
Project 0295,2026-07-24,Qualified,0.35,2025-02-14,1595300
Project 0295,2026-06-24,Qualified,0.35,2025-02-14,1595300
Project 0295,2026-05-24,Qualified,0.35,2025-02-14,1595300
Project 0295,2026-04-24,Qualified,0.35,2025-02-14,1595300
Project 0295,2026-03-24,Qualified,0.35,2025-02-14,1595300
Project 0296,2026-08-24,In Delivery,0.75,2026-01-13,1065300
Project 0296,2026-07-24,In Delivery,0.75,2026-01-13,1065300
Project 0296,2026-06-24,In Delivery,0.75,2026-01-13,1065300
Project 0296,2026-05-24,In Delivery,0.75,2026-01-13,1065300
Project 0296,2026-04-24,In Delivery,0.75,2026-01-13,1065300
Project 0296,2026-03-24,In Delivery,0.75,2026-01-13,1065300
Project 0297,2026-08-24,Qualified,0.35,2027-05-07,486500
Project 0297,2026-07-24,Qualified,0.35,2027-05-07,486500
Project 0297,2026-06-24,Qualified,0.35,2027-05-07,486500
Project 0297,2026-05-24,Qualified,0.35,2027-05-07,486500
Project 0297,2026-04-24,Qualified,0.35,2027-05-07,486500
Project 0297,2026-03-24,Qualified,0.35,2027-05-07,486500
Project 0298,2026-08-24,Qualified,0.35,2026-03-08,845600
Project 0298,2026-07-24,Qualified,0.35,2026-03-08,845600
Project 0298,2026-06-24,Qualified,0.35,2026-03-08,845600
Project 0298,2026-05-24,Qualified,0.35,2026-03-08,845600
Project 0298,2026-04-24,Qualified,0.35,2026-03-08,845600
Project 0298,2026-03-24,Qualified,0.35,2026-03-08,845600
Project 0299,2026-08-24,Closed Won,1.0,2025-10-09,829200
Project 0299,2026-07-24,Closed Won,1.0,2025-10-09,829200
Project 0299,2026-06-24,Closed Won,1.0,2025-10-09,829200
Project 0299,2026-05-24,Closed Won,1.0,2025-10-09,829200
Project 0299,2026-04-24,Closed Won,1.0,2025-10-09,829200
Project 0299,2026-03-24,Closed Won,1.0,2025-10-09,829200
Project 0300,2026-08-24,In Delivery,0.75,2025-12-04,106400
Project 0300,2026-07-24,In Delivery,0.75,2025-12-04,106400
Project 0300,2026-06-24,In Delivery,0.75,2025-12-04,106400
Project 0300,2026-05-24,In Delivery,0.75,2025-12-04,106400
Project 0300,2026-04-24,In Delivery,0.75,2025-12-04,106400
Project 0300,2026-03-24,In Delivery,0.75,2025-12-04,106400
Project 0301,2026-08-24,In Delivery,0.75,2025-09-13,892200
Project 0301,2026-07-24,In Delivery,0.75,2025-09-13,892200
Project 0301,2026-06-24,In Delivery,0.75,2025-09-13,892200
Project 0301,2026-05-24,In Delivery,0.75,2025-09-13,892200
Project 0301,2026-04-24,In Delivery,0.75,2025-09-13,892200
Project 0301,2026-03-24,In Delivery,0.75,2025-09-13,892200
Project 0302,2026-08-24,Qualified,0.35,2025-09-12,1764400
Project 0302,2026-07-24,Qualified,0.35,2025-09-12,1764400
Project 0302,2026-06-24,Qualified,0.35,2025-09-12,1764400
Project 0302,2026-05-24,Qualified,0.35,2025-09-12,1764400
Project 0302,2026-04-24,Qualified,0.35,2025-09-12,1764400
Project 0302,2026-03-24,Qualified,0.35,2025-09-12,1764400
Project 0303,2026-08-24,In Delivery,0.75,2026-07-12,536100
Project 0303,2026-07-24,In Delivery,0.75,2026-07-12,536100
Project 0303,2026-06-24,In Delivery,0.75,2026-07-12,536100
Project 0303,2026-05-24,In Delivery,0.75,2026-07-12,536100
Project 0303,2026-04-24,In Delivery,0.75,2026-07-12,536100
Project 0303,2026-03-24,In Delivery,0.75,2026-07-12,536100
Project 0304,2026-08-24,In Delivery,0.75,2025-05-20,947700
Project 0304,2026-07-24,In Delivery,0.75,2025-05-20,947700
Project 0304,2026-06-24,In Delivery,0.75,2025-05-20,947700
Project 0304,2026-05-24,In Delivery,0.75,2025-05-20,947700
Project 0304,2026-04-24,In Delivery,0.75,2025-05-20,947700
Project 0304,2026-03-24,In Delivery,0.75,2025-05-20,947700
Project 0305,2026-08-24,Closed Won,1.0,2025-05-18,130800
Project 0305,2026-07-24,Closed Won,1.0,2025-05-18,130800
Project 0305,2026-06-24,Closed Won,1.0,2025-05-18,130800
Project 0305,2026-05-24,Closed Won,1.0,2025-05-18,130800
Project 0305,2026-04-24,Closed Won,1.0,2025-05-18,130800
Project 0305,2026-03-24,Closed Won,1.0,2025-05-18,130800
Project 0306,2026-08-24,Closed Won,1.0,2026-05-01,104400
Project 0306,2026-07-24,Closed Won,1.0,2026-05-01,104400
Project 0306,2026-06-24,Closed Won,1.0,2026-05-01,104400
Project 0306,2026-05-24,Closed Won,1.0,2026-05-01,104400
Project 0306,2026-04-24,Closed Won,1.0,2026-05-01,104400
Project 0306,2026-03-24,Closed Won,1.0,2026-05-01,104400
Project 0307,2026-08-24,In Delivery,0.75,2026-01-22,1082800
Project 0307,2026-07-24,In Delivery,0.75,2026-01-22,1082800
Project 0307,2026-06-24,In Delivery,0.75,2026-01-22,1082800
Project 0307,2026-05-24,In Delivery,0.75,2026-01-22,1082800
Project 0307,2026-04-24,In Delivery,0.75,2026-01-22,1082800
Project 0307,2026-03-24,In Delivery,0.75,2026-01-22,1082800
Project 0308,2026-08-24,Qualified,0.35,2026-08-01,270150
Project 0308,2026-07-24,Qualified,0.35,2026-08-01,270150
Project 0308,2026-06-24,Qualified,0.35,2026-08-01,270150
Project 0308,2026-05-24,Qualified,0.35,2026-08-01,270150
Project 0308,2026-04-24,Qualified,0.35,2026-08-01,270150
Project 0308,2026-03-24,Qualified,0.35,2026-08-01,270150
Project 0309,2026-08-24,In Delivery,0.75,2026-12-28,385000
Project 0309,2026-07-24,In Delivery,0.75,2026-12-28,385000
Project 0309,2026-06-24,In Delivery,0.75,2026-12-28,385000
Project 0309,2026-05-24,In Delivery,0.75,2026-12-28,385000
Project 0309,2026-04-24,In Delivery,0.75,2026-12-28,385000
Project 0309,2026-03-24,In Delivery,0.75,2026-12-28,385000
Project 0310,2026-08-24,In Delivery,0.75,2027-03-15,1391100
Project 0310,2026-07-24,In Delivery,0.75,2027-03-15,1391100
Project 0310,2026-06-24,In Delivery,0.75,2027-03-15,1391100
Project 0310,2026-05-24,In Delivery,0.75,2027-03-15,1391100
Project 0310,2026-04-24,In Delivery,0.75,2027-03-15,1391100
Project 0310,2026-03-24,In Delivery,0.75,2027-03-15,1391100
Project 0311,2026-08-24,Qualified,0.35,2026-06-07,585000
Project 0311,2026-07-24,Qualified,0.35,2026-06-07,585000
Project 0311,2026-06-24,Qualified,0.35,2026-06-07,585000
Project 0311,2026-05-24,Qualified,0.35,2026-06-07,585000
Project 0311,2026-04-24,Qualified,0.35,2026-06-07,585000
Project 0311,2026-03-24,Qualified,0.35,2026-06-07,585000
Project 0312,2026-08-24,Closed Won,1.0,2026-10-30,83250
Project 0312,2026-07-24,Closed Won,1.0,2026-10-30,83250
Project 0312,2026-06-24,Closed Won,1.0,2026-10-30,83250
Project 0312,2026-05-24,Closed Won,1.0,2026-10-30,83250
Project 0312,2026-04-24,Closed Won,1.0,2026-10-30,83250
Project 0312,2026-03-24,Closed Won,1.0,2026-10-30,83250
Project 0313,2026-08-24,Qualified,0.35,2026-02-05,1106250
Project 0313,2026-07-24,Qualified,0.35,2026-02-05,1106250
Project 0313,2026-06-24,Qualified,0.35,2026-02-05,1106250
Project 0313,2026-05-24,Qualified,0.35,2026-02-05,1106250
Project 0313,2026-04-24,Qualified,0.35,2026-02-05,1106250
Project 0313,2026-03-24,Qualified,0.35,2026-02-05,1106250
Project 0314,2026-08-24,In Delivery,0.75,2026-11-28,327750
Project 0314,2026-07-24,In Delivery,0.75,2026-11-28,327750
Project 0314,2026-06-24,In Delivery,0.75,2026-11-28,327750
Project 0314,2026-05-24,In Delivery,0.75,2026-11-28,327750
Project 0314,2026-04-24,In Delivery,0.75,2026-11-28,327750
Project 0314,2026-03-24,In Delivery,0.75,2026-11-28,327750
Project 0315,2026-08-24,In Delivery,0.75,2026-03-24,533200
Project 0315,2026-07-24,In Delivery,0.75,2026-03-24,533200
Project 0315,2026-06-24,In Delivery,0.75,2026-03-24,533200
Project 0315,2026-05-24,In Delivery,0.75,2026-03-24,533200
Project 0315,2026-04-24,In Delivery,0.75,2026-03-24,533200
Project 0315,2026-03-24,In Delivery,0.75,2026-03-24,533200
Project 0316,2026-08-24,Prospect,0.15,2025-07-22,632800
Project 0316,2026-07-24,Prospect,0.15,2025-07-22,632800
Project 0316,2026-06-24,Prospect,0.15,2025-07-22,632800
Project 0316,2026-05-24,Prospect,0.15,2025-07-22,632800
Project 0316,2026-04-24,Prospect,0.15,2025-07-22,632800
Project 0316,2026-03-24,Prospect,0.15,2025-07-22,632800
Project 0317,2026-08-24,In Delivery,0.75,2025-02-08,1326900
Project 0317,2026-07-24,In Delivery,0.75,2025-02-08,1326900
Project 0317,2026-06-24,In Delivery,0.75,2025-02-08,1326900
Project 0317,2026-05-24,In Delivery,0.75,2025-02-08,1326900
Project 0317,2026-04-24,In Delivery,0.75,2025-02-08,1326900
Project 0317,2026-03-24,In Delivery,0.75,2025-02-08,1326900
Project 0318,2026-08-24,Qualified,0.35,2025-02-01,1077600
Project 0318,2026-07-24,Qualified,0.35,2025-02-01,1077600
Project 0318,2026-06-24,Qualified,0.35,2025-02-01,1077600
Project 0318,2026-05-24,Qualified,0.35,2025-02-01,1077600
Project 0318,2026-04-24,Qualified,0.35,2025-02-01,1077600
Project 0318,2026-03-24,Qualified,0.35,2025-02-01,1077600
Project 0319,2026-08-24,Prospect,0.15,2026-03-22,430600
Project 0319,2026-07-24,Prospect,0.15,2026-03-22,430600
Project 0319,2026-06-24,Prospect,0.15,2026-03-22,430600
Project 0319,2026-05-24,Prospect,0.15,2026-03-22,430600
Project 0319,2026-04-24,Prospect,0.15,2026-03-22,430600
Project 0319,2026-03-24,Prospect,0.15,2026-03-22,430600
Project 0320,2026-08-24,Prospect,0.15,2026-12-12,164000
Project 0320,2026-07-24,Prospect,0.15,2026-12-12,164000
Project 0320,2026-06-24,Prospect,0.15,2026-12-12,164000
Project 0320,2026-05-24,Prospect,0.15,2026-12-12,164000
Project 0320,2026-04-24,Prospect,0.15,2026-12-12,164000
Project 0320,2026-03-24,Prospect,0.15,2026-12-12,164000
Project 0321,2026-08-24,Qualified,0.35,2025-11-08,179700
Project 0321,2026-07-24,Qualified,0.35,2025-11-08,179700
Project 0321,2026-06-24,Qualified,0.35,2025-11-08,179700
Project 0321,2026-05-24,Qualified,0.35,2025-11-08,179700
Project 0321,2026-04-24,Qualified,0.35,2025-11-08,179700
Project 0321,2026-03-24,Qualified,0.35,2025-11-08,179700
Project 0322,2026-08-24,Qualified,0.35,2026-07-18,704400
Project 0322,2026-07-24,Qualified,0.35,2026-07-18,704400
Project 0322,2026-06-24,Qualified,0.35,2026-07-18,704400
Project 0322,2026-05-24,Qualified,0.35,2026-07-18,704400
Project 0322,2026-04-24,Qualified,0.35,2026-07-18,704400
Project 0322,2026-03-24,Qualified,0.35,2026-07-18,704400
Project 0323,2026-08-24,Closed Won,1.0,2025-01-20,512400
Project 0323,2026-07-24,Closed Won,1.0,2025-01-20,512400
Project 0323,2026-06-24,Closed Won,1.0,2025-01-20,512400
Project 0323,2026-05-24,Closed Won,1.0,2025-01-20,512400
Project 0323,2026-04-24,Closed Won,1.0,2025-01-20,512400
Project 0323,2026-03-24,Closed Won,1.0,2025-01-20,512400
Project 0324,2026-08-24,In Delivery,0.75,2026-03-11,1291600
Project 0324,2026-07-24,In Delivery,0.75,2026-03-11,1291600
Project 0324,2026-06-24,In Delivery,0.75,2026-03-11,1291600
Project 0324,2026-05-24,In Delivery,0.75,2026-03-11,1291600
Project 0324,2026-04-24,In Delivery,0.75,2026-03-11,1291600
Project 0324,2026-03-24,In Delivery,0.75,2026-03-11,1291600
Project 0325,2026-08-24,Prospect,0.15,2026-05-17,1872400
Project 0325,2026-07-24,Prospect,0.15,2026-05-17,1872400
Project 0325,2026-06-24,Prospect,0.15,2026-05-17,1872400
Project 0325,2026-05-24,Prospect,0.15,2026-05-17,1872400
Project 0325,2026-04-24,Prospect,0.15,2026-05-17,1872400
Project 0325,2026-03-24,Prospect,0.15,2026-05-17,1872400
Project 0326,2026-08-24,Closed Won,1.0,2027-05-11,165000
Project 0326,2026-07-24,Closed Won,1.0,2027-05-11,165000
Project 0326,2026-06-24,Closed Won,1.0,2027-05-11,165000
Project 0326,2026-05-24,Closed Won,1.0,2027-05-11,165000
Project 0326,2026-04-24,Closed Won,1.0,2027-05-11,165000
Project 0326,2026-03-24,Closed Won,1.0,2027-05-11,165000
Project 0327,2026-08-24,In Delivery,0.75,2026-10-10,904750
Project 0327,2026-07-24,In Delivery,0.75,2026-10-10,904750
Project 0327,2026-06-24,In Delivery,0.75,2026-10-10,904750
Project 0327,2026-05-24,In Delivery,0.75,2026-10-10,904750
Project 0327,2026-04-24,In Delivery,0.75,2026-10-10,904750
Project 0327,2026-03-24,In Delivery,0.75,2026-10-10,904750
Project 0328,2026-08-24,Prospect,0.15,2025-08-02,1248750
Project 0328,2026-07-24,Prospect,0.15,2025-08-02,1248750
Project 0328,2026-06-24,Prospect,0.15,2025-08-02,1248750
Project 0328,2026-05-24,Prospect,0.15,2025-08-02,1248750
Project 0328,2026-04-24,Prospect,0.15,2025-08-02,1248750
Project 0328,2026-03-24,Prospect,0.15,2025-08-02,1248750
Project 0329,2026-08-24,In Delivery,0.75,2025-10-16,223500
Project 0329,2026-07-24,In Delivery,0.75,2025-10-16,223500
Project 0329,2026-06-24,In Delivery,0.75,2025-10-16,223500
Project 0329,2026-05-24,In Delivery,0.75,2025-10-16,223500
Project 0329,2026-04-24,In Delivery,0.75,2025-10-16,223500
Project 0329,2026-03-24,In Delivery,0.75,2025-10-16,223500
Project 0330,2026-08-24,Qualified,0.35,2025-10-08,580650
Project 0330,2026-07-24,Qualified,0.35,2025-10-08,580650
Project 0330,2026-06-24,Qualified,0.35,2025-10-08,580650
Project 0330,2026-05-24,Qualified,0.35,2025-10-08,580650
Project 0330,2026-04-24,Qualified,0.35,2025-10-08,580650
Project 0330,2026-03-24,Qualified,0.35,2025-10-08,580650
Project 0331,2026-08-24,Closed Won,1.0,2026-11-01,660000
Project 0331,2026-07-24,Closed Won,1.0,2026-11-01,660000
Project 0331,2026-06-24,Closed Won,1.0,2026-11-01,660000
Project 0331,2026-05-24,Closed Won,1.0,2026-11-01,660000
Project 0331,2026-04-24,Closed Won,1.0,2026-11-01,660000
Project 0331,2026-03-24,Closed Won,1.0,2026-11-01,660000
Project 0332,2026-08-24,Qualified,0.35,2026-12-07,88200
Project 0332,2026-07-24,Qualified,0.35,2026-12-07,88200
Project 0332,2026-06-24,Qualified,0.35,2026-12-07,88200
Project 0332,2026-05-24,Qualified,0.35,2026-12-07,88200
Project 0332,2026-04-24,Qualified,0.35,2026-12-07,88200
Project 0332,2026-03-24,Qualified,0.35,2026-12-07,88200
Project 0333,2026-08-24,In Delivery,0.75,2026-06-24,243750
Project 0333,2026-07-24,In Delivery,0.75,2026-06-24,243750
Project 0333,2026-06-24,In Delivery,0.75,2026-06-24,243750
Project 0333,2026-05-24,In Delivery,0.75,2026-06-24,243750
Project 0333,2026-04-24,In Delivery,0.75,2026-06-24,243750
Project 0333,2026-03-24,In Delivery,0.75,2026-06-24,243750
Project 0334,2026-08-24,In Delivery,0.75,2026-07-02,821800
Project 0334,2026-07-24,In Delivery,0.75,2026-07-02,821800
Project 0334,2026-06-24,In Delivery,0.75,2026-07-02,821800
Project 0334,2026-05-24,In Delivery,0.75,2026-07-02,821800
Project 0334,2026-04-24,In Delivery,0.75,2026-07-02,821800
Project 0334,2026-03-24,In Delivery,0.75,2026-07-02,821800
Project 0335,2026-08-24,Prospect,0.15,2025-01-14,151750
Project 0335,2026-07-24,Prospect,0.15,2025-01-14,151750
Project 0335,2026-06-24,Prospect,0.15,2025-01-14,151750
Project 0335,2026-05-24,Prospect,0.15,2025-01-14,151750
Project 0335,2026-04-24,Prospect,0.15,2025-01-14,151750
Project 0335,2026-03-24,Prospect,0.15,2025-01-14,151750
Project 0336,2026-08-24,Qualified,0.35,2026-07-26,860000
Project 0336,2026-07-24,Qualified,0.35,2026-07-26,860000
Project 0336,2026-06-24,Qualified,0.35,2026-07-26,860000
Project 0336,2026-05-24,Qualified,0.35,2026-07-26,860000
Project 0336,2026-04-24,Qualified,0.35,2026-07-26,860000
Project 0336,2026-03-24,Qualified,0.35,2026-07-26,860000
Project 0337,2026-08-24,Closed Won,1.0,2025-12-25,823800
Project 0337,2026-07-24,Closed Won,1.0,2025-12-25,823800
Project 0337,2026-06-24,Closed Won,1.0,2025-12-25,823800
Project 0337,2026-05-24,Closed Won,1.0,2025-12-25,823800
Project 0337,2026-04-24,Closed Won,1.0,2025-12-25,823800
Project 0337,2026-03-24,Closed Won,1.0,2025-12-25,823800
Project 0338,2026-08-24,Closed Won,1.0,2025-08-10,553400
Project 0338,2026-07-24,Closed Won,1.0,2025-08-10,553400
Project 0338,2026-06-24,Closed Won,1.0,2025-08-10,553400
Project 0338,2026-05-24,Closed Won,1.0,2025-08-10,553400
Project 0338,2026-04-24,Closed Won,1.0,2025-08-10,553400
Project 0338,2026-03-24,Closed Won,1.0,2025-08-10,553400
Project 0339,2026-08-24,Qualified,0.35,2026-01-16,605850
Project 0339,2026-07-24,Qualified,0.35,2026-01-16,605850
Project 0339,2026-06-24,Qualified,0.35,2026-01-16,605850
Project 0339,2026-05-24,Qualified,0.35,2026-01-16,605850
Project 0339,2026-04-24,Qualified,0.35,2026-01-16,605850
Project 0339,2026-03-24,Qualified,0.35,2026-01-16,605850
Project 0340,2026-08-24,Qualified,0.35,2026-07-17,276000
Project 0340,2026-07-24,Qualified,0.35,2026-07-17,276000
Project 0340,2026-06-24,Qualified,0.35,2026-07-17,276000
Project 0340,2026-05-24,Qualified,0.35,2026-07-17,276000
Project 0340,2026-04-24,Qualified,0.35,2026-07-17,276000
Project 0340,2026-03-24,Qualified,0.35,2026-07-17,276000
Project 0341,2026-08-24,Closed Lost,0.0,2025-09-24,718800
Project 0341,2026-07-24,Closed Lost,0.0,2025-09-24,718800
Project 0341,2026-06-24,Closed Lost,0.0,2025-09-24,718800
Project 0341,2026-05-24,Closed Lost,0.0,2025-09-24,718800
Project 0341,2026-04-24,Closed Lost,0.0,2025-09-24,718800
Project 0341,2026-03-24,Closed Lost,0.0,2025-09-24,718800
Project 0342,2026-08-24,Closed Won,1.0,2026-03-22,1254900
Project 0342,2026-07-24,Closed Won,1.0,2026-03-22,1254900
Project 0342,2026-06-24,Closed Won,1.0,2026-03-22,1254900
Project 0342,2026-05-24,Closed Won,1.0,2026-03-22,1254900
Project 0342,2026-04-24,Closed Won,1.0,2026-03-22,1254900
Project 0342,2026-03-24,Closed Won,1.0,2026-03-22,1254900
Project 0343,2026-08-24,Prospect,0.15,2025-04-30,364500
Project 0343,2026-07-24,Prospect,0.15,2025-04-30,364500
Project 0343,2026-06-24,Prospect,0.15,2025-04-30,364500
Project 0343,2026-05-24,Prospect,0.15,2025-04-30,364500
Project 0343,2026-04-24,Prospect,0.15,2025-04-30,364500
Project 0343,2026-03-24,Prospect,0.15,2025-04-30,364500
Project 0344,2026-08-24,Closed Won,1.0,2027-02-16,798300
Project 0344,2026-07-24,Closed Won,1.0,2027-02-16,798300
Project 0344,2026-06-24,Closed Won,1.0,2027-02-16,798300
Project 0344,2026-05-24,Closed Won,1.0,2027-02-16,798300
Project 0344,2026-04-24,Closed Won,1.0,2027-02-16,798300
Project 0344,2026-03-24,Closed Won,1.0,2027-02-16,798300
Project 0345,2026-08-24,Prospect,0.15,2026-07-25,1047000
Project 0345,2026-07-24,Prospect,0.15,2026-07-25,1047000
Project 0345,2026-06-24,Prospect,0.15,2026-07-25,1047000
Project 0345,2026-05-24,Prospect,0.15,2026-07-25,1047000
Project 0345,2026-04-24,Prospect,0.15,2026-07-25,1047000
Project 0345,2026-03-24,Prospect,0.15,2026-07-25,1047000
Project 0346,2026-08-24,Closed Won,1.0,2026-10-23,291200
Project 0346,2026-07-24,Closed Won,1.0,2026-10-23,291200
Project 0346,2026-06-24,Closed Won,1.0,2026-10-23,291200
Project 0346,2026-05-24,Closed Won,1.0,2026-10-23,291200
Project 0346,2026-04-24,Closed Won,1.0,2026-10-23,291200
Project 0346,2026-03-24,Closed Won,1.0,2026-10-23,291200
Project 0347,2026-08-24,Closed Won,1.0,2026-12-15,253800
Project 0347,2026-07-24,Closed Won,1.0,2026-12-15,253800
Project 0347,2026-06-24,Closed Won,1.0,2026-12-15,253800
Project 0347,2026-05-24,Closed Won,1.0,2026-12-15,253800
Project 0347,2026-04-24,Closed Won,1.0,2026-12-15,253800
Project 0347,2026-03-24,Closed Won,1.0,2026-12-15,253800
Project 0348,2026-08-24,Closed Lost,0.0,2026-03-29,834300
Project 0348,2026-07-24,Closed Lost,0.0,2026-03-29,834300
Project 0348,2026-06-24,Closed Lost,0.0,2026-03-29,834300
Project 0348,2026-05-24,Closed Lost,0.0,2026-03-29,834300
Project 0348,2026-04-24,Closed Lost,0.0,2026-03-29,834300
Project 0348,2026-03-24,Closed Lost,0.0,2026-03-29,834300
Project 0349,2026-08-24,Closed Won,1.0,2025-05-22,96400
Project 0349,2026-07-24,Closed Won,1.0,2025-05-22,96400
Project 0349,2026-06-24,Closed Won,1.0,2025-05-22,96400
Project 0349,2026-05-24,Closed Won,1.0,2025-05-22,96400
Project 0349,2026-04-24,Closed Won,1.0,2025-05-22,96400
Project 0349,2026-03-24,Closed Won,1.0,2025-05-22,96400
Project 0350,2026-08-24,Qualified,0.35,2026-05-07,933800
Project 0350,2026-07-24,Qualified,0.35,2026-05-07,933800
Project 0350,2026-06-24,Qualified,0.35,2026-05-07,933800
Project 0350,2026-05-24,Qualified,0.35,2026-05-07,933800
Project 0350,2026-04-24,Qualified,0.35,2026-05-07,933800
Project 0350,2026-03-24,Qualified,0.35,2026-05-07,933800
Project 0351,2026-08-24,Prospect,0.15,2027-07-15,77700
Project 0351,2026-07-24,Prospect,0.15,2027-07-15,77700
Project 0351,2026-06-24,Prospect,0.15,2027-07-15,77700
Project 0351,2026-05-24,Prospect,0.15,2027-07-15,77700
Project 0351,2026-04-24,Prospect,0.15,2027-07-15,77700
Project 0351,2026-03-24,Prospect,0.15,2027-07-15,77700
Project 0352,2026-08-24,Prospect,0.15,2025-03-18,112200
Project 0352,2026-07-24,Prospect,0.15,2025-03-18,112200
Project 0352,2026-06-24,Prospect,0.15,2025-03-18,112200
Project 0352,2026-05-24,Prospect,0.15,2025-03-18,112200
Project 0352,2026-04-24,Prospect,0.15,2025-03-18,112200
Project 0352,2026-03-24,Prospect,0.15,2025-03-18,112200
Project 0353,2026-08-24,Closed Won,1.0,2025-06-29,411000
Project 0353,2026-07-24,Closed Won,1.0,2025-06-29,411000
Project 0353,2026-06-24,Closed Won,1.0,2025-06-29,411000
Project 0353,2026-05-24,Closed Won,1.0,2025-06-29,411000
Project 0353,2026-04-24,Closed Won,1.0,2025-06-29,411000
Project 0353,2026-03-24,Closed Won,1.0,2025-06-29,411000
Project 0354,2026-08-24,In Delivery,0.75,2026-07-16,224400
Project 0354,2026-07-24,In Delivery,0.75,2026-07-16,224400
Project 0354,2026-06-24,In Delivery,0.75,2026-07-16,224400
Project 0354,2026-05-24,In Delivery,0.75,2026-07-16,224400
Project 0354,2026-04-24,In Delivery,0.75,2026-07-16,224400
Project 0354,2026-03-24,In Delivery,0.75,2026-07-16,224400
Project 0355,2026-08-24,Closed Won,1.0,2027-05-08,205200
Project 0355,2026-07-24,Closed Won,1.0,2027-05-08,205200
Project 0355,2026-06-24,Closed Won,1.0,2027-05-08,205200
Project 0355,2026-05-24,Closed Won,1.0,2027-05-08,205200
Project 0355,2026-04-24,Closed Won,1.0,2027-05-08,205200
Project 0355,2026-03-24,Closed Won,1.0,2027-05-08,205200
Project 0356,2026-08-24,Closed Won,1.0,2027-03-13,708500
Project 0356,2026-07-24,Closed Won,1.0,2027-03-13,708500
Project 0356,2026-06-24,Closed Won,1.0,2027-03-13,708500
Project 0356,2026-05-24,Closed Won,1.0,2027-03-13,708500
Project 0356,2026-04-24,Closed Won,1.0,2027-03-13,708500
Project 0356,2026-03-24,Closed Won,1.0,2027-03-13,708500
Project 0357,2026-08-24,Qualified,0.35,2025-12-18,248600
Project 0357,2026-07-24,Qualified,0.35,2025-12-18,248600
Project 0357,2026-06-24,Qualified,0.35,2025-12-18,248600
Project 0357,2026-05-24,Qualified,0.35,2025-12-18,248600
Project 0357,2026-04-24,Qualified,0.35,2025-12-18,248600
Project 0357,2026-03-24,Qualified,0.35,2025-12-18,248600
Project 0358,2026-08-24,In Delivery,0.75,2026-05-12,778050
Project 0358,2026-07-24,In Delivery,0.75,2026-05-12,778050
Project 0358,2026-06-24,In Delivery,0.75,2026-05-12,778050
Project 0358,2026-05-24,In Delivery,0.75,2026-05-12,778050
Project 0358,2026-04-24,In Delivery,0.75,2026-05-12,778050
Project 0358,2026-03-24,In Delivery,0.75,2026-05-12,778050
Project 0359,2026-08-24,Qualified,0.35,2026-03-30,756000
Project 0359,2026-07-24,Qualified,0.35,2026-03-30,756000
Project 0359,2026-06-24,Qualified,0.35,2026-03-30,756000
Project 0359,2026-05-24,Qualified,0.35,2026-03-30,756000
Project 0359,2026-04-24,Qualified,0.35,2026-03-30,756000
Project 0359,2026-03-24,Qualified,0.35,2026-03-30,756000
Project 0360,2026-08-24,In Delivery,0.75,2025-10-14,1258800
Project 0360,2026-07-24,In Delivery,0.75,2025-10-14,1258800
Project 0360,2026-06-24,In Delivery,0.75,2025-10-14,1258800
Project 0360,2026-05-24,In Delivery,0.75,2025-10-14,1258800
Project 0360,2026-04-24,In Delivery,0.75,2025-10-14,1258800
Project 0360,2026-03-24,In Delivery,0.75,2025-10-14,1258800
Project 0361,2026-08-24,In Delivery,0.75,2026-07-07,1037700
Project 0361,2026-07-24,In Delivery,0.75,2026-07-07,1037700
Project 0361,2026-06-24,In Delivery,0.75,2026-07-07,1037700
Project 0361,2026-05-24,In Delivery,0.75,2026-07-07,1037700
Project 0361,2026-04-24,In Delivery,0.75,2026-07-07,1037700
Project 0361,2026-03-24,In Delivery,0.75,2026-07-07,1037700
Project 0362,2026-08-24,Closed Won,1.0,2024-12-07,952200
Project 0362,2026-07-24,Closed Won,1.0,2024-12-07,952200
Project 0362,2026-06-24,Closed Won,1.0,2024-12-07,952200
Project 0362,2026-05-24,Closed Won,1.0,2024-12-07,952200
Project 0362,2026-04-24,Closed Won,1.0,2024-12-07,952200
Project 0362,2026-03-24,Closed Won,1.0,2024-12-07,952200
Project 0363,2026-08-24,Prospect,0.15,2026-09-16,671700
Project 0363,2026-07-24,Prospect,0.15,2026-09-16,671700
Project 0363,2026-06-24,Prospect,0.15,2026-09-16,671700
Project 0363,2026-05-24,Prospect,0.15,2026-09-16,671700
Project 0363,2026-04-24,Prospect,0.15,2026-09-16,671700
Project 0363,2026-03-24,Prospect,0.15,2026-09-16,671700
Project 0364,2026-08-24,In Delivery,0.75,2026-12-05,752500
Project 0364,2026-07-24,In Delivery,0.75,2026-12-05,752500
Project 0364,2026-06-24,In Delivery,0.75,2026-12-05,752500
Project 0364,2026-05-24,In Delivery,0.75,2026-12-05,752500
Project 0364,2026-04-24,In Delivery,0.75,2026-12-05,752500
Project 0364,2026-03-24,In Delivery,0.75,2026-12-05,752500
Project 0365,2026-08-24,In Delivery,0.75,2025-06-29,884000
Project 0365,2026-07-24,In Delivery,0.75,2025-06-29,884000
Project 0365,2026-06-24,In Delivery,0.75,2025-06-29,884000
Project 0365,2026-05-24,In Delivery,0.75,2025-06-29,884000
Project 0365,2026-04-24,In Delivery,0.75,2025-06-29,884000
Project 0365,2026-03-24,In Delivery,0.75,2025-06-29,884000
Project 0366,2026-08-24,In Delivery,0.75,2025-08-05,1284850
Project 0366,2026-07-24,In Delivery,0.75,2025-08-05,1284850
Project 0366,2026-06-24,In Delivery,0.75,2025-08-05,1284850
Project 0366,2026-05-24,In Delivery,0.75,2025-08-05,1284850
Project 0366,2026-04-24,In Delivery,0.75,2025-08-05,1284850
Project 0366,2026-03-24,In Delivery,0.75,2025-08-05,1284850
Project 0367,2026-08-24,Prospect,0.15,2026-06-09,1558400
Project 0367,2026-07-24,Prospect,0.15,2026-06-09,1558400
Project 0367,2026-06-24,Prospect,0.15,2026-06-09,1558400
Project 0367,2026-05-24,Prospect,0.15,2026-06-09,1558400
Project 0367,2026-04-24,Prospect,0.15,2026-06-09,1558400
Project 0367,2026-03-24,Prospect,0.15,2026-06-09,1558400
Project 0368,2026-08-24,Closed Won,1.0,2025-09-27,983500
Project 0368,2026-07-24,Closed Won,1.0,2025-09-27,983500
Project 0368,2026-06-24,Closed Won,1.0,2025-09-27,983500
Project 0368,2026-05-24,Closed Won,1.0,2025-09-27,983500
Project 0368,2026-04-24,Closed Won,1.0,2025-09-27,983500
Project 0368,2026-03-24,Closed Won,1.0,2025-09-27,983500
Project 0369,2026-08-24,Closed Won,1.0,2027-02-18,330450
Project 0369,2026-07-24,Closed Won,1.0,2027-02-18,330450
Project 0369,2026-06-24,Closed Won,1.0,2027-02-18,330450
Project 0369,2026-05-24,Closed Won,1.0,2027-02-18,330450
Project 0369,2026-04-24,Closed Won,1.0,2027-02-18,330450
Project 0369,2026-03-24,Closed Won,1.0,2027-02-18,330450
Project 0370,2026-08-24,In Delivery,0.75,2025-10-27,986600
Project 0370,2026-07-24,In Delivery,0.75,2025-10-27,986600
Project 0370,2026-06-24,In Delivery,0.75,2025-10-27,986600
Project 0370,2026-05-24,In Delivery,0.75,2025-10-27,986600
Project 0370,2026-04-24,In Delivery,0.75,2025-10-27,986600
Project 0370,2026-03-24,In Delivery,0.75,2025-10-27,986600
Project 0371,2026-08-24,Prospect,0.15,2026-04-30,265500
Project 0371,2026-07-24,Prospect,0.15,2026-04-30,265500
Project 0371,2026-06-24,Prospect,0.15,2026-04-30,265500
Project 0371,2026-05-24,Prospect,0.15,2026-04-30,265500
Project 0371,2026-04-24,Prospect,0.15,2026-04-30,265500
Project 0371,2026-03-24,Prospect,0.15,2026-04-30,265500
Project 0372,2026-08-24,Closed Won,1.0,2025-12-25,1695050
Project 0372,2026-07-24,Closed Won,1.0,2025-12-25,1695050
Project 0372,2026-06-24,Closed Won,1.0,2025-12-25,1695050
Project 0372,2026-05-24,Closed Won,1.0,2025-12-25,1695050
Project 0372,2026-04-24,Closed Won,1.0,2025-12-25,1695050
Project 0372,2026-03-24,Closed Won,1.0,2025-12-25,1695050
Project 0373,2026-08-24,Qualified,0.35,2026-05-26,108600
Project 0373,2026-07-24,Qualified,0.35,2026-05-26,108600
Project 0373,2026-06-24,Qualified,0.35,2026-05-26,108600
Project 0373,2026-05-24,Qualified,0.35,2026-05-26,108600
Project 0373,2026-04-24,Qualified,0.35,2026-05-26,108600
Project 0373,2026-03-24,Qualified,0.35,2026-05-26,108600
Project 0374,2026-08-24,Qualified,0.35,2025-11-29,161600
Project 0374,2026-07-24,Qualified,0.35,2025-11-29,161600
Project 0374,2026-06-24,Qualified,0.35,2025-11-29,161600
Project 0374,2026-05-24,Qualified,0.35,2025-11-29,161600
Project 0374,2026-04-24,Qualified,0.35,2025-11-29,161600
Project 0374,2026-03-24,Qualified,0.35,2025-11-29,161600
Project 0375,2026-08-24,Prospect,0.15,2025-08-29,624250
Project 0375,2026-07-24,Prospect,0.15,2025-08-29,624250
Project 0375,2026-06-24,Prospect,0.15,2025-08-29,624250
Project 0375,2026-05-24,Prospect,0.15,2025-08-29,624250
Project 0375,2026-04-24,Prospect,0.15,2025-08-29,624250
Project 0375,2026-03-24,Prospect,0.15,2025-08-29,624250
Project 0376,2026-08-24,Qualified,0.35,2025-08-25,668200
Project 0376,2026-07-24,Qualified,0.35,2025-08-25,668200
Project 0376,2026-06-24,Qualified,0.35,2025-08-25,668200
Project 0376,2026-05-24,Qualified,0.35,2025-08-25,668200
Project 0376,2026-04-24,Qualified,0.35,2025-08-25,668200
Project 0376,2026-03-24,Qualified,0.35,2025-08-25,668200
Project 0377,2026-08-24,Closed Won,1.0,2025-11-07,329800
Project 0377,2026-07-24,Closed Won,1.0,2025-11-07,329800
Project 0377,2026-06-24,Closed Won,1.0,2025-11-07,329800
Project 0377,2026-05-24,Closed Won,1.0,2025-11-07,329800
Project 0377,2026-04-24,Closed Won,1.0,2025-11-07,329800
Project 0377,2026-03-24,Closed Won,1.0,2025-11-07,329800
Project 0378,2026-08-24,Closed Lost,0.0,2025-10-07,963000
Project 0378,2026-07-24,Closed Lost,0.0,2025-10-07,963000
Project 0378,2026-06-24,Closed Lost,0.0,2025-10-07,963000
Project 0378,2026-05-24,Closed Lost,0.0,2025-10-07,963000
Project 0378,2026-04-24,Closed Lost,0.0,2025-10-07,963000
Project 0378,2026-03-24,Closed Lost,0.0,2025-10-07,963000
Project 0379,2026-08-24,In Delivery,0.75,2026-01-12,1403700
Project 0379,2026-07-24,In Delivery,0.75,2026-01-12,1403700
Project 0379,2026-06-24,In Delivery,0.75,2026-01-12,1403700
Project 0379,2026-05-24,In Delivery,0.75,2026-01-12,1403700
Project 0379,2026-04-24,In Delivery,0.75,2026-01-12,1403700
Project 0379,2026-03-24,In Delivery,0.75,2026-01-12,1403700
Project 0380,2026-08-24,Qualified,0.35,2025-08-08,119550
Project 0380,2026-07-24,Qualified,0.35,2025-08-08,119550
Project 0380,2026-06-24,Qualified,0.35,2025-08-08,119550
Project 0380,2026-05-24,Qualified,0.35,2025-08-08,119550
Project 0380,2026-04-24,Qualified,0.35,2025-08-08,119550
Project 0380,2026-03-24,Qualified,0.35,2025-08-08,119550
Project 0381,2026-08-24,Closed Won,1.0,2025-11-20,343500
Project 0381,2026-07-24,Closed Won,1.0,2025-11-20,343500
Project 0381,2026-06-24,Closed Won,1.0,2025-11-20,343500
Project 0381,2026-05-24,Closed Won,1.0,2025-11-20,343500
Project 0381,2026-04-24,Closed Won,1.0,2025-11-20,343500
Project 0381,2026-03-24,Closed Won,1.0,2025-11-20,343500
Project 0382,2026-08-24,In Delivery,0.75,2025-04-26,686800
Project 0382,2026-07-24,In Delivery,0.75,2025-04-26,686800
Project 0382,2026-06-24,In Delivery,0.75,2025-04-26,686800
Project 0382,2026-05-24,In Delivery,0.75,2025-04-26,686800
Project 0382,2026-04-24,In Delivery,0.75,2025-04-26,686800
Project 0382,2026-03-24,In Delivery,0.75,2025-04-26,686800
Project 0383,2026-08-24,Prospect,0.15,2026-12-08,667400
Project 0383,2026-07-24,Prospect,0.15,2026-12-08,667400
Project 0383,2026-06-24,Prospect,0.15,2026-12-08,667400
Project 0383,2026-05-24,Prospect,0.15,2026-12-08,667400
Project 0383,2026-04-24,Prospect,0.15,2026-12-08,667400
Project 0383,2026-03-24,Prospect,0.15,2026-12-08,667400
Project 0384,2026-08-24,Closed Won,1.0,2025-08-16,1953200
Project 0384,2026-07-24,Closed Won,1.0,2025-08-16,1953200
Project 0384,2026-06-24,Closed Won,1.0,2025-08-16,1953200
Project 0384,2026-05-24,Closed Won,1.0,2025-08-16,1953200
Project 0384,2026-04-24,Closed Won,1.0,2025-08-16,1953200
Project 0384,2026-03-24,Closed Won,1.0,2025-08-16,1953200
Project 0385,2026-08-24,Closed Won,1.0,2025-10-10,797650
Project 0385,2026-07-24,Closed Won,1.0,2025-10-10,797650
Project 0385,2026-06-24,Closed Won,1.0,2025-10-10,797650
Project 0385,2026-05-24,Closed Won,1.0,2025-10-10,797650
Project 0385,2026-04-24,Closed Won,1.0,2025-10-10,797650
Project 0385,2026-03-24,Closed Won,1.0,2025-10-10,797650
Project 0386,2026-08-24,Closed Won,1.0,2027-03-07,1046850
Project 0386,2026-07-24,Closed Won,1.0,2027-03-07,1046850
Project 0386,2026-06-24,Closed Won,1.0,2027-03-07,1046850
Project 0386,2026-05-24,Closed Won,1.0,2027-03-07,1046850
Project 0386,2026-04-24,Closed Won,1.0,2027-03-07,1046850
Project 0386,2026-03-24,Closed Won,1.0,2027-03-07,1046850
Project 0387,2026-08-24,Qualified,0.35,2026-12-02,649600
Project 0387,2026-07-24,Qualified,0.35,2026-12-02,649600
Project 0387,2026-06-24,Qualified,0.35,2026-12-02,649600
Project 0387,2026-05-24,Qualified,0.35,2026-12-02,649600
Project 0387,2026-04-24,Qualified,0.35,2026-12-02,649600
Project 0387,2026-03-24,Qualified,0.35,2026-12-02,649600
Project 0388,2026-08-24,Qualified,0.35,2025-11-30,190050
Project 0388,2026-07-24,Qualified,0.35,2025-11-30,190050
Project 0388,2026-06-24,Qualified,0.35,2025-11-30,190050
Project 0388,2026-05-24,Qualified,0.35,2025-11-30,190050
Project 0388,2026-04-24,Qualified,0.35,2025-11-30,190050
Project 0388,2026-03-24,Qualified,0.35,2025-11-30,190050
Project 0389,2026-08-24,In Delivery,0.75,2026-03-07,525200
Project 0389,2026-07-24,In Delivery,0.75,2026-03-07,525200
Project 0389,2026-06-24,In Delivery,0.75,2026-03-07,525200
Project 0389,2026-05-24,In Delivery,0.75,2026-03-07,525200
Project 0389,2026-04-24,In Delivery,0.75,2026-03-07,525200
Project 0389,2026-03-24,In Delivery,0.75,2026-03-07,525200
Project 0390,2026-08-24,Qualified,0.35,2026-04-27,1157100
Project 0390,2026-07-24,Qualified,0.35,2026-04-27,1157100
Project 0390,2026-06-24,Qualified,0.35,2026-04-27,1157100
Project 0390,2026-05-24,Qualified,0.35,2026-04-27,1157100
Project 0390,2026-04-24,Qualified,0.35,2026-04-27,1157100
Project 0390,2026-03-24,Qualified,0.35,2026-04-27,1157100
Project 0391,2026-08-24,In Delivery,0.75,2027-02-06,1941600
Project 0391,2026-07-24,In Delivery,0.75,2027-02-06,1941600
Project 0391,2026-06-24,In Delivery,0.75,2027-02-06,1941600
Project 0391,2026-05-24,In Delivery,0.75,2027-02-06,1941600
Project 0391,2026-04-24,In Delivery,0.75,2027-02-06,1941600
Project 0391,2026-03-24,In Delivery,0.75,2027-02-06,1941600
Project 0392,2026-08-24,Closed Won,1.0,2026-11-16,755500
Project 0392,2026-07-24,Closed Won,1.0,2026-11-16,755500
Project 0392,2026-06-24,Closed Won,1.0,2026-11-16,755500
Project 0392,2026-05-24,Closed Won,1.0,2026-11-16,755500
Project 0392,2026-04-24,Closed Won,1.0,2026-11-16,755500
Project 0392,2026-03-24,Closed Won,1.0,2026-11-16,755500
Project 0393,2026-08-24,Prospect,0.15,2025-03-21,1190000
Project 0393,2026-07-24,Prospect,0.15,2025-03-21,1190000
Project 0393,2026-06-24,Prospect,0.15,2025-03-21,1190000
Project 0393,2026-05-24,Prospect,0.15,2025-03-21,1190000
Project 0393,2026-04-24,Prospect,0.15,2025-03-21,1190000
Project 0393,2026-03-24,Prospect,0.15,2025-03-21,1190000
Project 0394,2026-08-24,In Delivery,0.75,2025-09-11,495250
Project 0394,2026-07-24,In Delivery,0.75,2025-09-11,495250
Project 0394,2026-06-24,In Delivery,0.75,2025-09-11,495250
Project 0394,2026-05-24,In Delivery,0.75,2025-09-11,495250
Project 0394,2026-04-24,In Delivery,0.75,2025-09-11,495250
Project 0394,2026-03-24,In Delivery,0.75,2025-09-11,495250
Project 0395,2026-08-24,In Delivery,0.75,2025-10-13,270900
Project 0395,2026-07-24,In Delivery,0.75,2025-10-13,270900
Project 0395,2026-06-24,In Delivery,0.75,2025-10-13,270900
Project 0395,2026-05-24,In Delivery,0.75,2025-10-13,270900
Project 0395,2026-04-24,In Delivery,0.75,2025-10-13,270900
Project 0395,2026-03-24,In Delivery,0.75,2025-10-13,270900
Project 0396,2026-08-24,Prospect,0.15,2025-12-03,265000
Project 0396,2026-07-24,Prospect,0.15,2025-12-03,265000
Project 0396,2026-06-24,Prospect,0.15,2025-12-03,265000
Project 0396,2026-05-24,Prospect,0.15,2025-12-03,265000
Project 0396,2026-04-24,Prospect,0.15,2025-12-03,265000
Project 0396,2026-03-24,Prospect,0.15,2025-12-03,265000
Project 0397,2026-08-24,In Delivery,0.75,2025-05-08,780000
Project 0397,2026-07-24,In Delivery,0.75,2025-05-08,780000
Project 0397,2026-06-24,In Delivery,0.75,2025-05-08,780000
Project 0397,2026-05-24,In Delivery,0.75,2025-05-08,780000
Project 0397,2026-04-24,In Delivery,0.75,2025-05-08,780000
Project 0397,2026-03-24,In Delivery,0.75,2025-05-08,780000
Project 0398,2026-08-24,Qualified,0.35,2025-11-05,139200
Project 0398,2026-07-24,Qualified,0.35,2025-11-05,139200
Project 0398,2026-06-24,Qualified,0.35,2025-11-05,139200
Project 0398,2026-05-24,Qualified,0.35,2025-11-05,139200
Project 0398,2026-04-24,Qualified,0.35,2025-11-05,139200
Project 0398,2026-03-24,Qualified,0.35,2025-11-05,139200
Project 0399,2026-08-24,In Delivery,0.75,2026-02-21,957000
Project 0399,2026-07-24,In Delivery,0.75,2026-02-21,957000
Project 0399,2026-06-24,In Delivery,0.75,2026-02-21,957000
Project 0399,2026-05-24,In Delivery,0.75,2026-02-21,957000
Project 0399,2026-04-24,In Delivery,0.75,2026-02-21,957000
Project 0399,2026-03-24,In Delivery,0.75,2026-02-21,957000
Project 0400,2026-08-24,Closed Won,1.0,2026-06-24,236100
Project 0400,2026-07-24,Closed Won,1.0,2026-06-24,236100
Project 0400,2026-06-24,Closed Won,1.0,2026-06-24,236100
Project 0400,2026-05-24,Closed Won,1.0,2026-06-24,236100
Project 0400,2026-04-24,Closed Won,1.0,2026-06-24,236100
Project 0400,2026-03-24,Closed Won,1.0,2026-06-24,236100
Project 0401,2026-08-24,Closed Won,1.0,2025-06-05,569400
Project 0401,2026-07-24,Closed Won,1.0,2025-06-05,569400
Project 0401,2026-06-24,Closed Won,1.0,2025-06-05,569400
Project 0401,2026-05-24,Closed Won,1.0,2025-06-05,569400
Project 0401,2026-04-24,Closed Won,1.0,2025-06-05,569400
Project 0401,2026-03-24,Closed Won,1.0,2025-06-05,569400
Project 0402,2026-08-24,Prospect,0.15,2026-07-12,194700
Project 0402,2026-07-24,Prospect,0.15,2026-07-12,194700
Project 0402,2026-06-24,Prospect,0.15,2026-07-12,194700
Project 0402,2026-05-24,Prospect,0.15,2026-07-12,194700
Project 0402,2026-04-24,Prospect,0.15,2026-07-12,194700
Project 0402,2026-03-24,Prospect,0.15,2026-07-12,194700
Project 0403,2026-08-24,Closed Won,1.0,2026-08-07,749600
Project 0403,2026-07-24,Closed Won,1.0,2026-08-07,749600
Project 0403,2026-06-24,Closed Won,1.0,2026-08-07,749600
Project 0403,2026-05-24,Closed Won,1.0,2026-08-07,749600
Project 0403,2026-04-24,Closed Won,1.0,2026-08-07,749600
Project 0403,2026-03-24,Closed Won,1.0,2026-08-07,749600
Project 0404,2026-08-24,Qualified,0.35,2027-03-26,340500
Project 0404,2026-07-24,Qualified,0.35,2027-03-26,340500
Project 0404,2026-06-24,Qualified,0.35,2027-03-26,340500
Project 0404,2026-05-24,Qualified,0.35,2027-03-26,340500
Project 0404,2026-04-24,Qualified,0.35,2027-03-26,340500
Project 0404,2026-03-24,Qualified,0.35,2027-03-26,340500
Project 0405,2026-08-24,Closed Won,1.0,2026-03-15,263500
Project 0405,2026-07-24,Closed Won,1.0,2026-03-15,263500
Project 0405,2026-06-24,Closed Won,1.0,2026-03-15,263500
Project 0405,2026-05-24,Closed Won,1.0,2026-03-15,263500
Project 0405,2026-04-24,Closed Won,1.0,2026-03-15,263500
Project 0405,2026-03-24,Closed Won,1.0,2026-03-15,263500
Project 0406,2026-08-24,Prospect,0.15,2026-05-16,537600
Project 0406,2026-07-24,Prospect,0.15,2026-05-16,537600
Project 0406,2026-06-24,Prospect,0.15,2026-05-16,537600
Project 0406,2026-05-24,Prospect,0.15,2026-05-16,537600
Project 0406,2026-04-24,Prospect,0.15,2026-05-16,537600
Project 0406,2026-03-24,Prospect,0.15,2026-05-16,537600
Project 0407,2026-08-24,Closed Won,1.0,2026-10-26,1241400
Project 0407,2026-07-24,Closed Won,1.0,2026-10-26,1241400
Project 0407,2026-06-24,Closed Won,1.0,2026-10-26,1241400
Project 0407,2026-05-24,Closed Won,1.0,2026-10-26,1241400
Project 0407,2026-04-24,Closed Won,1.0,2026-10-26,1241400
Project 0407,2026-03-24,Closed Won,1.0,2026-10-26,1241400
Project 0408,2026-08-24,In Delivery,0.75,2025-04-14,663500
Project 0408,2026-07-24,In Delivery,0.75,2025-04-14,663500
Project 0408,2026-06-24,In Delivery,0.75,2025-04-14,663500
Project 0408,2026-05-24,In Delivery,0.75,2025-04-14,663500
Project 0408,2026-04-24,In Delivery,0.75,2025-04-14,663500
Project 0408,2026-03-24,In Delivery,0.75,2025-04-14,663500
Project 0409,2026-08-24,Closed Won,1.0,2025-09-18,415600
Project 0409,2026-07-24,Closed Won,1.0,2025-09-18,415600
Project 0409,2026-06-24,Closed Won,1.0,2025-09-18,415600
Project 0409,2026-05-24,Closed Won,1.0,2025-09-18,415600
Project 0409,2026-04-24,Closed Won,1.0,2025-09-18,415600
Project 0409,2026-03-24,Closed Won,1.0,2025-09-18,415600
Project 0410,2026-08-24,Prospect,0.15,2026-10-12,119250
Project 0410,2026-07-24,Prospect,0.15,2026-10-12,119250
Project 0410,2026-06-24,Prospect,0.15,2026-10-12,119250
Project 0410,2026-05-24,Prospect,0.15,2026-10-12,119250
Project 0410,2026-04-24,Prospect,0.15,2026-10-12,119250
Project 0410,2026-03-24,Prospect,0.15,2026-10-12,119250
Project 0411,2026-08-24,Qualified,0.35,2026-11-19,325050
Project 0411,2026-07-24,Qualified,0.35,2026-11-19,325050
Project 0411,2026-06-24,Qualified,0.35,2026-11-19,325050
Project 0411,2026-05-24,Qualified,0.35,2026-11-19,325050
Project 0411,2026-04-24,Qualified,0.35,2026-11-19,325050
Project 0411,2026-03-24,Qualified,0.35,2026-11-19,325050
Project 0412,2026-08-24,Closed Won,1.0,2026-11-25,759300
Project 0412,2026-07-24,Closed Won,1.0,2026-11-25,759300
Project 0412,2026-06-24,Closed Won,1.0,2026-11-25,759300
Project 0412,2026-05-24,Closed Won,1.0,2026-11-25,759300
Project 0412,2026-04-24,Closed Won,1.0,2026-11-25,759300
Project 0412,2026-03-24,Closed Won,1.0,2026-11-25,759300
Project 0413,2026-08-24,Qualified,0.35,2026-01-18,1478400
Project 0413,2026-07-24,Qualified,0.35,2026-01-18,1478400
Project 0413,2026-06-24,Qualified,0.35,2026-01-18,1478400
Project 0413,2026-05-24,Qualified,0.35,2026-01-18,1478400
Project 0413,2026-04-24,Qualified,0.35,2026-01-18,1478400
Project 0413,2026-03-24,Qualified,0.35,2026-01-18,1478400
Project 0414,2026-08-24,In Delivery,0.75,2026-07-11,1084800
Project 0414,2026-07-24,In Delivery,0.75,2026-07-11,1084800
Project 0414,2026-06-24,In Delivery,0.75,2026-07-11,1084800
Project 0414,2026-05-24,In Delivery,0.75,2026-07-11,1084800
Project 0414,2026-04-24,In Delivery,0.75,2026-07-11,1084800
Project 0414,2026-03-24,In Delivery,0.75,2026-07-11,1084800
Project 0415,2026-08-24,Closed Won,1.0,2026-07-03,294300
Project 0415,2026-07-24,Closed Won,1.0,2026-07-03,294300
Project 0415,2026-06-24,Closed Won,1.0,2026-07-03,294300
Project 0415,2026-05-24,Closed Won,1.0,2026-07-03,294300
Project 0415,2026-04-24,Closed Won,1.0,2026-07-03,294300
Project 0415,2026-03-24,Closed Won,1.0,2026-07-03,294300
Project 0416,2026-08-24,Closed Won,1.0,2027-01-27,1472800
Project 0416,2026-07-24,Closed Won,1.0,2027-01-27,1472800
Project 0416,2026-06-24,Closed Won,1.0,2027-01-27,1472800
Project 0416,2026-05-24,Closed Won,1.0,2027-01-27,1472800
Project 0416,2026-04-24,Closed Won,1.0,2027-01-27,1472800
Project 0416,2026-03-24,Closed Won,1.0,2027-01-27,1472800
Project 0417,2026-08-24,Qualified,0.35,2026-03-23,957800
Project 0417,2026-07-24,Qualified,0.35,2026-03-23,957800
Project 0417,2026-06-24,Qualified,0.35,2026-03-23,957800
Project 0417,2026-05-24,Qualified,0.35,2026-03-23,957800
Project 0417,2026-04-24,Qualified,0.35,2026-03-23,957800
Project 0417,2026-03-24,Qualified,0.35,2026-03-23,957800
Project 0418,2026-08-24,Qualified,0.35,2025-06-27,1035000
Project 0418,2026-07-24,Qualified,0.35,2025-06-27,1035000
Project 0418,2026-06-24,Qualified,0.35,2025-06-27,1035000
Project 0418,2026-05-24,Qualified,0.35,2025-06-27,1035000
Project 0418,2026-04-24,Qualified,0.35,2025-06-27,1035000
Project 0418,2026-03-24,Qualified,0.35,2025-06-27,1035000
Project 0419,2026-08-24,In Delivery,0.75,2025-09-03,235200
Project 0419,2026-07-24,In Delivery,0.75,2025-09-03,235200
Project 0419,2026-06-24,In Delivery,0.75,2025-09-03,235200
Project 0419,2026-05-24,In Delivery,0.75,2025-09-03,235200
Project 0419,2026-04-24,In Delivery,0.75,2025-09-03,235200
Project 0419,2026-03-24,In Delivery,0.75,2025-09-03,235200
Project 0420,2026-08-24,In Delivery,0.75,2025-10-26,494100
Project 0420,2026-07-24,In Delivery,0.75,2025-10-26,494100
Project 0420,2026-06-24,In Delivery,0.75,2025-10-26,494100
Project 0420,2026-05-24,In Delivery,0.75,2025-10-26,494100
Project 0420,2026-04-24,In Delivery,0.75,2025-10-26,494100
Project 0420,2026-03-24,In Delivery,0.75,2025-10-26,494100
Project 0421,2026-08-24,Prospect,0.15,2025-10-15,990800
Project 0421,2026-07-24,Prospect,0.15,2025-10-15,990800
Project 0421,2026-06-24,Prospect,0.15,2025-10-15,990800
Project 0421,2026-05-24,Prospect,0.15,2025-10-15,990800
Project 0421,2026-04-24,Prospect,0.15,2025-10-15,990800
Project 0421,2026-03-24,Prospect,0.15,2025-10-15,990800
Project 0422,2026-08-24,Qualified,0.35,2026-09-06,1680000
Project 0422,2026-07-24,Qualified,0.35,2026-09-06,1680000
Project 0422,2026-06-24,Qualified,0.35,2026-09-06,1680000
Project 0422,2026-05-24,Qualified,0.35,2026-09-06,1680000
Project 0422,2026-04-24,Qualified,0.35,2026-09-06,1680000
Project 0422,2026-03-24,Qualified,0.35,2026-09-06,1680000
Project 0423,2026-08-24,Prospect,0.15,2026-10-14,388400
Project 0423,2026-07-24,Prospect,0.15,2026-10-14,388400
Project 0423,2026-06-24,Prospect,0.15,2026-10-14,388400
Project 0423,2026-05-24,Prospect,0.15,2026-10-14,388400
Project 0423,2026-04-24,Prospect,0.15,2026-10-14,388400
Project 0423,2026-03-24,Prospect,0.15,2026-10-14,388400
Project 0424,2026-08-24,Qualified,0.35,2025-06-13,389100
Project 0424,2026-07-24,Qualified,0.35,2025-06-13,389100
Project 0424,2026-06-24,Qualified,0.35,2025-06-13,389100
Project 0424,2026-05-24,Qualified,0.35,2025-06-13,389100
Project 0424,2026-04-24,Qualified,0.35,2025-06-13,389100
Project 0424,2026-03-24,Qualified,0.35,2025-06-13,389100
Project 0425,2026-08-24,Closed Won,1.0,2025-12-22,598950
Project 0425,2026-07-24,Closed Won,1.0,2025-12-22,598950
Project 0425,2026-06-24,Closed Won,1.0,2025-12-22,598950
Project 0425,2026-05-24,Closed Won,1.0,2025-12-22,598950
Project 0425,2026-04-24,Closed Won,1.0,2025-12-22,598950
Project 0425,2026-03-24,Closed Won,1.0,2025-12-22,598950
Project 0426,2026-08-24,Closed Won,1.0,2025-11-01,730200
Project 0426,2026-07-24,Closed Won,1.0,2025-11-01,730200
Project 0426,2026-06-24,Closed Won,1.0,2025-11-01,730200
Project 0426,2026-05-24,Closed Won,1.0,2025-11-01,730200
Project 0426,2026-04-24,Closed Won,1.0,2025-11-01,730200
Project 0426,2026-03-24,Closed Won,1.0,2025-11-01,730200
Project 0427,2026-08-24,In Delivery,0.75,2027-03-13,1998400
Project 0427,2026-07-24,In Delivery,0.75,2027-03-13,1998400
Project 0427,2026-06-24,In Delivery,0.75,2027-03-13,1998400
Project 0427,2026-05-24,In Delivery,0.75,2027-03-13,1998400
Project 0427,2026-04-24,In Delivery,0.75,2027-03-13,1998400
Project 0427,2026-03-24,In Delivery,0.75,2027-03-13,1998400
Project 0428,2026-08-24,Closed Won,1.0,2025-03-04,1713950
Project 0428,2026-07-24,Closed Won,1.0,2025-03-04,1713950
Project 0428,2026-06-24,Closed Won,1.0,2025-03-04,1713950
Project 0428,2026-05-24,Closed Won,1.0,2025-03-04,1713950
Project 0428,2026-04-24,Closed Won,1.0,2025-03-04,1713950
Project 0428,2026-03-24,Closed Won,1.0,2025-03-04,1713950
Project 0429,2026-08-24,Qualified,0.35,2025-09-30,727200
Project 0429,2026-07-24,Qualified,0.35,2025-09-30,727200
Project 0429,2026-06-24,Qualified,0.35,2025-09-30,727200
Project 0429,2026-05-24,Qualified,0.35,2025-09-30,727200
Project 0429,2026-04-24,Qualified,0.35,2025-09-30,727200
Project 0429,2026-03-24,Qualified,0.35,2025-09-30,727200
Project 0430,2026-08-24,In Delivery,0.75,2026-03-31,429250
Project 0430,2026-07-24,In Delivery,0.75,2026-03-31,429250
Project 0430,2026-06-24,In Delivery,0.75,2026-03-31,429250
Project 0430,2026-05-24,In Delivery,0.75,2026-03-31,429250
Project 0430,2026-04-24,In Delivery,0.75,2026-03-31,429250
Project 0430,2026-03-24,In Delivery,0.75,2026-03-31,429250
Project 0431,2026-08-24,Qualified,0.35,2026-02-05,972750
Project 0431,2026-07-24,Qualified,0.35,2026-02-05,972750
Project 0431,2026-06-24,Qualified,0.35,2026-02-05,972750
Project 0431,2026-05-24,Qualified,0.35,2026-02-05,972750
Project 0431,2026-04-24,Qualified,0.35,2026-02-05,972750
Project 0431,2026-03-24,Qualified,0.35,2026-02-05,972750
Project 0432,2026-08-24,Closed Won,1.0,2026-05-26,1238650
Project 0432,2026-07-24,Closed Won,1.0,2026-05-26,1238650
Project 0432,2026-06-24,Closed Won,1.0,2026-05-26,1238650
Project 0432,2026-05-24,Closed Won,1.0,2026-05-26,1238650
Project 0432,2026-04-24,Closed Won,1.0,2026-05-26,1238650
Project 0432,2026-03-24,Closed Won,1.0,2026-05-26,1238650
Project 0433,2026-08-24,Closed Won,1.0,2026-03-21,149200
Project 0433,2026-07-24,Closed Won,1.0,2026-03-21,149200
Project 0433,2026-06-24,Closed Won,1.0,2026-03-21,149200
Project 0433,2026-05-24,Closed Won,1.0,2026-03-21,149200
Project 0433,2026-04-24,Closed Won,1.0,2026-03-21,149200
Project 0433,2026-03-24,Closed Won,1.0,2026-03-21,149200
Project 0434,2026-08-24,Closed Won,1.0,2025-04-25,1269900
Project 0434,2026-07-24,Closed Won,1.0,2025-04-25,1269900
Project 0434,2026-06-24,Closed Won,1.0,2025-04-25,1269900
Project 0434,2026-05-24,Closed Won,1.0,2025-04-25,1269900
Project 0434,2026-04-24,Closed Won,1.0,2025-04-25,1269900
Project 0434,2026-03-24,Closed Won,1.0,2025-04-25,1269900
Project 0435,2026-08-24,Prospect,0.15,2026-11-21,592200
Project 0435,2026-07-24,Prospect,0.15,2026-11-21,592200
Project 0435,2026-06-24,Prospect,0.15,2026-11-21,592200
Project 0435,2026-05-24,Prospect,0.15,2026-11-21,592200
Project 0435,2026-04-24,Prospect,0.15,2026-11-21,592200
Project 0435,2026-03-24,Prospect,0.15,2026-11-21,592200
Project 0436,2026-08-24,Qualified,0.35,2027-01-28,841200
Project 0436,2026-07-24,Qualified,0.35,2027-01-28,841200
Project 0436,2026-06-24,Qualified,0.35,2027-01-28,841200
Project 0436,2026-05-24,Qualified,0.35,2027-01-28,841200
Project 0436,2026-04-24,Qualified,0.35,2027-01-28,841200
Project 0436,2026-03-24,Qualified,0.35,2027-01-28,841200
Project 0437,2026-08-24,In Delivery,0.75,2025-08-04,221800
Project 0437,2026-07-24,In Delivery,0.75,2025-08-04,221800
Project 0437,2026-06-24,In Delivery,0.75,2025-08-04,221800
Project 0437,2026-05-24,In Delivery,0.75,2025-08-04,221800
Project 0437,2026-04-24,In Delivery,0.75,2025-08-04,221800
Project 0437,2026-03-24,In Delivery,0.75,2025-08-04,221800
Project 0438,2026-08-24,Prospect,0.15,2025-12-28,291000
Project 0438,2026-07-24,Prospect,0.15,2025-12-28,291000
Project 0438,2026-06-24,Prospect,0.15,2025-12-28,291000
Project 0438,2026-05-24,Prospect,0.15,2025-12-28,291000
Project 0438,2026-04-24,Prospect,0.15,2025-12-28,291000
Project 0438,2026-03-24,Prospect,0.15,2025-12-28,291000
Project 0439,2026-08-24,Prospect,0.15,2027-04-28,724200
Project 0439,2026-07-24,Prospect,0.15,2027-04-28,724200
Project 0439,2026-06-24,Prospect,0.15,2027-04-28,724200
Project 0439,2026-05-24,Prospect,0.15,2027-04-28,724200
Project 0439,2026-04-24,Prospect,0.15,2027-04-28,724200
Project 0439,2026-03-24,Prospect,0.15,2027-04-28,724200
Project 0440,2026-08-24,In Delivery,0.75,2026-06-01,439600
Project 0440,2026-07-24,In Delivery,0.75,2026-06-01,439600
Project 0440,2026-06-24,In Delivery,0.75,2026-06-01,439600
Project 0440,2026-05-24,In Delivery,0.75,2026-06-01,439600
Project 0440,2026-04-24,In Delivery,0.75,2026-06-01,439600
Project 0440,2026-03-24,In Delivery,0.75,2026-06-01,439600
Project 0441,2026-08-24,Qualified,0.35,2026-10-13,244650
Project 0441,2026-07-24,Qualified,0.35,2026-10-13,244650
Project 0441,2026-06-24,Qualified,0.35,2026-10-13,244650
Project 0441,2026-05-24,Qualified,0.35,2026-10-13,244650
Project 0441,2026-04-24,Qualified,0.35,2026-10-13,244650
Project 0441,2026-03-24,Qualified,0.35,2026-10-13,244650
Project 0442,2026-08-24,Closed Won,1.0,2025-12-25,1000300
Project 0442,2026-07-24,Closed Won,1.0,2025-12-25,1000300
Project 0442,2026-06-24,Closed Won,1.0,2025-12-25,1000300
Project 0442,2026-05-24,Closed Won,1.0,2025-12-25,1000300
Project 0442,2026-04-24,Closed Won,1.0,2025-12-25,1000300
Project 0442,2026-03-24,Closed Won,1.0,2025-12-25,1000300
Project 0443,2026-08-24,Closed Won,1.0,2026-02-09,1037700
Project 0443,2026-07-24,Closed Won,1.0,2026-02-09,1037700
Project 0443,2026-06-24,Closed Won,1.0,2026-02-09,1037700
Project 0443,2026-05-24,Closed Won,1.0,2026-02-09,1037700
Project 0443,2026-04-24,Closed Won,1.0,2026-02-09,1037700
Project 0443,2026-03-24,Closed Won,1.0,2026-02-09,1037700
Project 0444,2026-08-24,Closed Won,1.0,2025-09-18,567500
Project 0444,2026-07-24,Closed Won,1.0,2025-09-18,567500
Project 0444,2026-06-24,Closed Won,1.0,2025-09-18,567500
Project 0444,2026-05-24,Closed Won,1.0,2025-09-18,567500
Project 0444,2026-04-24,Closed Won,1.0,2025-09-18,567500
Project 0444,2026-03-24,Closed Won,1.0,2025-09-18,567500
Project 0445,2026-08-24,Closed Won,1.0,2026-01-12,840000
Project 0445,2026-07-24,Closed Won,1.0,2026-01-12,840000
Project 0445,2026-06-24,Closed Won,1.0,2026-01-12,840000
Project 0445,2026-05-24,Closed Won,1.0,2026-01-12,840000
Project 0445,2026-04-24,Closed Won,1.0,2026-01-12,840000
Project 0445,2026-03-24,Closed Won,1.0,2026-01-12,840000
Project 0446,2026-08-24,Prospect,0.15,2026-05-30,268650
Project 0446,2026-07-24,Prospect,0.15,2026-05-30,268650
Project 0446,2026-06-24,Prospect,0.15,2026-05-30,268650
Project 0446,2026-05-24,Prospect,0.15,2026-05-30,268650
Project 0446,2026-04-24,Prospect,0.15,2026-05-30,268650
Project 0446,2026-03-24,Prospect,0.15,2026-05-30,268650
Project 0447,2026-08-24,Prospect,0.15,2026-01-03,333900
Project 0447,2026-07-24,Prospect,0.15,2026-01-03,333900
Project 0447,2026-06-24,Prospect,0.15,2026-01-03,333900
Project 0447,2026-05-24,Prospect,0.15,2026-01-03,333900
Project 0447,2026-04-24,Prospect,0.15,2026-01-03,333900
Project 0447,2026-03-24,Prospect,0.15,2026-01-03,333900
Project 0448,2026-08-24,Prospect,0.15,2026-03-21,271250
Project 0448,2026-07-24,Prospect,0.15,2026-03-21,271250
Project 0448,2026-06-24,Prospect,0.15,2026-03-21,271250
Project 0448,2026-05-24,Prospect,0.15,2026-03-21,271250
Project 0448,2026-04-24,Prospect,0.15,2026-03-21,271250
Project 0448,2026-03-24,Prospect,0.15,2026-03-21,271250
Project 0449,2026-08-24,In Delivery,0.75,2025-12-18,420000
Project 0449,2026-07-24,In Delivery,0.75,2025-12-18,420000
Project 0449,2026-06-24,In Delivery,0.75,2025-12-18,420000
Project 0449,2026-05-24,In Delivery,0.75,2025-12-18,420000
Project 0449,2026-04-24,In Delivery,0.75,2025-12-18,420000
Project 0449,2026-03-24,In Delivery,0.75,2025-12-18,420000
Project 0450,2026-08-24,Qualified,0.35,2026-06-16,551200
Project 0450,2026-07-24,Qualified,0.35,2026-06-16,551200
Project 0450,2026-06-24,Qualified,0.35,2026-06-16,551200
Project 0450,2026-05-24,Qualified,0.35,2026-06-16,551200
Project 0450,2026-04-24,Qualified,0.35,2026-06-16,551200
Project 0450,2026-03-24,Qualified,0.35,2026-06-16,551200
Project 0451,2026-08-24,Qualified,0.35,2025-08-29,388500
Project 0451,2026-07-24,Qualified,0.35,2025-08-29,388500
Project 0451,2026-06-24,Qualified,0.35,2025-08-29,388500
Project 0451,2026-05-24,Qualified,0.35,2025-08-29,388500
Project 0451,2026-04-24,Qualified,0.35,2025-08-29,388500
Project 0451,2026-03-24,Qualified,0.35,2025-08-29,388500
Project 0452,2026-08-24,Qualified,0.35,2025-08-15,1343200
Project 0452,2026-07-24,Qualified,0.35,2025-08-15,1343200
Project 0452,2026-06-24,Qualified,0.35,2025-08-15,1343200
Project 0452,2026-05-24,Qualified,0.35,2025-08-15,1343200
Project 0452,2026-04-24,Qualified,0.35,2025-08-15,1343200
Project 0452,2026-03-24,Qualified,0.35,2025-08-15,1343200
Project 0453,2026-08-24,Prospect,0.15,2025-09-27,1741600
Project 0453,2026-07-24,Prospect,0.15,2025-09-27,1741600
Project 0453,2026-06-24,Prospect,0.15,2025-09-27,1741600
Project 0453,2026-05-24,Prospect,0.15,2025-09-27,1741600
Project 0453,2026-04-24,Prospect,0.15,2025-09-27,1741600
Project 0453,2026-03-24,Prospect,0.15,2025-09-27,1741600
Project 0454,2026-08-24,In Delivery,0.75,2026-06-02,515400
Project 0454,2026-07-24,In Delivery,0.75,2026-06-02,515400
Project 0454,2026-06-24,In Delivery,0.75,2026-06-02,515400
Project 0454,2026-05-24,In Delivery,0.75,2026-06-02,515400
Project 0454,2026-04-24,In Delivery,0.75,2026-06-02,515400
Project 0454,2026-03-24,In Delivery,0.75,2026-06-02,515400
Project 0455,2026-08-24,Closed Won,1.0,2025-08-04,286500
Project 0455,2026-07-24,Closed Won,1.0,2025-08-04,286500
Project 0455,2026-06-24,Closed Won,1.0,2025-08-04,286500
Project 0455,2026-05-24,Closed Won,1.0,2025-08-04,286500
Project 0455,2026-04-24,Closed Won,1.0,2025-08-04,286500
Project 0455,2026-03-24,Closed Won,1.0,2025-08-04,286500
Project 0456,2026-08-24,Prospect,0.15,2026-03-04,956700
Project 0456,2026-07-24,Prospect,0.15,2026-03-04,956700
Project 0456,2026-06-24,Prospect,0.15,2026-03-04,956700
Project 0456,2026-05-24,Prospect,0.15,2026-03-04,956700
Project 0456,2026-04-24,Prospect,0.15,2026-03-04,956700
Project 0456,2026-03-24,Prospect,0.15,2026-03-04,956700
Project 0457,2026-08-24,In Delivery,0.75,2026-05-21,1096800
Project 0457,2026-07-24,In Delivery,0.75,2026-05-21,1096800
Project 0457,2026-06-24,In Delivery,0.75,2026-05-21,1096800
Project 0457,2026-05-24,In Delivery,0.75,2026-05-21,1096800
Project 0457,2026-04-24,In Delivery,0.75,2026-05-21,1096800
Project 0457,2026-03-24,In Delivery,0.75,2026-05-21,1096800
Project 0458,2026-08-24,In Delivery,0.75,2026-05-14,715800
Project 0458,2026-07-24,In Delivery,0.75,2026-05-14,715800
Project 0458,2026-06-24,In Delivery,0.75,2026-05-14,715800
Project 0458,2026-05-24,In Delivery,0.75,2026-05-14,715800
Project 0458,2026-04-24,In Delivery,0.75,2026-05-14,715800
Project 0458,2026-03-24,In Delivery,0.75,2026-05-14,715800
Project 0459,2026-08-24,In Delivery,0.75,2026-05-19,787000
Project 0459,2026-07-24,In Delivery,0.75,2026-05-19,787000
Project 0459,2026-06-24,In Delivery,0.75,2026-05-19,787000
Project 0459,2026-05-24,In Delivery,0.75,2026-05-19,787000
Project 0459,2026-04-24,In Delivery,0.75,2026-05-19,787000
Project 0459,2026-03-24,In Delivery,0.75,2026-05-19,787000
Project 0460,2026-08-24,In Delivery,0.75,2025-03-07,964400
Project 0460,2026-07-24,In Delivery,0.75,2025-03-07,964400
Project 0460,2026-06-24,In Delivery,0.75,2025-03-07,964400
Project 0460,2026-05-24,In Delivery,0.75,2025-03-07,964400
Project 0460,2026-04-24,In Delivery,0.75,2025-03-07,964400
Project 0460,2026-03-24,In Delivery,0.75,2025-03-07,964400
Project 0461,2026-08-24,In Delivery,0.75,2025-08-30,715750
Project 0461,2026-07-24,In Delivery,0.75,2025-08-30,715750
Project 0461,2026-06-24,In Delivery,0.75,2025-08-30,715750
Project 0461,2026-05-24,In Delivery,0.75,2025-08-30,715750
Project 0461,2026-04-24,In Delivery,0.75,2025-08-30,715750
Project 0461,2026-03-24,In Delivery,0.75,2025-08-30,715750
Project 0462,2026-08-24,Closed Won,1.0,2026-05-12,236250
Project 0462,2026-07-24,Closed Won,1.0,2026-05-12,236250
Project 0462,2026-06-24,Closed Won,1.0,2026-05-12,236250
Project 0462,2026-05-24,Closed Won,1.0,2026-05-12,236250
Project 0462,2026-04-24,Closed Won,1.0,2026-05-12,236250
Project 0462,2026-03-24,Closed Won,1.0,2026-05-12,236250
Project 0463,2026-08-24,Prospect,0.15,2025-04-13,270500
Project 0463,2026-07-24,Prospect,0.15,2025-04-13,270500
Project 0463,2026-06-24,Prospect,0.15,2025-04-13,270500
Project 0463,2026-05-24,Prospect,0.15,2025-04-13,270500
Project 0463,2026-04-24,Prospect,0.15,2025-04-13,270500
Project 0463,2026-03-24,Prospect,0.15,2025-04-13,270500
Project 0464,2026-08-24,In Delivery,0.75,2026-10-10,271500
Project 0464,2026-07-24,In Delivery,0.75,2026-10-10,271500
Project 0464,2026-06-24,In Delivery,0.75,2026-10-10,271500
Project 0464,2026-05-24,In Delivery,0.75,2026-10-10,271500
Project 0464,2026-04-24,In Delivery,0.75,2026-10-10,271500
Project 0464,2026-03-24,In Delivery,0.75,2026-10-10,271500
Project 0465,2026-08-24,Qualified,0.35,2026-11-02,934000
Project 0465,2026-07-24,Qualified,0.35,2026-11-02,934000
Project 0465,2026-06-24,Qualified,0.35,2026-11-02,934000
Project 0465,2026-05-24,Qualified,0.35,2026-11-02,934000
Project 0465,2026-04-24,Qualified,0.35,2026-11-02,934000
Project 0465,2026-03-24,Qualified,0.35,2026-11-02,934000
Project 0466,2026-08-24,Closed Won,1.0,2026-06-30,1056650
Project 0466,2026-07-24,Closed Won,1.0,2026-06-30,1056650
Project 0466,2026-06-24,Closed Won,1.0,2026-06-30,1056650
Project 0466,2026-05-24,Closed Won,1.0,2026-06-30,1056650
Project 0466,2026-04-24,Closed Won,1.0,2026-06-30,1056650
Project 0466,2026-03-24,Closed Won,1.0,2026-06-30,1056650
Project 0467,2026-08-24,Qualified,0.35,2026-01-15,1033750
Project 0467,2026-07-24,Qualified,0.35,2026-01-15,1033750
Project 0467,2026-06-24,Qualified,0.35,2026-01-15,1033750
Project 0467,2026-05-24,Qualified,0.35,2026-01-15,1033750
Project 0467,2026-04-24,Qualified,0.35,2026-01-15,1033750
Project 0467,2026-03-24,Qualified,0.35,2026-01-15,1033750
Project 0468,2026-08-24,Prospect,0.15,2025-09-04,456800
Project 0468,2026-07-24,Prospect,0.15,2025-09-04,456800
Project 0468,2026-06-24,Prospect,0.15,2025-09-04,456800
Project 0468,2026-05-24,Prospect,0.15,2025-09-04,456800
Project 0468,2026-04-24,Prospect,0.15,2025-09-04,456800
Project 0468,2026-03-24,Prospect,0.15,2025-09-04,456800
Project 0469,2026-08-24,In Delivery,0.75,2025-02-01,1448000
Project 0469,2026-07-24,In Delivery,0.75,2025-02-01,1448000
Project 0469,2026-06-24,In Delivery,0.75,2025-02-01,1448000
Project 0469,2026-05-24,In Delivery,0.75,2025-02-01,1448000
Project 0469,2026-04-24,In Delivery,0.75,2025-02-01,1448000
Project 0469,2026-03-24,In Delivery,0.75,2025-02-01,1448000
Project 0470,2026-08-24,In Delivery,0.75,2026-09-28,142800
Project 0470,2026-07-24,In Delivery,0.75,2026-09-28,142800
Project 0470,2026-06-24,In Delivery,0.75,2026-09-28,142800
Project 0470,2026-05-24,In Delivery,0.75,2026-09-28,142800
Project 0470,2026-04-24,In Delivery,0.75,2026-09-28,142800
Project 0470,2026-03-24,In Delivery,0.75,2026-09-28,142800
Project 0471,2026-08-24,Qualified,0.35,2026-06-05,1740800
Project 0471,2026-07-24,Qualified,0.35,2026-06-05,1740800
Project 0471,2026-06-24,Qualified,0.35,2026-06-05,1740800
Project 0471,2026-05-24,Qualified,0.35,2026-06-05,1740800
Project 0471,2026-04-24,Qualified,0.35,2026-06-05,1740800
Project 0471,2026-03-24,Qualified,0.35,2026-06-05,1740800
Project 0472,2026-08-24,In Delivery,0.75,2025-03-22,1763200
Project 0472,2026-07-24,In Delivery,0.75,2025-03-22,1763200
Project 0472,2026-06-24,In Delivery,0.75,2025-03-22,1763200
Project 0472,2026-05-24,In Delivery,0.75,2025-03-22,1763200
Project 0472,2026-04-24,In Delivery,0.75,2025-03-22,1763200
Project 0472,2026-03-24,In Delivery,0.75,2025-03-22,1763200
Project 0473,2026-08-24,In Delivery,0.75,2027-01-22,1105300
Project 0473,2026-07-24,In Delivery,0.75,2027-01-22,1105300
Project 0473,2026-06-24,In Delivery,0.75,2027-01-22,1105300
Project 0473,2026-05-24,In Delivery,0.75,2027-01-22,1105300
Project 0473,2026-04-24,In Delivery,0.75,2027-01-22,1105300
Project 0473,2026-03-24,In Delivery,0.75,2027-01-22,1105300
Project 0474,2026-08-24,Closed Won,1.0,2025-01-20,60000
Project 0474,2026-07-24,Closed Won,1.0,2025-01-20,60000
Project 0474,2026-06-24,Closed Won,1.0,2025-01-20,60000
Project 0474,2026-05-24,Closed Won,1.0,2025-01-20,60000
Project 0474,2026-04-24,Closed Won,1.0,2025-01-20,60000
Project 0474,2026-03-24,Closed Won,1.0,2025-01-20,60000
Project 0475,2026-08-24,Prospect,0.15,2026-06-21,707200
Project 0475,2026-07-24,Prospect,0.15,2026-06-21,707200
Project 0475,2026-06-24,Prospect,0.15,2026-06-21,707200
Project 0475,2026-05-24,Prospect,0.15,2026-06-21,707200
Project 0475,2026-04-24,Prospect,0.15,2026-06-21,707200
Project 0475,2026-03-24,Prospect,0.15,2026-06-21,707200
Project 0476,2026-08-24,Prospect,0.15,2026-10-08,906500
Project 0476,2026-07-24,Prospect,0.15,2026-10-08,906500
Project 0476,2026-06-24,Prospect,0.15,2026-10-08,906500
Project 0476,2026-05-24,Prospect,0.15,2026-10-08,906500
Project 0476,2026-04-24,Prospect,0.15,2026-10-08,906500
Project 0476,2026-03-24,Prospect,0.15,2026-10-08,906500
Project 0477,2026-08-24,Prospect,0.15,2025-11-15,582500
Project 0477,2026-07-24,Prospect,0.15,2025-11-15,582500
Project 0477,2026-06-24,Prospect,0.15,2025-11-15,582500
Project 0477,2026-05-24,Prospect,0.15,2025-11-15,582500
Project 0477,2026-04-24,Prospect,0.15,2025-11-15,582500
Project 0477,2026-03-24,Prospect,0.15,2025-11-15,582500
Project 0478,2026-08-24,In Delivery,0.75,2027-04-12,949000
Project 0478,2026-07-24,In Delivery,0.75,2027-04-12,949000
Project 0478,2026-06-24,In Delivery,0.75,2027-04-12,949000
Project 0478,2026-05-24,In Delivery,0.75,2027-04-12,949000
Project 0478,2026-04-24,In Delivery,0.75,2027-04-12,949000
Project 0478,2026-03-24,In Delivery,0.75,2027-04-12,949000
Project 0479,2026-08-24,Qualified,0.35,2025-03-25,1260400
Project 0479,2026-07-24,Qualified,0.35,2025-03-25,1260400
Project 0479,2026-06-24,Qualified,0.35,2025-03-25,1260400
Project 0479,2026-05-24,Qualified,0.35,2025-03-25,1260400
Project 0479,2026-04-24,Qualified,0.35,2025-03-25,1260400
Project 0479,2026-03-24,Qualified,0.35,2025-03-25,1260400
Project 0480,2026-08-24,Qualified,0.35,2026-08-09,268200
Project 0480,2026-07-24,Qualified,0.35,2026-08-09,268200
Project 0480,2026-06-24,Qualified,0.35,2026-08-09,268200
Project 0480,2026-05-24,Qualified,0.35,2026-08-09,268200
Project 0480,2026-04-24,Qualified,0.35,2026-08-09,268200
Project 0480,2026-03-24,Qualified,0.35,2026-08-09,268200
Project 0481,2026-08-24,In Delivery,0.75,2026-08-17,608700
Project 0481,2026-07-24,In Delivery,0.75,2026-08-17,608700
Project 0481,2026-06-24,In Delivery,0.75,2026-08-17,608700
Project 0481,2026-05-24,In Delivery,0.75,2026-08-17,608700
Project 0481,2026-04-24,In Delivery,0.75,2026-08-17,608700
Project 0481,2026-03-24,In Delivery,0.75,2026-08-17,608700
Project 0482,2026-08-24,Closed Won,1.0,2025-06-10,536700
Project 0482,2026-07-24,Closed Won,1.0,2025-06-10,536700
Project 0482,2026-06-24,Closed Won,1.0,2025-06-10,536700
Project 0482,2026-05-24,Closed Won,1.0,2025-06-10,536700
Project 0482,2026-04-24,Closed Won,1.0,2025-06-10,536700
Project 0482,2026-03-24,Closed Won,1.0,2025-06-10,536700
Project 0483,2026-08-24,Closed Won,1.0,2025-10-02,423850
Project 0483,2026-07-24,Closed Won,1.0,2025-10-02,423850
Project 0483,2026-06-24,Closed Won,1.0,2025-10-02,423850
Project 0483,2026-05-24,Closed Won,1.0,2025-10-02,423850
Project 0483,2026-04-24,Closed Won,1.0,2025-10-02,423850
Project 0483,2026-03-24,Closed Won,1.0,2025-10-02,423850
Project 0484,2026-08-24,Prospect,0.15,2026-09-11,494000
Project 0484,2026-07-24,Prospect,0.15,2026-09-11,494000
Project 0484,2026-06-24,Prospect,0.15,2026-09-11,494000
Project 0484,2026-05-24,Prospect,0.15,2026-09-11,494000
Project 0484,2026-04-24,Prospect,0.15,2026-09-11,494000
Project 0484,2026-03-24,Prospect,0.15,2026-09-11,494000
Project 0485,2026-08-24,Prospect,0.15,2027-02-20,292800
Project 0485,2026-07-24,Prospect,0.15,2027-02-20,292800
Project 0485,2026-06-24,Prospect,0.15,2027-02-20,292800
Project 0485,2026-05-24,Prospect,0.15,2027-02-20,292800
Project 0485,2026-04-24,Prospect,0.15,2027-02-20,292800
Project 0485,2026-03-24,Prospect,0.15,2027-02-20,292800
Project 0486,2026-08-24,Closed Won,1.0,2026-03-04,722800
Project 0486,2026-07-24,Closed Won,1.0,2026-03-04,722800
Project 0486,2026-06-24,Closed Won,1.0,2026-03-04,722800
Project 0486,2026-05-24,Closed Won,1.0,2026-03-04,722800
Project 0486,2026-04-24,Closed Won,1.0,2026-03-04,722800
Project 0486,2026-03-24,Closed Won,1.0,2026-03-04,722800
Project 0487,2026-08-24,Closed Won,1.0,2025-03-28,1108000
Project 0487,2026-07-24,Closed Won,1.0,2025-03-28,1108000
Project 0487,2026-06-24,Closed Won,1.0,2025-03-28,1108000
Project 0487,2026-05-24,Closed Won,1.0,2025-03-28,1108000
Project 0487,2026-04-24,Closed Won,1.0,2025-03-28,1108000
Project 0487,2026-03-24,Closed Won,1.0,2025-03-28,1108000
Project 0488,2026-08-24,Closed Won,1.0,2026-07-29,195900
Project 0488,2026-07-24,Closed Won,1.0,2026-07-29,195900
Project 0488,2026-06-24,Closed Won,1.0,2026-07-29,195900
Project 0488,2026-05-24,Closed Won,1.0,2026-07-29,195900
Project 0488,2026-04-24,Closed Won,1.0,2026-07-29,195900
Project 0488,2026-03-24,Closed Won,1.0,2026-07-29,195900
Project 0489,2026-08-24,Prospect,0.15,2025-07-23,134000
Project 0489,2026-07-24,Prospect,0.15,2025-07-23,134000
Project 0489,2026-06-24,Prospect,0.15,2025-07-23,134000
Project 0489,2026-05-24,Prospect,0.15,2025-07-23,134000
Project 0489,2026-04-24,Prospect,0.15,2025-07-23,134000
Project 0489,2026-03-24,Prospect,0.15,2025-07-23,134000
Project 0490,2026-08-24,Closed Won,1.0,2026-02-15,338400
Project 0490,2026-07-24,Closed Won,1.0,2026-02-15,338400
Project 0490,2026-06-24,Closed Won,1.0,2026-02-15,338400
Project 0490,2026-05-24,Closed Won,1.0,2026-02-15,338400
Project 0490,2026-04-24,Closed Won,1.0,2026-02-15,338400
Project 0490,2026-03-24,Closed Won,1.0,2026-02-15,338400
Project 0491,2026-08-24,Closed Won,1.0,2025-10-29,1448400
Project 0491,2026-07-24,Closed Won,1.0,2025-10-29,1448400
Project 0491,2026-06-24,Closed Won,1.0,2025-10-29,1448400
Project 0491,2026-05-24,Closed Won,1.0,2025-10-29,1448400
Project 0491,2026-04-24,Closed Won,1.0,2025-10-29,1448400
Project 0491,2026-03-24,Closed Won,1.0,2025-10-29,1448400
Project 0492,2026-08-24,Qualified,0.35,2026-03-28,418050
Project 0492,2026-07-24,Qualified,0.35,2026-03-28,418050
Project 0492,2026-06-24,Qualified,0.35,2026-03-28,418050
Project 0492,2026-05-24,Qualified,0.35,2026-03-28,418050
Project 0492,2026-04-24,Qualified,0.35,2026-03-28,418050
Project 0492,2026-03-24,Qualified,0.35,2026-03-28,418050
Project 0493,2026-08-24,Qualified,0.35,2027-05-08,163650
Project 0493,2026-07-24,Qualified,0.35,2027-05-08,163650
Project 0493,2026-06-24,Qualified,0.35,2027-05-08,163650
Project 0493,2026-05-24,Qualified,0.35,2027-05-08,163650
Project 0493,2026-04-24,Qualified,0.35,2027-05-08,163650
Project 0493,2026-03-24,Qualified,0.35,2027-05-08,163650
Project 0494,2026-08-24,Closed Won,1.0,2026-08-18,741600
Project 0494,2026-07-24,Closed Won,1.0,2026-08-18,741600
Project 0494,2026-06-24,Closed Won,1.0,2026-08-18,741600
Project 0494,2026-05-24,Closed Won,1.0,2026-08-18,741600
Project 0494,2026-04-24,Closed Won,1.0,2026-08-18,741600
Project 0494,2026-03-24,Closed Won,1.0,2026-08-18,741600
Project 0495,2026-08-24,Prospect,0.15,2026-01-25,1252800
Project 0495,2026-07-24,Prospect,0.15,2026-01-25,1252800
Project 0495,2026-06-24,Prospect,0.15,2026-01-25,1252800
Project 0495,2026-05-24,Prospect,0.15,2026-01-25,1252800
Project 0495,2026-04-24,Prospect,0.15,2026-01-25,1252800
Project 0495,2026-03-24,Prospect,0.15,2026-01-25,1252800
Project 0496,2026-08-24,In Delivery,0.75,2025-08-26,1026000
Project 0496,2026-07-24,In Delivery,0.75,2025-08-26,1026000
Project 0496,2026-06-24,In Delivery,0.75,2025-08-26,1026000
Project 0496,2026-05-24,In Delivery,0.75,2025-08-26,1026000
Project 0496,2026-04-24,In Delivery,0.75,2025-08-26,1026000
Project 0496,2026-03-24,In Delivery,0.75,2025-08-26,1026000
Project 0497,2026-08-24,Qualified,0.35,2026-12-31,262200
Project 0497,2026-07-24,Qualified,0.35,2026-12-31,262200
Project 0497,2026-06-24,Qualified,0.35,2026-12-31,262200
Project 0497,2026-05-24,Qualified,0.35,2026-12-31,262200
Project 0497,2026-04-24,Qualified,0.35,2026-12-31,262200
Project 0497,2026-03-24,Qualified,0.35,2026-12-31,262200
Project 0498,2026-08-24,In Delivery,0.75,2025-04-26,460000
Project 0498,2026-07-24,In Delivery,0.75,2025-04-26,460000
Project 0498,2026-06-24,In Delivery,0.75,2025-04-26,460000
Project 0498,2026-05-24,In Delivery,0.75,2025-04-26,460000
Project 0498,2026-04-24,In Delivery,0.75,2025-04-26,460000
Project 0498,2026-03-24,In Delivery,0.75,2025-04-26,460000
Project 0499,2026-08-24,Qualified,0.35,2026-02-05,330750
Project 0499,2026-07-24,Qualified,0.35,2026-02-05,330750
Project 0499,2026-06-24,Qualified,0.35,2026-02-05,330750
Project 0499,2026-05-24,Qualified,0.35,2026-02-05,330750
Project 0499,2026-04-24,Qualified,0.35,2026-02-05,330750
Project 0499,2026-03-24,Qualified,0.35,2026-02-05,330750
Project 0500,2026-08-24,Closed Won,1.0,2026-05-18,429150
Project 0500,2026-07-24,Closed Won,1.0,2026-05-18,429150
Project 0500,2026-06-24,Closed Won,1.0,2026-05-18,429150
Project 0500,2026-05-24,Closed Won,1.0,2026-05-18,429150
Project 0500,2026-04-24,Closed Won,1.0,2026-05-18,429150
Project 0500,2026-03-24,Closed Won,1.0,2026-05-18,429150
Project 0501,2026-08-24,Closed Won,1.0,2026-07-04,480300
Project 0501,2026-07-24,Closed Won,1.0,2026-07-04,480300
Project 0501,2026-06-24,Closed Won,1.0,2026-07-04,480300
Project 0501,2026-05-24,Closed Won,1.0,2026-07-04,480300
Project 0501,2026-04-24,Closed Won,1.0,2026-07-04,480300
Project 0501,2026-03-24,Closed Won,1.0,2026-07-04,480300
Project 0502,2026-08-24,Qualified,0.35,2025-12-06,775000
Project 0502,2026-07-24,Qualified,0.35,2025-12-06,775000
Project 0502,2026-06-24,Qualified,0.35,2025-12-06,775000
Project 0502,2026-05-24,Qualified,0.35,2025-12-06,775000
Project 0502,2026-04-24,Qualified,0.35,2025-12-06,775000
Project 0502,2026-03-24,Qualified,0.35,2025-12-06,775000
Project 0503,2026-08-24,Qualified,0.35,2026-01-09,598400
Project 0503,2026-07-24,Qualified,0.35,2026-01-09,598400
Project 0503,2026-06-24,Qualified,0.35,2026-01-09,598400
Project 0503,2026-05-24,Qualified,0.35,2026-01-09,598400
Project 0503,2026-04-24,Qualified,0.35,2026-01-09,598400
Project 0503,2026-03-24,Qualified,0.35,2026-01-09,598400
Project 0504,2026-08-24,Qualified,0.35,2025-02-04,1267500
Project 0504,2026-07-24,Qualified,0.35,2025-02-04,1267500
Project 0504,2026-06-24,Qualified,0.35,2025-02-04,1267500
Project 0504,2026-05-24,Qualified,0.35,2025-02-04,1267500
Project 0504,2026-04-24,Qualified,0.35,2025-02-04,1267500
Project 0504,2026-03-24,Qualified,0.35,2025-02-04,1267500
Project 0505,2026-08-24,In Delivery,0.75,2025-07-17,351600
Project 0505,2026-07-24,In Delivery,0.75,2025-07-17,351600
Project 0505,2026-06-24,In Delivery,0.75,2025-07-17,351600
Project 0505,2026-05-24,In Delivery,0.75,2025-07-17,351600
Project 0505,2026-04-24,In Delivery,0.75,2025-07-17,351600
Project 0505,2026-03-24,In Delivery,0.75,2025-07-17,351600
Project 0506,2026-08-24,In Delivery,0.75,2026-05-21,1321250
Project 0506,2026-07-24,In Delivery,0.75,2026-05-21,1321250
Project 0506,2026-06-24,In Delivery,0.75,2026-05-21,1321250
Project 0506,2026-05-24,In Delivery,0.75,2026-05-21,1321250
Project 0506,2026-04-24,In Delivery,0.75,2026-05-21,1321250
Project 0506,2026-03-24,In Delivery,0.75,2026-05-21,1321250
Project 0507,2026-08-24,Closed Won,1.0,2026-10-02,480800
Project 0507,2026-07-24,Closed Won,1.0,2026-10-02,480800
Project 0507,2026-06-24,Closed Won,1.0,2026-10-02,480800
Project 0507,2026-05-24,Closed Won,1.0,2026-10-02,480800
Project 0507,2026-04-24,Closed Won,1.0,2026-10-02,480800
Project 0507,2026-03-24,Closed Won,1.0,2026-10-02,480800
Project 0508,2026-08-24,In Delivery,0.75,2026-11-07,143000
Project 0508,2026-07-24,In Delivery,0.75,2026-11-07,143000
Project 0508,2026-06-24,In Delivery,0.75,2026-11-07,143000
Project 0508,2026-05-24,In Delivery,0.75,2026-11-07,143000
Project 0508,2026-04-24,In Delivery,0.75,2026-11-07,143000
Project 0508,2026-03-24,In Delivery,0.75,2026-11-07,143000
Project 0509,2026-08-24,In Delivery,0.75,2026-09-08,1221300
Project 0509,2026-07-24,In Delivery,0.75,2026-09-08,1221300
Project 0509,2026-06-24,In Delivery,0.75,2026-09-08,1221300
Project 0509,2026-05-24,In Delivery,0.75,2026-09-08,1221300
Project 0509,2026-04-24,In Delivery,0.75,2026-09-08,1221300
Project 0509,2026-03-24,In Delivery,0.75,2026-09-08,1221300
Project 0510,2026-08-24,Closed Won,1.0,2025-09-03,694000
Project 0510,2026-07-24,Closed Won,1.0,2025-09-03,694000
Project 0510,2026-06-24,Closed Won,1.0,2025-09-03,694000
Project 0510,2026-05-24,Closed Won,1.0,2025-09-03,694000
Project 0510,2026-04-24,Closed Won,1.0,2025-09-03,694000
Project 0510,2026-03-24,Closed Won,1.0,2025-09-03,694000
Project 0511,2026-08-24,Qualified,0.35,2025-09-30,231000
Project 0511,2026-07-24,Qualified,0.35,2025-09-30,231000
Project 0511,2026-06-24,Qualified,0.35,2025-09-30,231000
Project 0511,2026-05-24,Qualified,0.35,2025-09-30,231000
Project 0511,2026-04-24,Qualified,0.35,2025-09-30,231000
Project 0511,2026-03-24,Qualified,0.35,2025-09-30,231000
Project 0512,2026-08-24,Qualified,0.35,2027-02-14,381600
Project 0512,2026-07-24,Qualified,0.35,2027-02-14,381600
Project 0512,2026-06-24,Qualified,0.35,2027-02-14,381600
Project 0512,2026-05-24,Qualified,0.35,2027-02-14,381600
Project 0512,2026-04-24,Qualified,0.35,2027-02-14,381600
Project 0512,2026-03-24,Qualified,0.35,2027-02-14,381600
Project 0513,2026-08-24,Closed Won,1.0,2027-01-10,996200
Project 0513,2026-07-24,Closed Won,1.0,2027-01-10,996200
Project 0513,2026-06-24,Closed Won,1.0,2027-01-10,996200
Project 0513,2026-05-24,Closed Won,1.0,2027-01-10,996200
Project 0513,2026-04-24,Closed Won,1.0,2027-01-10,996200
Project 0513,2026-03-24,Closed Won,1.0,2027-01-10,996200
Project 0514,2026-08-24,Qualified,0.35,2026-04-10,379200
Project 0514,2026-07-24,Qualified,0.35,2026-04-10,379200
Project 0514,2026-06-24,Qualified,0.35,2026-04-10,379200
Project 0514,2026-05-24,Qualified,0.35,2026-04-10,379200
Project 0514,2026-04-24,Qualified,0.35,2026-04-10,379200
Project 0514,2026-03-24,Qualified,0.35,2026-04-10,379200
Project 0515,2026-08-24,Closed Won,1.0,2026-03-05,1080000
Project 0515,2026-07-24,Closed Won,1.0,2026-03-05,1080000
Project 0515,2026-06-24,Closed Won,1.0,2026-03-05,1080000
Project 0515,2026-05-24,Closed Won,1.0,2026-03-05,1080000
Project 0515,2026-04-24,Closed Won,1.0,2026-03-05,1080000
Project 0515,2026-03-24,Closed Won,1.0,2026-03-05,1080000
Project 0516,2026-08-24,In Delivery,0.75,2026-10-22,892150
Project 0516,2026-07-24,In Delivery,0.75,2026-10-22,892150
Project 0516,2026-06-24,In Delivery,0.75,2026-10-22,892150
Project 0516,2026-05-24,In Delivery,0.75,2026-10-22,892150
Project 0516,2026-04-24,In Delivery,0.75,2026-10-22,892150
Project 0516,2026-03-24,In Delivery,0.75,2026-10-22,892150
Project 0517,2026-08-24,Closed Won,1.0,2026-02-07,830100
Project 0517,2026-07-24,Closed Won,1.0,2026-02-07,830100
Project 0517,2026-06-24,Closed Won,1.0,2026-02-07,830100
Project 0517,2026-05-24,Closed Won,1.0,2026-02-07,830100
Project 0517,2026-04-24,Closed Won,1.0,2026-02-07,830100
Project 0517,2026-03-24,Closed Won,1.0,2026-02-07,830100
Project 0518,2026-08-24,Closed Lost,0.0,2025-10-21,516000
Project 0518,2026-07-24,Closed Lost,0.0,2025-10-21,516000
Project 0518,2026-06-24,Closed Lost,0.0,2025-10-21,516000
Project 0518,2026-05-24,Closed Lost,0.0,2025-10-21,516000
Project 0518,2026-04-24,Closed Lost,0.0,2025-10-21,516000
Project 0518,2026-03-24,Closed Lost,0.0,2025-10-21,516000
Project 0519,2026-08-24,Prospect,0.15,2025-10-12,627000
Project 0519,2026-07-24,Prospect,0.15,2025-10-12,627000
Project 0519,2026-06-24,Prospect,0.15,2025-10-12,627000
Project 0519,2026-05-24,Prospect,0.15,2025-10-12,627000
Project 0519,2026-04-24,Prospect,0.15,2025-10-12,627000
Project 0519,2026-03-24,Prospect,0.15,2025-10-12,627000
Project 0520,2026-08-24,Closed Lost,0.0,2026-02-10,83400
Project 0520,2026-07-24,Closed Lost,0.0,2026-02-10,83400
Project 0520,2026-06-24,Closed Lost,0.0,2026-02-10,83400
Project 0520,2026-05-24,Closed Lost,0.0,2026-02-10,83400
Project 0520,2026-04-24,Closed Lost,0.0,2026-02-10,83400
Project 0520,2026-03-24,Closed Lost,0.0,2026-02-10,83400
Project 0521,2026-08-24,Qualified,0.35,2026-06-15,440200
Project 0521,2026-07-24,Qualified,0.35,2026-06-15,440200
Project 0521,2026-06-24,Qualified,0.35,2026-06-15,440200
Project 0521,2026-05-24,Qualified,0.35,2026-06-15,440200
Project 0521,2026-04-24,Qualified,0.35,2026-06-15,440200
Project 0521,2026-03-24,Qualified,0.35,2026-06-15,440200
Project 0522,2026-08-24,Qualified,0.35,2026-10-25,374000
Project 0522,2026-07-24,Qualified,0.35,2026-10-25,374000
Project 0522,2026-06-24,Qualified,0.35,2026-10-25,374000
Project 0522,2026-05-24,Qualified,0.35,2026-10-25,374000
Project 0522,2026-04-24,Qualified,0.35,2026-10-25,374000
Project 0522,2026-03-24,Qualified,0.35,2026-10-25,374000
Project 0523,2026-08-24,Closed Won,1.0,2025-09-17,817500
Project 0523,2026-07-24,Closed Won,1.0,2025-09-17,817500
Project 0523,2026-06-24,Closed Won,1.0,2025-09-17,817500
Project 0523,2026-05-24,Closed Won,1.0,2025-09-17,817500
Project 0523,2026-04-24,Closed Won,1.0,2025-09-17,817500
Project 0523,2026-03-24,Closed Won,1.0,2025-09-17,817500
Project 0524,2026-08-24,In Delivery,0.75,2025-10-30,1344600
Project 0524,2026-07-24,In Delivery,0.75,2025-10-30,1344600
Project 0524,2026-06-24,In Delivery,0.75,2025-10-30,1344600
Project 0524,2026-05-24,In Delivery,0.75,2025-10-30,1344600
Project 0524,2026-04-24,In Delivery,0.75,2025-10-30,1344600
Project 0524,2026-03-24,In Delivery,0.75,2025-10-30,1344600
Project 0525,2026-08-24,In Delivery,0.75,2026-09-15,1551200
Project 0525,2026-07-24,In Delivery,0.75,2026-09-15,1551200
Project 0525,2026-06-24,In Delivery,0.75,2026-09-15,1551200
Project 0525,2026-05-24,In Delivery,0.75,2026-09-15,1551200
Project 0525,2026-04-24,In Delivery,0.75,2026-09-15,1551200
Project 0525,2026-03-24,In Delivery,0.75,2026-09-15,1551200
Project 0526,2026-08-24,Closed Won,1.0,2026-01-29,725100
Project 0526,2026-07-24,Closed Won,1.0,2026-01-29,725100
Project 0526,2026-06-24,Closed Won,1.0,2026-01-29,725100
Project 0526,2026-05-24,Closed Won,1.0,2026-01-29,725100
Project 0526,2026-04-24,Closed Won,1.0,2026-01-29,725100
Project 0526,2026-03-24,Closed Won,1.0,2026-01-29,725100
Project 0527,2026-08-24,Qualified,0.35,2025-12-17,1097600
Project 0527,2026-07-24,Qualified,0.35,2025-12-17,1097600
Project 0527,2026-06-24,Qualified,0.35,2025-12-17,1097600
Project 0527,2026-05-24,Qualified,0.35,2025-12-17,1097600
Project 0527,2026-04-24,Qualified,0.35,2025-12-17,1097600
Project 0527,2026-03-24,Qualified,0.35,2025-12-17,1097600
Project 0528,2026-08-24,Closed Won,1.0,2025-09-01,415250
Project 0528,2026-07-24,Closed Won,1.0,2025-09-01,415250
Project 0528,2026-06-24,Closed Won,1.0,2025-09-01,415250
Project 0528,2026-05-24,Closed Won,1.0,2025-09-01,415250
Project 0528,2026-04-24,Closed Won,1.0,2025-09-01,415250
Project 0528,2026-03-24,Closed Won,1.0,2025-09-01,415250
Project 0529,2026-08-24,Closed Won,1.0,2026-01-09,1006000
Project 0529,2026-07-24,Closed Won,1.0,2026-01-09,1006000
Project 0529,2026-06-24,Closed Won,1.0,2026-01-09,1006000
Project 0529,2026-05-24,Closed Won,1.0,2026-01-09,1006000
Project 0529,2026-04-24,Closed Won,1.0,2026-01-09,1006000
Project 0529,2026-03-24,Closed Won,1.0,2026-01-09,1006000
Project 0530,2026-08-24,Prospect,0.15,2024-11-21,907500
Project 0530,2026-07-24,Prospect,0.15,2024-11-21,907500
Project 0530,2026-06-24,Prospect,0.15,2024-11-21,907500
Project 0530,2026-05-24,Prospect,0.15,2024-11-21,907500
Project 0530,2026-04-24,Prospect,0.15,2024-11-21,907500
Project 0530,2026-03-24,Prospect,0.15,2024-11-21,907500
Project 0531,2026-08-24,Qualified,0.35,2026-10-14,771050
Project 0531,2026-07-24,Qualified,0.35,2026-10-14,771050
Project 0531,2026-06-24,Qualified,0.35,2026-10-14,771050
Project 0531,2026-05-24,Qualified,0.35,2026-10-14,771050
Project 0531,2026-04-24,Qualified,0.35,2026-10-14,771050
Project 0531,2026-03-24,Qualified,0.35,2026-10-14,771050
Project 0532,2026-08-24,Qualified,0.35,2026-01-08,123550
Project 0532,2026-07-24,Qualified,0.35,2026-01-08,123550
Project 0532,2026-06-24,Qualified,0.35,2026-01-08,123550
Project 0532,2026-05-24,Qualified,0.35,2026-01-08,123550
Project 0532,2026-04-24,Qualified,0.35,2026-01-08,123550
Project 0532,2026-03-24,Qualified,0.35,2026-01-08,123550
Project 0533,2026-08-24,Closed Won,1.0,2027-01-16,189600
Project 0533,2026-07-24,Closed Won,1.0,2027-01-16,189600
Project 0533,2026-06-24,Closed Won,1.0,2027-01-16,189600
Project 0533,2026-05-24,Closed Won,1.0,2027-01-16,189600
Project 0533,2026-04-24,Closed Won,1.0,2027-01-16,189600
Project 0533,2026-03-24,Closed Won,1.0,2027-01-16,189600
Project 0534,2026-08-24,Qualified,0.35,2025-04-09,1236500
Project 0534,2026-07-24,Qualified,0.35,2025-04-09,1236500
Project 0534,2026-06-24,Qualified,0.35,2025-04-09,1236500
Project 0534,2026-05-24,Qualified,0.35,2025-04-09,1236500
Project 0534,2026-04-24,Qualified,0.35,2025-04-09,1236500
Project 0534,2026-03-24,Qualified,0.35,2025-04-09,1236500
Project 0535,2026-08-24,Closed Won,1.0,2026-09-08,399600
Project 0535,2026-07-24,Closed Won,1.0,2026-09-08,399600
Project 0535,2026-06-24,Closed Won,1.0,2026-09-08,399600
Project 0535,2026-05-24,Closed Won,1.0,2026-09-08,399600
Project 0535,2026-04-24,Closed Won,1.0,2026-09-08,399600
Project 0535,2026-03-24,Closed Won,1.0,2026-09-08,399600
Project 0536,2026-08-24,Qualified,0.35,2027-03-30,475800
Project 0536,2026-07-24,Qualified,0.35,2027-03-30,475800
Project 0536,2026-06-24,Qualified,0.35,2027-03-30,475800
Project 0536,2026-05-24,Qualified,0.35,2027-03-30,475800
Project 0536,2026-04-24,Qualified,0.35,2027-03-30,475800
Project 0536,2026-03-24,Qualified,0.35,2027-03-30,475800
Project 0537,2026-08-24,Qualified,0.35,2026-03-14,1762800
Project 0537,2026-07-24,Qualified,0.35,2026-03-14,1762800
Project 0537,2026-06-24,Qualified,0.35,2026-03-14,1762800
Project 0537,2026-05-24,Qualified,0.35,2026-03-14,1762800
Project 0537,2026-04-24,Qualified,0.35,2026-03-14,1762800
Project 0537,2026-03-24,Qualified,0.35,2026-03-14,1762800
Project 0538,2026-08-24,In Delivery,0.75,2027-03-21,397500
Project 0538,2026-07-24,In Delivery,0.75,2027-03-21,397500
Project 0538,2026-06-24,In Delivery,0.75,2027-03-21,397500
Project 0538,2026-05-24,In Delivery,0.75,2027-03-21,397500
Project 0538,2026-04-24,In Delivery,0.75,2027-03-21,397500
Project 0538,2026-03-24,In Delivery,0.75,2027-03-21,397500
Project 0539,2026-08-24,Closed Won,1.0,2027-08-05,556600
Project 0539,2026-07-24,Closed Won,1.0,2027-08-05,556600
Project 0539,2026-06-24,Closed Won,1.0,2027-08-05,556600
Project 0539,2026-05-24,Closed Won,1.0,2027-08-05,556600
Project 0539,2026-04-24,Closed Won,1.0,2027-08-05,556600
Project 0539,2026-03-24,Closed Won,1.0,2027-08-05,556600
Project 0540,2026-08-24,In Delivery,0.75,2025-11-30,167300
Project 0540,2026-07-24,In Delivery,0.75,2025-11-30,167300
Project 0540,2026-06-24,In Delivery,0.75,2025-11-30,167300
Project 0540,2026-05-24,In Delivery,0.75,2025-11-30,167300
Project 0540,2026-04-24,In Delivery,0.75,2025-11-30,167300
Project 0540,2026-03-24,In Delivery,0.75,2025-11-30,167300
Project 0541,2026-08-24,In Delivery,0.75,2025-08-21,1209600
Project 0541,2026-07-24,In Delivery,0.75,2025-08-21,1209600
Project 0541,2026-06-24,In Delivery,0.75,2025-08-21,1209600
Project 0541,2026-05-24,In Delivery,0.75,2025-08-21,1209600
Project 0541,2026-04-24,In Delivery,0.75,2025-08-21,1209600
Project 0541,2026-03-24,In Delivery,0.75,2025-08-21,1209600
Project 0542,2026-08-24,Qualified,0.35,2026-03-28,1174600
Project 0542,2026-07-24,Qualified,0.35,2026-03-28,1174600
Project 0542,2026-06-24,Qualified,0.35,2026-03-28,1174600
Project 0542,2026-05-24,Qualified,0.35,2026-03-28,1174600
Project 0542,2026-04-24,Qualified,0.35,2026-03-28,1174600
Project 0542,2026-03-24,Qualified,0.35,2026-03-28,1174600
Project 0543,2026-08-24,Closed Won,1.0,2027-05-12,1277700
Project 0543,2026-07-24,Closed Won,1.0,2027-05-12,1277700
Project 0543,2026-06-24,Closed Won,1.0,2027-05-12,1277700
Project 0543,2026-05-24,Closed Won,1.0,2027-05-12,1277700
Project 0543,2026-04-24,Closed Won,1.0,2027-05-12,1277700
Project 0543,2026-03-24,Closed Won,1.0,2027-05-12,1277700
Project 0544,2026-08-24,Closed Won,1.0,2025-11-05,409800
Project 0544,2026-07-24,Closed Won,1.0,2025-11-05,409800
Project 0544,2026-06-24,Closed Won,1.0,2025-11-05,409800
Project 0544,2026-05-24,Closed Won,1.0,2025-11-05,409800
Project 0544,2026-04-24,Closed Won,1.0,2025-11-05,409800
Project 0544,2026-03-24,Closed Won,1.0,2025-11-05,409800
Project 0545,2026-08-24,Qualified,0.35,2027-04-22,1197750
Project 0545,2026-07-24,Qualified,0.35,2027-04-22,1197750
Project 0545,2026-06-24,Qualified,0.35,2027-04-22,1197750
Project 0545,2026-05-24,Qualified,0.35,2027-04-22,1197750
Project 0545,2026-04-24,Qualified,0.35,2027-04-22,1197750
Project 0545,2026-03-24,Qualified,0.35,2027-04-22,1197750
Project 0546,2026-08-24,Qualified,0.35,2026-03-24,436200
Project 0546,2026-07-24,Qualified,0.35,2026-03-24,436200
Project 0546,2026-06-24,Qualified,0.35,2026-03-24,436200
Project 0546,2026-05-24,Qualified,0.35,2026-03-24,436200
Project 0546,2026-04-24,Qualified,0.35,2026-03-24,436200
Project 0546,2026-03-24,Qualified,0.35,2026-03-24,436200
Project 0547,2026-08-24,Closed Won,1.0,2026-02-20,947600
Project 0547,2026-07-24,Closed Won,1.0,2026-02-20,947600
Project 0547,2026-06-24,Closed Won,1.0,2026-02-20,947600
Project 0547,2026-05-24,Closed Won,1.0,2026-02-20,947600
Project 0547,2026-04-24,Closed Won,1.0,2026-02-20,947600
Project 0547,2026-03-24,Closed Won,1.0,2026-02-20,947600
Project 0548,2026-08-24,In Delivery,0.75,2025-07-31,445950
Project 0548,2026-07-24,In Delivery,0.75,2025-07-31,445950
Project 0548,2026-06-24,In Delivery,0.75,2025-07-31,445950
Project 0548,2026-05-24,In Delivery,0.75,2025-07-31,445950
Project 0548,2026-04-24,In Delivery,0.75,2025-07-31,445950
Project 0548,2026-03-24,In Delivery,0.75,2025-07-31,445950
Project 0549,2026-08-24,Closed Won,1.0,2026-11-18,450000
Project 0549,2026-07-24,Closed Won,1.0,2026-11-18,450000
Project 0549,2026-06-24,Closed Won,1.0,2026-11-18,450000
Project 0549,2026-05-24,Closed Won,1.0,2026-11-18,450000
Project 0549,2026-04-24,Closed Won,1.0,2026-11-18,450000
Project 0549,2026-03-24,Closed Won,1.0,2026-11-18,450000
Project 0550,2026-08-24,Closed Won,1.0,2026-04-09,1099750
Project 0550,2026-07-24,Closed Won,1.0,2026-04-09,1099750
Project 0550,2026-06-24,Closed Won,1.0,2026-04-09,1099750
Project 0550,2026-05-24,Closed Won,1.0,2026-04-09,1099750
Project 0550,2026-04-24,Closed Won,1.0,2026-04-09,1099750
Project 0550,2026-03-24,Closed Won,1.0,2026-04-09,1099750
Project 0551,2026-08-24,Closed Won,1.0,2025-11-15,279150
Project 0551,2026-07-24,Closed Won,1.0,2025-11-15,279150
Project 0551,2026-06-24,Closed Won,1.0,2025-11-15,279150
Project 0551,2026-05-24,Closed Won,1.0,2025-11-15,279150
Project 0551,2026-04-24,Closed Won,1.0,2025-11-15,279150
Project 0551,2026-03-24,Closed Won,1.0,2025-11-15,279150
Project 0552,2026-08-24,Prospect,0.15,2026-07-20,1950800
Project 0552,2026-07-24,Prospect,0.15,2026-07-20,1950800
Project 0552,2026-06-24,Prospect,0.15,2026-07-20,1950800
Project 0552,2026-05-24,Prospect,0.15,2026-07-20,1950800
Project 0552,2026-04-24,Prospect,0.15,2026-07-20,1950800
Project 0552,2026-03-24,Prospect,0.15,2026-07-20,1950800
Project 0553,2026-08-24,Closed Won,1.0,2026-11-01,454650
Project 0553,2026-07-24,Closed Won,1.0,2026-11-01,454650
Project 0553,2026-06-24,Closed Won,1.0,2026-11-01,454650
Project 0553,2026-05-24,Closed Won,1.0,2026-11-01,454650
Project 0553,2026-04-24,Closed Won,1.0,2026-11-01,454650
Project 0553,2026-03-24,Closed Won,1.0,2026-11-01,454650
Project 0554,2026-08-24,Qualified,0.35,2025-09-02,1216200
Project 0554,2026-07-24,Qualified,0.35,2025-09-02,1216200
Project 0554,2026-06-24,Qualified,0.35,2025-09-02,1216200
Project 0554,2026-05-24,Qualified,0.35,2025-09-02,1216200
Project 0554,2026-04-24,Qualified,0.35,2025-09-02,1216200
Project 0554,2026-03-24,Qualified,0.35,2025-09-02,1216200
Project 0555,2026-08-24,Prospect,0.15,2025-11-16,72600
Project 0555,2026-07-24,Prospect,0.15,2025-11-16,72600
Project 0555,2026-06-24,Prospect,0.15,2025-11-16,72600
Project 0555,2026-05-24,Prospect,0.15,2025-11-16,72600
Project 0555,2026-04-24,Prospect,0.15,2025-11-16,72600
Project 0555,2026-03-24,Prospect,0.15,2025-11-16,72600
Project 0556,2026-08-24,Closed Lost,0.0,2026-05-29,1498800
Project 0556,2026-07-24,Closed Lost,0.0,2026-05-29,1498800
Project 0556,2026-06-24,Closed Lost,0.0,2026-05-29,1498800
Project 0556,2026-05-24,Closed Lost,0.0,2026-05-29,1498800
Project 0556,2026-04-24,Closed Lost,0.0,2026-05-29,1498800
Project 0556,2026-03-24,Closed Lost,0.0,2026-05-29,1498800
Project 0557,2026-08-24,In Delivery,0.75,2026-01-11,1442800
Project 0557,2026-07-24,In Delivery,0.75,2026-01-11,1442800
Project 0557,2026-06-24,In Delivery,0.75,2026-01-11,1442800
Project 0557,2026-05-24,In Delivery,0.75,2026-01-11,1442800
Project 0557,2026-04-24,In Delivery,0.75,2026-01-11,1442800
Project 0557,2026-03-24,In Delivery,0.75,2026-01-11,1442800
Project 0558,2026-08-24,In Delivery,0.75,2025-07-14,740750
Project 0558,2026-07-24,In Delivery,0.75,2025-07-14,740750
Project 0558,2026-06-24,In Delivery,0.75,2025-07-14,740750
Project 0558,2026-05-24,In Delivery,0.75,2025-07-14,740750
Project 0558,2026-04-24,In Delivery,0.75,2025-07-14,740750
Project 0558,2026-03-24,In Delivery,0.75,2025-07-14,740750
Project 0559,2026-08-24,Qualified,0.35,2025-11-03,684400
Project 0559,2026-07-24,Qualified,0.35,2025-11-03,684400
Project 0559,2026-06-24,Qualified,0.35,2025-11-03,684400
Project 0559,2026-05-24,Qualified,0.35,2025-11-03,684400
Project 0559,2026-04-24,Qualified,0.35,2025-11-03,684400
Project 0559,2026-03-24,Qualified,0.35,2025-11-03,684400
Project 0560,2026-08-24,Prospect,0.15,2025-11-03,869250
Project 0560,2026-07-24,Prospect,0.15,2025-11-03,869250
Project 0560,2026-06-24,Prospect,0.15,2025-11-03,869250
Project 0560,2026-05-24,Prospect,0.15,2025-11-03,869250
Project 0560,2026-04-24,Prospect,0.15,2025-11-03,869250
Project 0560,2026-03-24,Prospect,0.15,2025-11-03,869250
Project 0561,2026-08-24,Prospect,0.15,2026-07-14,1427700
Project 0561,2026-07-24,Prospect,0.15,2026-07-14,1427700
Project 0561,2026-06-24,Prospect,0.15,2026-07-14,1427700
Project 0561,2026-05-24,Prospect,0.15,2026-07-14,1427700
Project 0561,2026-04-24,Prospect,0.15,2026-07-14,1427700
Project 0561,2026-03-24,Prospect,0.15,2026-07-14,1427700
Project 0562,2026-08-24,Prospect,0.15,2026-07-23,50850
Project 0562,2026-07-24,Prospect,0.15,2026-07-23,50850
Project 0562,2026-06-24,Prospect,0.15,2026-07-23,50850
Project 0562,2026-05-24,Prospect,0.15,2026-07-23,50850
Project 0562,2026-04-24,Prospect,0.15,2026-07-23,50850
Project 0562,2026-03-24,Prospect,0.15,2026-07-23,50850
Project 0563,2026-08-24,In Delivery,0.75,2026-11-09,271750
Project 0563,2026-07-24,In Delivery,0.75,2026-11-09,271750
Project 0563,2026-06-24,In Delivery,0.75,2026-11-09,271750
Project 0563,2026-05-24,In Delivery,0.75,2026-11-09,271750
Project 0563,2026-04-24,In Delivery,0.75,2026-11-09,271750
Project 0563,2026-03-24,In Delivery,0.75,2026-11-09,271750
Project 0564,2026-08-24,Qualified,0.35,2025-09-26,669200
Project 0564,2026-07-24,Qualified,0.35,2025-09-26,669200
Project 0564,2026-06-24,Qualified,0.35,2025-09-26,669200
Project 0564,2026-05-24,Qualified,0.35,2025-09-26,669200
Project 0564,2026-04-24,Qualified,0.35,2025-09-26,669200
Project 0564,2026-03-24,Qualified,0.35,2025-09-26,669200
Project 0565,2026-08-24,In Delivery,0.75,2026-07-28,1586000
Project 0565,2026-07-24,In Delivery,0.75,2026-07-28,1586000
Project 0565,2026-06-24,In Delivery,0.75,2026-07-28,1586000
Project 0565,2026-05-24,In Delivery,0.75,2026-07-28,1586000
Project 0565,2026-04-24,In Delivery,0.75,2026-07-28,1586000
Project 0565,2026-03-24,In Delivery,0.75,2026-07-28,1586000
Project 0566,2026-08-24,Prospect,0.15,2025-11-06,444150
Project 0566,2026-07-24,Prospect,0.15,2025-11-06,444150
Project 0566,2026-06-24,Prospect,0.15,2025-11-06,444150
Project 0566,2026-05-24,Prospect,0.15,2025-11-06,444150
Project 0566,2026-04-24,Prospect,0.15,2025-11-06,444150
Project 0566,2026-03-24,Prospect,0.15,2025-11-06,444150
Project 0567,2026-08-24,Closed Lost,0.0,2025-09-17,1027600
Project 0567,2026-07-24,Closed Lost,0.0,2025-09-17,1027600
Project 0567,2026-06-24,Closed Lost,0.0,2025-09-17,1027600
Project 0567,2026-05-24,Closed Lost,0.0,2025-09-17,1027600
Project 0567,2026-04-24,Closed Lost,0.0,2025-09-17,1027600
Project 0567,2026-03-24,Closed Lost,0.0,2025-09-17,1027600
Project 0568,2026-08-24,Closed Won,1.0,2025-06-25,708000
Project 0568,2026-07-24,Closed Won,1.0,2025-06-25,708000
Project 0568,2026-06-24,Closed Won,1.0,2025-06-25,708000
Project 0568,2026-05-24,Closed Won,1.0,2025-06-25,708000
Project 0568,2026-04-24,Closed Won,1.0,2025-06-25,708000
Project 0568,2026-03-24,Closed Won,1.0,2025-06-25,708000
Project 0569,2026-08-24,In Delivery,0.75,2025-11-01,81400
Project 0569,2026-07-24,In Delivery,0.75,2025-11-01,81400
Project 0569,2026-06-24,In Delivery,0.75,2025-11-01,81400
Project 0569,2026-05-24,In Delivery,0.75,2025-11-01,81400
Project 0569,2026-04-24,In Delivery,0.75,2025-11-01,81400
Project 0569,2026-03-24,In Delivery,0.75,2025-11-01,81400
Project 0570,2026-08-24,Closed Lost,0.0,2025-08-10,891500
Project 0570,2026-07-24,Closed Lost,0.0,2025-08-10,891500
Project 0570,2026-06-24,Closed Lost,0.0,2025-08-10,891500
Project 0570,2026-05-24,Closed Lost,0.0,2025-08-10,891500
Project 0570,2026-04-24,Closed Lost,0.0,2025-08-10,891500
Project 0570,2026-03-24,Closed Lost,0.0,2025-08-10,891500
Project 0571,2026-08-24,Qualified,0.35,2025-12-08,718500
Project 0571,2026-07-24,Qualified,0.35,2025-12-08,718500
Project 0571,2026-06-24,Qualified,0.35,2025-12-08,718500
Project 0571,2026-05-24,Qualified,0.35,2025-12-08,718500
Project 0571,2026-04-24,Qualified,0.35,2025-12-08,718500
Project 0571,2026-03-24,Qualified,0.35,2025-12-08,718500
Project 0572,2026-08-24,In Delivery,0.75,2027-01-04,1219600
Project 0572,2026-07-24,In Delivery,0.75,2027-01-04,1219600
Project 0572,2026-06-24,In Delivery,0.75,2027-01-04,1219600
Project 0572,2026-05-24,In Delivery,0.75,2027-01-04,1219600
Project 0572,2026-04-24,In Delivery,0.75,2027-01-04,1219600
Project 0572,2026-03-24,In Delivery,0.75,2027-01-04,1219600
Project 0573,2026-08-24,In Delivery,0.75,2025-11-14,1942000
Project 0573,2026-07-24,In Delivery,0.75,2025-11-14,1942000
Project 0573,2026-06-24,In Delivery,0.75,2025-11-14,1942000
Project 0573,2026-05-24,In Delivery,0.75,2025-11-14,1942000
Project 0573,2026-04-24,In Delivery,0.75,2025-11-14,1942000
Project 0573,2026-03-24,In Delivery,0.75,2025-11-14,1942000
Project 0574,2026-08-24,Closed Won,1.0,2027-02-12,322000
Project 0574,2026-07-24,Closed Won,1.0,2027-02-12,322000
Project 0574,2026-06-24,Closed Won,1.0,2027-02-12,322000
Project 0574,2026-05-24,Closed Won,1.0,2027-02-12,322000
Project 0574,2026-04-24,Closed Won,1.0,2027-02-12,322000
Project 0574,2026-03-24,Closed Won,1.0,2027-02-12,322000
Project 0575,2026-08-24,Qualified,0.35,2026-11-22,1117900
Project 0575,2026-07-24,Qualified,0.35,2026-11-22,1117900
Project 0575,2026-06-24,Qualified,0.35,2026-11-22,1117900
Project 0575,2026-05-24,Qualified,0.35,2026-11-22,1117900
Project 0575,2026-04-24,Qualified,0.35,2026-11-22,1117900
Project 0575,2026-03-24,Qualified,0.35,2026-11-22,1117900
Project 0576,2026-08-24,Qualified,0.35,2026-03-04,72450
Project 0576,2026-07-24,Qualified,0.35,2026-03-04,72450
Project 0576,2026-06-24,Qualified,0.35,2026-03-04,72450
Project 0576,2026-05-24,Qualified,0.35,2026-03-04,72450
Project 0576,2026-04-24,Qualified,0.35,2026-03-04,72450
Project 0576,2026-03-24,Qualified,0.35,2026-03-04,72450
Project 0577,2026-08-24,In Delivery,0.75,2025-03-25,42300
Project 0577,2026-07-24,In Delivery,0.75,2025-03-25,42300
Project 0577,2026-06-24,In Delivery,0.75,2025-03-25,42300
Project 0577,2026-05-24,In Delivery,0.75,2025-03-25,42300
Project 0577,2026-04-24,In Delivery,0.75,2025-03-25,42300
Project 0577,2026-03-24,In Delivery,0.75,2025-03-25,42300
Project 0578,2026-08-24,Closed Won,1.0,2025-10-14,150000
Project 0578,2026-07-24,Closed Won,1.0,2025-10-14,150000
Project 0578,2026-06-24,Closed Won,1.0,2025-10-14,150000
Project 0578,2026-05-24,Closed Won,1.0,2025-10-14,150000
Project 0578,2026-04-24,Closed Won,1.0,2025-10-14,150000
Project 0578,2026-03-24,Closed Won,1.0,2025-10-14,150000
Project 0579,2026-08-24,Prospect,0.15,2026-07-19,234600
Project 0579,2026-07-24,Prospect,0.15,2026-07-19,234600
Project 0579,2026-06-24,Prospect,0.15,2026-07-19,234600
Project 0579,2026-05-24,Prospect,0.15,2026-07-19,234600
Project 0579,2026-04-24,Prospect,0.15,2026-07-19,234600
Project 0579,2026-03-24,Prospect,0.15,2026-07-19,234600
Project 0580,2026-08-24,In Delivery,0.75,2026-10-21,948600
Project 0580,2026-07-24,In Delivery,0.75,2026-10-21,948600
Project 0580,2026-06-24,In Delivery,0.75,2026-10-21,948600
Project 0580,2026-05-24,In Delivery,0.75,2026-10-21,948600
Project 0580,2026-04-24,In Delivery,0.75,2026-10-21,948600
Project 0580,2026-03-24,In Delivery,0.75,2026-10-21,948600
Project 0581,2026-08-24,Closed Won,1.0,2026-09-13,592650
Project 0581,2026-07-24,Closed Won,1.0,2026-09-13,592650
Project 0581,2026-06-24,Closed Won,1.0,2026-09-13,592650
Project 0581,2026-05-24,Closed Won,1.0,2026-09-13,592650
Project 0581,2026-04-24,Closed Won,1.0,2026-09-13,592650
Project 0581,2026-03-24,Closed Won,1.0,2026-09-13,592650
Project 0582,2026-08-24,Prospect,0.15,2025-12-30,447600
Project 0582,2026-07-24,Prospect,0.15,2025-12-30,447600
Project 0582,2026-06-24,Prospect,0.15,2025-12-30,447600
Project 0582,2026-05-24,Prospect,0.15,2025-12-30,447600
Project 0582,2026-04-24,Prospect,0.15,2025-12-30,447600
Project 0582,2026-03-24,Prospect,0.15,2025-12-30,447600
Project 0583,2026-08-24,Prospect,0.15,2026-05-23,52000
Project 0583,2026-07-24,Prospect,0.15,2026-05-23,52000
Project 0583,2026-06-24,Prospect,0.15,2026-05-23,52000
Project 0583,2026-05-24,Prospect,0.15,2026-05-23,52000
Project 0583,2026-04-24,Prospect,0.15,2026-05-23,52000
Project 0583,2026-03-24,Prospect,0.15,2026-05-23,52000
Project 0584,2026-08-24,Qualified,0.35,2025-12-27,345200
Project 0584,2026-07-24,Qualified,0.35,2025-12-27,345200
Project 0584,2026-06-24,Qualified,0.35,2025-12-27,345200
Project 0584,2026-05-24,Qualified,0.35,2025-12-27,345200
Project 0584,2026-04-24,Qualified,0.35,2025-12-27,345200
Project 0584,2026-03-24,Qualified,0.35,2025-12-27,345200
Project 0585,2026-08-24,Qualified,0.35,2025-10-23,989250
Project 0585,2026-07-24,Qualified,0.35,2025-10-23,989250
Project 0585,2026-06-24,Qualified,0.35,2025-10-23,989250
Project 0585,2026-05-24,Qualified,0.35,2025-10-23,989250
Project 0585,2026-04-24,Qualified,0.35,2025-10-23,989250
Project 0585,2026-03-24,Qualified,0.35,2025-10-23,989250
Project 0586,2026-08-24,Closed Won,1.0,2025-12-03,1102400
Project 0586,2026-07-24,Closed Won,1.0,2025-12-03,1102400
Project 0586,2026-06-24,Closed Won,1.0,2025-12-03,1102400
Project 0586,2026-05-24,Closed Won,1.0,2025-12-03,1102400
Project 0586,2026-04-24,Closed Won,1.0,2025-12-03,1102400
Project 0586,2026-03-24,Closed Won,1.0,2025-12-03,1102400
Project 0587,2026-08-24,Closed Won,1.0,2025-10-07,988800
Project 0587,2026-07-24,Closed Won,1.0,2025-10-07,988800
Project 0587,2026-06-24,Closed Won,1.0,2025-10-07,988800
Project 0587,2026-05-24,Closed Won,1.0,2025-10-07,988800
Project 0587,2026-04-24,Closed Won,1.0,2025-10-07,988800
Project 0587,2026-03-24,Closed Won,1.0,2025-10-07,988800
Project 0588,2026-08-24,In Delivery,0.75,2026-12-04,1164500
Project 0588,2026-07-24,In Delivery,0.75,2026-12-04,1164500
Project 0588,2026-06-24,In Delivery,0.75,2026-12-04,1164500
Project 0588,2026-05-24,In Delivery,0.75,2026-12-04,1164500
Project 0588,2026-04-24,In Delivery,0.75,2026-12-04,1164500
Project 0588,2026-03-24,In Delivery,0.75,2026-12-04,1164500
Project 0589,2026-08-24,In Delivery,0.75,2025-07-13,467400
Project 0589,2026-07-24,In Delivery,0.75,2025-07-13,467400
Project 0589,2026-06-24,In Delivery,0.75,2025-07-13,467400
Project 0589,2026-05-24,In Delivery,0.75,2025-07-13,467400
Project 0589,2026-04-24,In Delivery,0.75,2025-07-13,467400
Project 0589,2026-03-24,In Delivery,0.75,2025-07-13,467400
Project 0590,2026-08-24,In Delivery,0.75,2027-02-19,1592850
Project 0590,2026-07-24,In Delivery,0.75,2027-02-19,1592850
Project 0590,2026-06-24,In Delivery,0.75,2027-02-19,1592850
Project 0590,2026-05-24,In Delivery,0.75,2027-02-19,1592850
Project 0590,2026-04-24,In Delivery,0.75,2027-02-19,1592850
Project 0590,2026-03-24,In Delivery,0.75,2027-02-19,1592850
Project 0591,2026-08-24,Closed Won,1.0,2026-10-04,636200
Project 0591,2026-07-24,Closed Won,1.0,2026-10-04,636200
Project 0591,2026-06-24,Closed Won,1.0,2026-10-04,636200
Project 0591,2026-05-24,Closed Won,1.0,2026-10-04,636200
Project 0591,2026-04-24,Closed Won,1.0,2026-10-04,636200
Project 0591,2026-03-24,Closed Won,1.0,2026-10-04,636200
Project 0592,2026-08-24,Prospect,0.15,2024-11-29,126600
Project 0592,2026-07-24,Prospect,0.15,2024-11-29,126600
Project 0592,2026-06-24,Prospect,0.15,2024-11-29,126600
Project 0592,2026-05-24,Prospect,0.15,2024-11-29,126600
Project 0592,2026-04-24,Prospect,0.15,2024-11-29,126600
Project 0592,2026-03-24,Prospect,0.15,2024-11-29,126600
Project 0593,2026-08-24,Closed Won,1.0,2026-12-22,300600
Project 0593,2026-07-24,Closed Won,1.0,2026-12-22,300600
Project 0593,2026-06-24,Closed Won,1.0,2026-12-22,300600
Project 0593,2026-05-24,Closed Won,1.0,2026-12-22,300600
Project 0593,2026-04-24,Closed Won,1.0,2026-12-22,300600
Project 0593,2026-03-24,Closed Won,1.0,2026-12-22,300600
Project 0594,2026-08-24,In Delivery,0.75,2026-03-21,570900
Project 0594,2026-07-24,In Delivery,0.75,2026-03-21,570900
Project 0594,2026-06-24,In Delivery,0.75,2026-03-21,570900
Project 0594,2026-05-24,In Delivery,0.75,2026-03-21,570900
Project 0594,2026-04-24,In Delivery,0.75,2026-03-21,570900
Project 0594,2026-03-24,In Delivery,0.75,2026-03-21,570900
Project 0595,2026-08-24,Closed Won,1.0,2025-08-11,976850
Project 0595,2026-07-24,Closed Won,1.0,2025-08-11,976850
Project 0595,2026-06-24,Closed Won,1.0,2025-08-11,976850
Project 0595,2026-05-24,Closed Won,1.0,2025-08-11,976850
Project 0595,2026-04-24,Closed Won,1.0,2025-08-11,976850
Project 0595,2026-03-24,Closed Won,1.0,2025-08-11,976850
Project 0596,2026-08-24,Qualified,0.35,2026-08-08,464250
Project 0596,2026-07-24,Qualified,0.35,2026-08-08,464250
Project 0596,2026-06-24,Qualified,0.35,2026-08-08,464250
Project 0596,2026-05-24,Qualified,0.35,2026-08-08,464250
Project 0596,2026-04-24,Qualified,0.35,2026-08-08,464250
Project 0596,2026-03-24,Qualified,0.35,2026-08-08,464250
Project 0597,2026-08-24,Closed Won,1.0,2025-10-19,129150
Project 0597,2026-07-24,Closed Won,1.0,2025-10-19,129150
Project 0597,2026-06-24,Closed Won,1.0,2025-10-19,129150
Project 0597,2026-05-24,Closed Won,1.0,2025-10-19,129150
Project 0597,2026-04-24,Closed Won,1.0,2025-10-19,129150
Project 0597,2026-03-24,Closed Won,1.0,2025-10-19,129150
Project 0598,2026-08-24,Closed Won,1.0,2026-05-04,1256800
Project 0598,2026-07-24,Closed Won,1.0,2026-05-04,1256800
Project 0598,2026-06-24,Closed Won,1.0,2026-05-04,1256800
Project 0598,2026-05-24,Closed Won,1.0,2026-05-04,1256800
Project 0598,2026-04-24,Closed Won,1.0,2026-05-04,1256800
Project 0598,2026-03-24,Closed Won,1.0,2026-05-04,1256800
Project 0599,2026-08-24,Prospect,0.15,2025-10-05,1148700
Project 0599,2026-07-24,Prospect,0.15,2025-10-05,1148700
Project 0599,2026-06-24,Prospect,0.15,2025-10-05,1148700
Project 0599,2026-05-24,Prospect,0.15,2025-10-05,1148700
Project 0599,2026-04-24,Prospect,0.15,2025-10-05,1148700
Project 0599,2026-03-24,Prospect,0.15,2025-10-05,1148700
Project 0600,2026-08-24,Prospect,0.15,2025-12-11,1360450
Project 0600,2026-07-24,Prospect,0.15,2025-12-11,1360450
Project 0600,2026-06-24,Prospect,0.15,2025-12-11,1360450
Project 0600,2026-05-24,Prospect,0.15,2025-12-11,1360450
Project 0600,2026-04-24,Prospect,0.15,2025-12-11,1360450
Project 0600,2026-03-24,Prospect,0.15,2025-12-11,1360450
Project 0601,2026-08-24,Prospect,0.15,2025-09-15,1833600
Project 0601,2026-07-24,Prospect,0.15,2025-09-15,1833600
Project 0601,2026-06-24,Prospect,0.15,2025-09-15,1833600
Project 0601,2026-05-24,Prospect,0.15,2025-09-15,1833600
Project 0601,2026-04-24,Prospect,0.15,2025-09-15,1833600
Project 0601,2026-03-24,Prospect,0.15,2025-09-15,1833600
Project 0602,2026-08-24,Closed Won,1.0,2026-12-09,985800
Project 0602,2026-07-24,Closed Won,1.0,2026-12-09,985800
Project 0602,2026-06-24,Closed Won,1.0,2026-12-09,985800
Project 0602,2026-05-24,Closed Won,1.0,2026-12-09,985800
Project 0602,2026-04-24,Closed Won,1.0,2026-12-09,985800
Project 0602,2026-03-24,Closed Won,1.0,2026-12-09,985800
Project 0603,2026-08-24,In Delivery,0.75,2026-11-12,981200
Project 0603,2026-07-24,In Delivery,0.75,2026-11-12,981200
Project 0603,2026-06-24,In Delivery,0.75,2026-11-12,981200
Project 0603,2026-05-24,In Delivery,0.75,2026-11-12,981200
Project 0603,2026-04-24,In Delivery,0.75,2026-11-12,981200
Project 0603,2026-03-24,In Delivery,0.75,2026-11-12,981200
Project 0604,2026-08-24,Closed Lost,0.0,2026-11-30,913500
Project 0604,2026-07-24,Closed Lost,0.0,2026-11-30,913500
Project 0604,2026-06-24,Closed Lost,0.0,2026-11-30,913500
Project 0604,2026-05-24,Closed Lost,0.0,2026-11-30,913500
Project 0604,2026-04-24,Closed Lost,0.0,2026-11-30,913500
Project 0604,2026-03-24,Closed Lost,0.0,2026-11-30,913500
Project 0605,2026-08-24,Closed Won,1.0,2026-09-19,488400
Project 0605,2026-07-24,Closed Won,1.0,2026-09-19,488400
Project 0605,2026-06-24,Closed Won,1.0,2026-09-19,488400
Project 0605,2026-05-24,Closed Won,1.0,2026-09-19,488400
Project 0605,2026-04-24,Closed Won,1.0,2026-09-19,488400
Project 0605,2026-03-24,Closed Won,1.0,2026-09-19,488400
Project 0606,2026-08-24,Prospect,0.15,2025-12-12,153300
Project 0606,2026-07-24,Prospect,0.15,2025-12-12,153300
Project 0606,2026-06-24,Prospect,0.15,2025-12-12,153300
Project 0606,2026-05-24,Prospect,0.15,2025-12-12,153300
Project 0606,2026-04-24,Prospect,0.15,2025-12-12,153300
Project 0606,2026-03-24,Prospect,0.15,2025-12-12,153300
Project 0607,2026-08-24,Qualified,0.35,2026-12-16,577400
Project 0607,2026-07-24,Qualified,0.35,2026-12-16,577400
Project 0607,2026-06-24,Qualified,0.35,2026-12-16,577400
Project 0607,2026-05-24,Qualified,0.35,2026-12-16,577400
Project 0607,2026-04-24,Qualified,0.35,2026-12-16,577400
Project 0607,2026-03-24,Qualified,0.35,2026-12-16,577400
Project 0608,2026-08-24,Closed Won,1.0,2026-12-10,355600
Project 0608,2026-07-24,Closed Won,1.0,2026-12-10,355600
Project 0608,2026-06-24,Closed Won,1.0,2026-12-10,355600
Project 0608,2026-05-24,Closed Won,1.0,2026-12-10,355600
Project 0608,2026-04-24,Closed Won,1.0,2026-12-10,355600
Project 0608,2026-03-24,Closed Won,1.0,2026-12-10,355600
Project 0609,2026-08-24,Closed Won,1.0,2026-04-26,157500
Project 0609,2026-07-24,Closed Won,1.0,2026-04-26,157500
Project 0609,2026-06-24,Closed Won,1.0,2026-04-26,157500
Project 0609,2026-05-24,Closed Won,1.0,2026-04-26,157500
Project 0609,2026-04-24,Closed Won,1.0,2026-04-26,157500
Project 0609,2026-03-24,Closed Won,1.0,2026-04-26,157500
Project 0610,2026-08-24,Qualified,0.35,2025-03-07,205050
Project 0610,2026-07-24,Qualified,0.35,2025-03-07,205050
Project 0610,2026-06-24,Qualified,0.35,2025-03-07,205050
Project 0610,2026-05-24,Qualified,0.35,2025-03-07,205050
Project 0610,2026-04-24,Qualified,0.35,2025-03-07,205050
Project 0610,2026-03-24,Qualified,0.35,2025-03-07,205050
Project 0611,2026-08-24,In Delivery,0.75,2025-10-07,273150
Project 0611,2026-07-24,In Delivery,0.75,2025-10-07,273150
Project 0611,2026-06-24,In Delivery,0.75,2025-10-07,273150
Project 0611,2026-05-24,In Delivery,0.75,2025-10-07,273150
Project 0611,2026-04-24,In Delivery,0.75,2025-10-07,273150
Project 0611,2026-03-24,In Delivery,0.75,2025-10-07,273150
Project 0612,2026-08-24,In Delivery,0.75,2026-05-18,171600
Project 0612,2026-07-24,In Delivery,0.75,2026-05-18,171600
Project 0612,2026-06-24,In Delivery,0.75,2026-05-18,171600
Project 0612,2026-05-24,In Delivery,0.75,2026-05-18,171600
Project 0612,2026-04-24,In Delivery,0.75,2026-05-18,171600
Project 0612,2026-03-24,In Delivery,0.75,2026-05-18,171600
Project 0613,2026-08-24,Prospect,0.15,2026-07-29,725550
Project 0613,2026-07-24,Prospect,0.15,2026-07-29,725550
Project 0613,2026-06-24,Prospect,0.15,2026-07-29,725550
Project 0613,2026-05-24,Prospect,0.15,2026-07-29,725550
Project 0613,2026-04-24,Prospect,0.15,2026-07-29,725550
Project 0613,2026-03-24,Prospect,0.15,2026-07-29,725550
Project 0614,2026-08-24,Prospect,0.15,2025-07-03,1112400
Project 0614,2026-07-24,Prospect,0.15,2025-07-03,1112400
Project 0614,2026-06-24,Prospect,0.15,2025-07-03,1112400
Project 0614,2026-05-24,Prospect,0.15,2025-07-03,1112400
Project 0614,2026-04-24,Prospect,0.15,2025-07-03,1112400
Project 0614,2026-03-24,Prospect,0.15,2025-07-03,1112400
Project 0615,2026-08-24,Prospect,0.15,2025-02-27,460800
Project 0615,2026-07-24,Prospect,0.15,2025-02-27,460800
Project 0615,2026-06-24,Prospect,0.15,2025-02-27,460800
Project 0615,2026-05-24,Prospect,0.15,2025-02-27,460800
Project 0615,2026-04-24,Prospect,0.15,2025-02-27,460800
Project 0615,2026-03-24,Prospect,0.15,2025-02-27,460800
Project 0616,2026-08-24,Closed Won,1.0,2026-07-17,774600
Project 0616,2026-07-24,Closed Won,1.0,2026-07-17,774600
Project 0616,2026-06-24,Closed Won,1.0,2026-07-17,774600
Project 0616,2026-05-24,Closed Won,1.0,2026-07-17,774600
Project 0616,2026-04-24,Closed Won,1.0,2026-07-17,774600
Project 0616,2026-03-24,Closed Won,1.0,2026-07-17,774600
Project 0617,2026-08-24,Qualified,0.35,2025-08-07,101250
Project 0617,2026-07-24,Qualified,0.35,2025-08-07,101250
Project 0617,2026-06-24,Qualified,0.35,2025-08-07,101250
Project 0617,2026-05-24,Qualified,0.35,2025-08-07,101250
Project 0617,2026-04-24,Qualified,0.35,2025-08-07,101250
Project 0617,2026-03-24,Qualified,0.35,2025-08-07,101250
Project 0618,2026-08-24,In Delivery,0.75,2026-04-27,716500
Project 0618,2026-07-24,In Delivery,0.75,2026-04-27,716500
Project 0618,2026-06-24,In Delivery,0.75,2026-04-27,716500
Project 0618,2026-05-24,In Delivery,0.75,2026-04-27,716500
Project 0618,2026-04-24,In Delivery,0.75,2026-04-27,716500
Project 0618,2026-03-24,In Delivery,0.75,2026-04-27,716500
Project 0619,2026-08-24,Closed Won,1.0,2026-01-21,261000
Project 0619,2026-07-24,Closed Won,1.0,2026-01-21,261000
Project 0619,2026-06-24,Closed Won,1.0,2026-01-21,261000
Project 0619,2026-05-24,Closed Won,1.0,2026-01-21,261000
Project 0619,2026-04-24,Closed Won,1.0,2026-01-21,261000
Project 0619,2026-03-24,Closed Won,1.0,2026-01-21,261000
Project 0620,2026-08-24,In Delivery,0.75,2026-08-11,89800
Project 0620,2026-07-24,In Delivery,0.75,2026-08-11,89800
Project 0620,2026-06-24,In Delivery,0.75,2026-08-11,89800
Project 0620,2026-05-24,In Delivery,0.75,2026-08-11,89800
Project 0620,2026-04-24,In Delivery,0.75,2026-08-11,89800
Project 0620,2026-03-24,In Delivery,0.75,2026-08-11,89800
Project 0621,2026-08-24,Closed Won,1.0,2026-10-04,1269100
Project 0621,2026-07-24,Closed Won,1.0,2026-10-04,1269100
Project 0621,2026-06-24,Closed Won,1.0,2026-10-04,1269100
Project 0621,2026-05-24,Closed Won,1.0,2026-10-04,1269100
Project 0621,2026-04-24,Closed Won,1.0,2026-10-04,1269100
Project 0621,2026-03-24,Closed Won,1.0,2026-10-04,1269100
Project 0622,2026-08-24,Qualified,0.35,2026-10-18,504450
Project 0622,2026-07-24,Qualified,0.35,2026-10-18,504450
Project 0622,2026-06-24,Qualified,0.35,2026-10-18,504450
Project 0622,2026-05-24,Qualified,0.35,2026-10-18,504450
Project 0622,2026-04-24,Qualified,0.35,2026-10-18,504450
Project 0622,2026-03-24,Qualified,0.35,2026-10-18,504450
Project 0623,2026-08-24,Qualified,0.35,2026-02-25,200600
Project 0623,2026-07-24,Qualified,0.35,2026-02-25,200600
Project 0623,2026-06-24,Qualified,0.35,2026-02-25,200600
Project 0623,2026-05-24,Qualified,0.35,2026-02-25,200600
Project 0623,2026-04-24,Qualified,0.35,2026-02-25,200600
Project 0623,2026-03-24,Qualified,0.35,2026-02-25,200600
Project 0624,2026-08-24,Prospect,0.15,2026-10-21,666750
Project 0624,2026-07-24,Prospect,0.15,2026-10-21,666750
Project 0624,2026-06-24,Prospect,0.15,2026-10-21,666750
Project 0624,2026-05-24,Prospect,0.15,2026-10-21,666750
Project 0624,2026-04-24,Prospect,0.15,2026-10-21,666750
Project 0624,2026-03-24,Prospect,0.15,2026-10-21,666750
Project 0625,2026-08-24,Prospect,0.15,2025-10-04,230800
Project 0625,2026-07-24,Prospect,0.15,2025-10-04,230800
Project 0625,2026-06-24,Prospect,0.15,2025-10-04,230800
Project 0625,2026-05-24,Prospect,0.15,2025-10-04,230800
Project 0625,2026-04-24,Prospect,0.15,2025-10-04,230800
Project 0625,2026-03-24,Prospect,0.15,2025-10-04,230800
Project 0626,2026-08-24,In Delivery,0.75,2025-11-21,521700
Project 0626,2026-07-24,In Delivery,0.75,2025-11-21,521700
Project 0626,2026-06-24,In Delivery,0.75,2025-11-21,521700
Project 0626,2026-05-24,In Delivery,0.75,2025-11-21,521700
Project 0626,2026-04-24,In Delivery,0.75,2025-11-21,521700
Project 0626,2026-03-24,In Delivery,0.75,2025-11-21,521700
Project 0627,2026-08-24,Closed Won,1.0,2025-12-20,1981200
Project 0627,2026-07-24,Closed Won,1.0,2025-12-20,1981200
Project 0627,2026-06-24,Closed Won,1.0,2025-12-20,1981200
Project 0627,2026-05-24,Closed Won,1.0,2025-12-20,1981200
Project 0627,2026-04-24,Closed Won,1.0,2025-12-20,1981200
Project 0627,2026-03-24,Closed Won,1.0,2025-12-20,1981200
Project 0628,2026-08-24,Qualified,0.35,2026-05-15,731250
Project 0628,2026-07-24,Qualified,0.35,2026-05-15,731250
Project 0628,2026-06-24,Qualified,0.35,2026-05-15,731250
Project 0628,2026-05-24,Qualified,0.35,2026-05-15,731250
Project 0628,2026-04-24,Qualified,0.35,2026-05-15,731250
Project 0628,2026-03-24,Qualified,0.35,2026-05-15,731250
Project 0629,2026-08-24,Qualified,0.35,2026-01-28,1557850
Project 0629,2026-07-24,Qualified,0.35,2026-01-28,1557850
Project 0629,2026-06-24,Qualified,0.35,2026-01-28,1557850
Project 0629,2026-05-24,Qualified,0.35,2026-01-28,1557850
Project 0629,2026-04-24,Qualified,0.35,2026-01-28,1557850
Project 0629,2026-03-24,Qualified,0.35,2026-01-28,1557850
Project 0630,2026-08-24,In Delivery,0.75,2027-01-03,1136100
Project 0630,2026-07-24,In Delivery,0.75,2027-01-03,1136100
Project 0630,2026-06-24,In Delivery,0.75,2027-01-03,1136100
Project 0630,2026-05-24,In Delivery,0.75,2027-01-03,1136100
Project 0630,2026-04-24,In Delivery,0.75,2027-01-03,1136100
Project 0630,2026-03-24,In Delivery,0.75,2027-01-03,1136100
Project 0631,2026-08-24,In Delivery,0.75,2026-01-13,60450
Project 0631,2026-07-24,In Delivery,0.75,2026-01-13,60450
Project 0631,2026-06-24,In Delivery,0.75,2026-01-13,60450
Project 0631,2026-05-24,In Delivery,0.75,2026-01-13,60450
Project 0631,2026-04-24,In Delivery,0.75,2026-01-13,60450
Project 0631,2026-03-24,In Delivery,0.75,2026-01-13,60450
Project 0632,2026-08-24,Qualified,0.35,2025-03-16,1175000
Project 0632,2026-07-24,Qualified,0.35,2025-03-16,1175000
Project 0632,2026-06-24,Qualified,0.35,2025-03-16,1175000
Project 0632,2026-05-24,Qualified,0.35,2025-03-16,1175000
Project 0632,2026-04-24,Qualified,0.35,2025-03-16,1175000
Project 0632,2026-03-24,Qualified,0.35,2025-03-16,1175000
Project 0633,2026-08-24,In Delivery,0.75,2027-03-03,472350
Project 0633,2026-07-24,In Delivery,0.75,2027-03-03,472350
Project 0633,2026-06-24,In Delivery,0.75,2027-03-03,472350
Project 0633,2026-05-24,In Delivery,0.75,2027-03-03,472350
Project 0633,2026-04-24,In Delivery,0.75,2027-03-03,472350
Project 0633,2026-03-24,In Delivery,0.75,2027-03-03,472350
Project 0634,2026-08-24,Closed Lost,0.0,2026-10-29,905000
Project 0634,2026-07-24,Closed Lost,0.0,2026-10-29,905000
Project 0634,2026-06-24,Closed Lost,0.0,2026-10-29,905000
Project 0634,2026-05-24,Closed Lost,0.0,2026-10-29,905000
Project 0634,2026-04-24,Closed Lost,0.0,2026-10-29,905000
Project 0634,2026-03-24,Closed Lost,0.0,2026-10-29,905000
Project 0635,2026-08-24,In Delivery,0.75,2024-12-31,1615600
Project 0635,2026-07-24,In Delivery,0.75,2024-12-31,1615600
Project 0635,2026-06-24,In Delivery,0.75,2024-12-31,1615600
Project 0635,2026-05-24,In Delivery,0.75,2024-12-31,1615600
Project 0635,2026-04-24,In Delivery,0.75,2024-12-31,1615600
Project 0635,2026-03-24,In Delivery,0.75,2024-12-31,1615600
Project 0636,2026-08-24,Closed Won,1.0,2026-01-01,459900
Project 0636,2026-07-24,Closed Won,1.0,2026-01-01,459900
Project 0636,2026-06-24,Closed Won,1.0,2026-01-01,459900
Project 0636,2026-05-24,Closed Won,1.0,2026-01-01,459900
Project 0636,2026-04-24,Closed Won,1.0,2026-01-01,459900
Project 0636,2026-03-24,Closed Won,1.0,2026-01-01,459900
Project 0637,2026-08-24,Qualified,0.35,2026-01-24,454200
Project 0637,2026-07-24,Qualified,0.35,2026-01-24,454200
Project 0637,2026-06-24,Qualified,0.35,2026-01-24,454200
Project 0637,2026-05-24,Qualified,0.35,2026-01-24,454200
Project 0637,2026-04-24,Qualified,0.35,2026-01-24,454200
Project 0637,2026-03-24,Qualified,0.35,2026-01-24,454200
Project 0638,2026-08-24,Qualified,0.35,2025-08-17,1681050
Project 0638,2026-07-24,Qualified,0.35,2025-08-17,1681050
Project 0638,2026-06-24,Qualified,0.35,2025-08-17,1681050
Project 0638,2026-05-24,Qualified,0.35,2025-08-17,1681050
Project 0638,2026-04-24,Qualified,0.35,2025-08-17,1681050
Project 0638,2026-03-24,Qualified,0.35,2025-08-17,1681050
Project 0639,2026-08-24,Closed Won,1.0,2025-06-22,1111200
Project 0639,2026-07-24,Closed Won,1.0,2025-06-22,1111200
Project 0639,2026-06-24,Closed Won,1.0,2025-06-22,1111200
Project 0639,2026-05-24,Closed Won,1.0,2025-06-22,1111200
Project 0639,2026-04-24,Closed Won,1.0,2025-06-22,1111200
Project 0639,2026-03-24,Closed Won,1.0,2025-06-22,1111200
Project 0640,2026-08-24,Closed Won,1.0,2025-12-13,679200
Project 0640,2026-07-24,Closed Won,1.0,2025-12-13,679200
Project 0640,2026-06-24,Closed Won,1.0,2025-12-13,679200
Project 0640,2026-05-24,Closed Won,1.0,2025-12-13,679200
Project 0640,2026-04-24,Closed Won,1.0,2025-12-13,679200
Project 0640,2026-03-24,Closed Won,1.0,2025-12-13,679200
Project 0641,2026-08-24,In Delivery,0.75,2025-10-12,54500
Project 0641,2026-07-24,In Delivery,0.75,2025-10-12,54500
Project 0641,2026-06-24,In Delivery,0.75,2025-10-12,54500
Project 0641,2026-05-24,In Delivery,0.75,2025-10-12,54500
Project 0641,2026-04-24,In Delivery,0.75,2025-10-12,54500
Project 0641,2026-03-24,In Delivery,0.75,2025-10-12,54500
Project 0642,2026-08-24,In Delivery,0.75,2025-08-10,614500
Project 0642,2026-07-24,In Delivery,0.75,2025-08-10,614500
Project 0642,2026-06-24,In Delivery,0.75,2025-08-10,614500
Project 0642,2026-05-24,In Delivery,0.75,2025-08-10,614500
Project 0642,2026-04-24,In Delivery,0.75,2025-08-10,614500
Project 0642,2026-03-24,In Delivery,0.75,2025-08-10,614500
Project 0643,2026-08-24,In Delivery,0.75,2025-12-11,1341900
Project 0643,2026-07-24,In Delivery,0.75,2025-12-11,1341900
Project 0643,2026-06-24,In Delivery,0.75,2025-12-11,1341900
Project 0643,2026-05-24,In Delivery,0.75,2025-12-11,1341900
Project 0643,2026-04-24,In Delivery,0.75,2025-12-11,1341900
Project 0643,2026-03-24,In Delivery,0.75,2025-12-11,1341900
Project 0644,2026-08-24,In Delivery,0.75,2026-09-19,1145750
Project 0644,2026-07-24,In Delivery,0.75,2026-09-19,1145750
Project 0644,2026-06-24,In Delivery,0.75,2026-09-19,1145750
Project 0644,2026-05-24,In Delivery,0.75,2026-09-19,1145750
Project 0644,2026-04-24,In Delivery,0.75,2026-09-19,1145750
Project 0644,2026-03-24,In Delivery,0.75,2026-09-19,1145750
Project 0645,2026-08-24,Qualified,0.35,2025-03-16,454300
Project 0645,2026-07-24,Qualified,0.35,2025-03-16,454300
Project 0645,2026-06-24,Qualified,0.35,2025-03-16,454300
Project 0645,2026-05-24,Qualified,0.35,2025-03-16,454300
Project 0645,2026-04-24,Qualified,0.35,2025-03-16,454300
Project 0645,2026-03-24,Qualified,0.35,2025-03-16,454300
Project 0646,2026-08-24,Prospect,0.15,2027-05-07,279250
Project 0646,2026-07-24,Prospect,0.15,2027-05-07,279250
Project 0646,2026-06-24,Prospect,0.15,2027-05-07,279250
Project 0646,2026-05-24,Prospect,0.15,2027-05-07,279250
Project 0646,2026-04-24,Prospect,0.15,2027-05-07,279250
Project 0646,2026-03-24,Prospect,0.15,2027-05-07,279250
Project 0647,2026-08-24,Qualified,0.35,2026-12-11,1880400
Project 0647,2026-07-24,Qualified,0.35,2026-12-11,1880400
Project 0647,2026-06-24,Qualified,0.35,2026-12-11,1880400
Project 0647,2026-05-24,Qualified,0.35,2026-12-11,1880400
Project 0647,2026-04-24,Qualified,0.35,2026-12-11,1880400
Project 0647,2026-03-24,Qualified,0.35,2026-12-11,1880400
Project 0648,2026-08-24,Closed Won,1.0,2027-04-05,143500
Project 0648,2026-07-24,Closed Won,1.0,2027-04-05,143500
Project 0648,2026-06-24,Closed Won,1.0,2027-04-05,143500
Project 0648,2026-05-24,Closed Won,1.0,2027-04-05,143500
Project 0648,2026-04-24,Closed Won,1.0,2027-04-05,143500
Project 0648,2026-03-24,Closed Won,1.0,2027-04-05,143500
Project 0649,2026-08-24,In Delivery,0.75,2026-07-21,867000
Project 0649,2026-07-24,In Delivery,0.75,2026-07-21,867000
Project 0649,2026-06-24,In Delivery,0.75,2026-07-21,867000
Project 0649,2026-05-24,In Delivery,0.75,2026-07-21,867000
Project 0649,2026-04-24,In Delivery,0.75,2026-07-21,867000
Project 0649,2026-03-24,In Delivery,0.75,2026-07-21,867000
Project 0650,2026-08-24,Prospect,0.15,2025-09-06,150600
Project 0650,2026-07-24,Prospect,0.15,2025-09-06,150600
Project 0650,2026-06-24,Prospect,0.15,2025-09-06,150600
Project 0650,2026-05-24,Prospect,0.15,2025-09-06,150600
Project 0650,2026-04-24,Prospect,0.15,2025-09-06,150600
Project 0650,2026-03-24,Prospect,0.15,2025-09-06,150600
Project 0651,2026-08-24,Prospect,0.15,2025-05-17,918200
Project 0651,2026-07-24,Prospect,0.15,2025-05-17,918200
Project 0651,2026-06-24,Prospect,0.15,2025-05-17,918200
Project 0651,2026-05-24,Prospect,0.15,2025-05-17,918200
Project 0651,2026-04-24,Prospect,0.15,2025-05-17,918200
Project 0651,2026-03-24,Prospect,0.15,2025-05-17,918200
Project 0652,2026-08-24,In Delivery,0.75,2026-07-31,968100
Project 0652,2026-07-24,In Delivery,0.75,2026-07-31,968100
Project 0652,2026-06-24,In Delivery,0.75,2026-07-31,968100
Project 0652,2026-05-24,In Delivery,0.75,2026-07-31,968100
Project 0652,2026-04-24,In Delivery,0.75,2026-07-31,968100
Project 0652,2026-03-24,In Delivery,0.75,2026-07-31,968100
Project 0653,2026-08-24,Qualified,0.35,2026-10-28,1342200
Project 0653,2026-07-24,Qualified,0.35,2026-10-28,1342200
Project 0653,2026-06-24,Qualified,0.35,2026-10-28,1342200
Project 0653,2026-05-24,Qualified,0.35,2026-10-28,1342200
Project 0653,2026-04-24,Qualified,0.35,2026-10-28,1342200
Project 0653,2026-03-24,Qualified,0.35,2026-10-28,1342200
Project 0654,2026-08-24,In Delivery,0.75,2026-07-25,500500
Project 0654,2026-07-24,In Delivery,0.75,2026-07-25,500500
Project 0654,2026-06-24,In Delivery,0.75,2026-07-25,500500
Project 0654,2026-05-24,In Delivery,0.75,2026-07-25,500500
Project 0654,2026-04-24,In Delivery,0.75,2026-07-25,500500
Project 0654,2026-03-24,In Delivery,0.75,2026-07-25,500500
Project 0655,2026-08-24,Qualified,0.35,2025-11-18,811200
Project 0655,2026-07-24,Qualified,0.35,2025-11-18,811200
Project 0655,2026-06-24,Qualified,0.35,2025-11-18,811200
Project 0655,2026-05-24,Qualified,0.35,2025-11-18,811200
Project 0655,2026-04-24,Qualified,0.35,2025-11-18,811200
Project 0655,2026-03-24,Qualified,0.35,2025-11-18,811200
Project 0656,2026-08-24,Qualified,0.35,2026-03-11,563400
Project 0656,2026-07-24,Qualified,0.35,2026-03-11,563400
Project 0656,2026-06-24,Qualified,0.35,2026-03-11,563400
Project 0656,2026-05-24,Qualified,0.35,2026-03-11,563400
Project 0656,2026-04-24,Qualified,0.35,2026-03-11,563400
Project 0656,2026-03-24,Qualified,0.35,2026-03-11,563400
Project 0657,2026-08-24,Prospect,0.15,2025-11-15,838750
Project 0657,2026-07-24,Prospect,0.15,2025-11-15,838750
Project 0657,2026-06-24,Prospect,0.15,2025-11-15,838750
Project 0657,2026-05-24,Prospect,0.15,2025-11-15,838750
Project 0657,2026-04-24,Prospect,0.15,2025-11-15,838750
Project 0657,2026-03-24,Prospect,0.15,2025-11-15,838750
Project 0658,2026-08-24,Closed Won,1.0,2025-06-02,108150
Project 0658,2026-07-24,Closed Won,1.0,2025-06-02,108150
Project 0658,2026-06-24,Closed Won,1.0,2025-06-02,108150
Project 0658,2026-05-24,Closed Won,1.0,2025-06-02,108150
Project 0658,2026-04-24,Closed Won,1.0,2025-06-02,108150
Project 0658,2026-03-24,Closed Won,1.0,2025-06-02,108150
Project 0659,2026-08-24,Qualified,0.35,2026-12-27,292600
Project 0659,2026-07-24,Qualified,0.35,2026-12-27,292600
Project 0659,2026-06-24,Qualified,0.35,2026-12-27,292600
Project 0659,2026-05-24,Qualified,0.35,2026-12-27,292600
Project 0659,2026-04-24,Qualified,0.35,2026-12-27,292600
Project 0659,2026-03-24,Qualified,0.35,2026-12-27,292600
Project 0660,2026-08-24,Closed Won,1.0,2025-02-19,1784400
Project 0660,2026-07-24,Closed Won,1.0,2025-02-19,1784400
Project 0660,2026-06-24,Closed Won,1.0,2025-02-19,1784400
Project 0660,2026-05-24,Closed Won,1.0,2025-02-19,1784400
Project 0660,2026-04-24,Closed Won,1.0,2025-02-19,1784400
Project 0660,2026-03-24,Closed Won,1.0,2025-02-19,1784400
Project 0661,2026-08-24,Closed Won,1.0,2026-06-07,1080000
Project 0661,2026-07-24,Closed Won,1.0,2026-06-07,1080000
Project 0661,2026-06-24,Closed Won,1.0,2026-06-07,1080000
Project 0661,2026-05-24,Closed Won,1.0,2026-06-07,1080000
Project 0661,2026-04-24,Closed Won,1.0,2026-06-07,1080000
Project 0661,2026-03-24,Closed Won,1.0,2026-06-07,1080000
Project 0662,2026-08-24,Prospect,0.15,2026-09-29,512400
Project 0662,2026-07-24,Prospect,0.15,2026-09-29,512400
Project 0662,2026-06-24,Prospect,0.15,2026-09-29,512400
Project 0662,2026-05-24,Prospect,0.15,2026-09-29,512400
Project 0662,2026-04-24,Prospect,0.15,2026-09-29,512400
Project 0662,2026-03-24,Prospect,0.15,2026-09-29,512400
Project 0663,2026-08-24,Closed Won,1.0,2026-12-04,823550
Project 0663,2026-07-24,Closed Won,1.0,2026-12-04,823550
Project 0663,2026-06-24,Closed Won,1.0,2026-12-04,823550
Project 0663,2026-05-24,Closed Won,1.0,2026-12-04,823550
Project 0663,2026-04-24,Closed Won,1.0,2026-12-04,823550
Project 0663,2026-03-24,Closed Won,1.0,2026-12-04,823550
Project 0664,2026-08-24,Closed Won,1.0,2026-01-31,177400
Project 0664,2026-07-24,Closed Won,1.0,2026-01-31,177400
Project 0664,2026-06-24,Closed Won,1.0,2026-01-31,177400
Project 0664,2026-05-24,Closed Won,1.0,2026-01-31,177400
Project 0664,2026-04-24,Closed Won,1.0,2026-01-31,177400
Project 0664,2026-03-24,Closed Won,1.0,2026-01-31,177400
Project 0665,2026-08-24,In Delivery,0.75,2026-10-31,1740900
Project 0665,2026-07-24,In Delivery,0.75,2026-10-31,1740900
Project 0665,2026-06-24,In Delivery,0.75,2026-10-31,1740900
Project 0665,2026-05-24,In Delivery,0.75,2026-10-31,1740900
Project 0665,2026-04-24,In Delivery,0.75,2026-10-31,1740900
Project 0665,2026-03-24,In Delivery,0.75,2026-10-31,1740900
Project 0666,2026-08-24,Prospect,0.15,2025-09-09,156600
Project 0666,2026-07-24,Prospect,0.15,2025-09-09,156600
Project 0666,2026-06-24,Prospect,0.15,2025-09-09,156600
Project 0666,2026-05-24,Prospect,0.15,2025-09-09,156600
Project 0666,2026-04-24,Prospect,0.15,2025-09-09,156600
Project 0666,2026-03-24,Prospect,0.15,2025-09-09,156600
Project 0667,2026-08-24,Prospect,0.15,2026-06-01,868600
Project 0667,2026-07-24,Prospect,0.15,2026-06-01,868600
Project 0667,2026-06-24,Prospect,0.15,2026-06-01,868600
Project 0667,2026-05-24,Prospect,0.15,2026-06-01,868600
Project 0667,2026-04-24,Prospect,0.15,2026-06-01,868600
Project 0667,2026-03-24,Prospect,0.15,2026-06-01,868600
Project 0668,2026-08-24,Closed Won,1.0,2026-05-24,1076950
Project 0668,2026-07-24,Closed Won,1.0,2026-05-24,1076950
Project 0668,2026-06-24,Closed Won,1.0,2026-05-24,1076950
Project 0668,2026-05-24,Closed Won,1.0,2026-05-24,1076950
Project 0668,2026-04-24,Closed Won,1.0,2026-05-24,1076950
Project 0668,2026-03-24,Closed Won,1.0,2026-05-24,1076950
Project 0669,2026-08-24,Closed Won,1.0,2025-07-01,1381500
Project 0669,2026-07-24,Closed Won,1.0,2025-07-01,1381500
Project 0669,2026-06-24,Closed Won,1.0,2025-07-01,1381500
Project 0669,2026-05-24,Closed Won,1.0,2025-07-01,1381500
Project 0669,2026-04-24,Closed Won,1.0,2025-07-01,1381500
Project 0669,2026-03-24,Closed Won,1.0,2025-07-01,1381500
Project 0670,2026-08-24,In Delivery,0.75,2027-01-31,1384800
Project 0670,2026-07-24,In Delivery,0.75,2027-01-31,1384800
Project 0670,2026-06-24,In Delivery,0.75,2027-01-31,1384800
Project 0670,2026-05-24,In Delivery,0.75,2027-01-31,1384800
Project 0670,2026-04-24,In Delivery,0.75,2027-01-31,1384800
Project 0670,2026-03-24,In Delivery,0.75,2027-01-31,1384800
Project 0671,2026-08-24,Closed Won,1.0,2025-02-06,653100
Project 0671,2026-07-24,Closed Won,1.0,2025-02-06,653100
Project 0671,2026-06-24,Closed Won,1.0,2025-02-06,653100
Project 0671,2026-05-24,Closed Won,1.0,2025-02-06,653100
Project 0671,2026-04-24,Closed Won,1.0,2025-02-06,653100
Project 0671,2026-03-24,Closed Won,1.0,2025-02-06,653100
Project 0672,2026-08-24,In Delivery,0.75,2025-08-04,901200
Project 0672,2026-07-24,In Delivery,0.75,2025-08-04,901200
Project 0672,2026-06-24,In Delivery,0.75,2025-08-04,901200
Project 0672,2026-05-24,In Delivery,0.75,2025-08-04,901200
Project 0672,2026-04-24,In Delivery,0.75,2025-08-04,901200
Project 0672,2026-03-24,In Delivery,0.75,2025-08-04,901200
Project 0673,2026-08-24,Closed Won,1.0,2026-08-19,359100
Project 0673,2026-07-24,Closed Won,1.0,2026-08-19,359100
Project 0673,2026-06-24,Closed Won,1.0,2026-08-19,359100
Project 0673,2026-05-24,Closed Won,1.0,2026-08-19,359100
Project 0673,2026-04-24,Closed Won,1.0,2026-08-19,359100
Project 0673,2026-03-24,Closed Won,1.0,2026-08-19,359100
Project 0674,2026-08-24,Prospect,0.15,2025-03-19,1013600
Project 0674,2026-07-24,Prospect,0.15,2025-03-19,1013600
Project 0674,2026-06-24,Prospect,0.15,2025-03-19,1013600
Project 0674,2026-05-24,Prospect,0.15,2025-03-19,1013600
Project 0674,2026-04-24,Prospect,0.15,2025-03-19,1013600
Project 0674,2026-03-24,Prospect,0.15,2025-03-19,1013600
Project 0675,2026-08-24,In Delivery,0.75,2025-08-05,142500
Project 0675,2026-07-24,In Delivery,0.75,2025-08-05,142500
Project 0675,2026-06-24,In Delivery,0.75,2025-08-05,142500
Project 0675,2026-05-24,In Delivery,0.75,2025-08-05,142500
Project 0675,2026-04-24,In Delivery,0.75,2025-08-05,142500
Project 0675,2026-03-24,In Delivery,0.75,2025-08-05,142500
Project 0676,2026-08-24,Qualified,0.35,2026-08-20,1761600
Project 0676,2026-07-24,Qualified,0.35,2026-08-20,1761600
Project 0676,2026-06-24,Qualified,0.35,2026-08-20,1761600
Project 0676,2026-05-24,Qualified,0.35,2026-08-20,1761600
Project 0676,2026-04-24,Qualified,0.35,2026-08-20,1761600
Project 0676,2026-03-24,Qualified,0.35,2026-08-20,1761600
Project 0677,2026-08-24,Closed Won,1.0,2026-01-12,516000
Project 0677,2026-07-24,Closed Won,1.0,2026-01-12,516000
Project 0677,2026-06-24,Closed Won,1.0,2026-01-12,516000
Project 0677,2026-05-24,Closed Won,1.0,2026-01-12,516000
Project 0677,2026-04-24,Closed Won,1.0,2026-01-12,516000
Project 0677,2026-03-24,Closed Won,1.0,2026-01-12,516000
Project 0678,2026-08-24,In Delivery,0.75,2026-01-23,138150
Project 0678,2026-07-24,In Delivery,0.75,2026-01-23,138150
Project 0678,2026-06-24,In Delivery,0.75,2026-01-23,138150
Project 0678,2026-05-24,In Delivery,0.75,2026-01-23,138150
Project 0678,2026-04-24,In Delivery,0.75,2026-01-23,138150
Project 0678,2026-03-24,In Delivery,0.75,2026-01-23,138150
Project 0679,2026-08-24,Qualified,0.35,2026-08-07,263400
Project 0679,2026-07-24,Qualified,0.35,2026-08-07,263400
Project 0679,2026-06-24,Qualified,0.35,2026-08-07,263400
Project 0679,2026-05-24,Qualified,0.35,2026-08-07,263400
Project 0679,2026-04-24,Qualified,0.35,2026-08-07,263400
Project 0679,2026-03-24,Qualified,0.35,2026-08-07,263400
Project 0680,2026-08-24,In Delivery,0.75,2026-11-14,51300
Project 0680,2026-07-24,In Delivery,0.75,2026-11-14,51300
Project 0680,2026-06-24,In Delivery,0.75,2026-11-14,51300
Project 0680,2026-05-24,In Delivery,0.75,2026-11-14,51300
Project 0680,2026-04-24,In Delivery,0.75,2026-11-14,51300
Project 0680,2026-03-24,In Delivery,0.75,2026-11-14,51300
Project 0681,2026-08-24,Prospect,0.15,2026-05-05,706800
Project 0681,2026-07-24,Prospect,0.15,2026-05-05,706800
Project 0681,2026-06-24,Prospect,0.15,2026-05-05,706800
Project 0681,2026-05-24,Prospect,0.15,2026-05-05,706800
Project 0681,2026-04-24,Prospect,0.15,2026-05-05,706800
Project 0681,2026-03-24,Prospect,0.15,2026-05-05,706800
Project 0682,2026-08-24,Prospect,0.15,2027-02-10,746500
Project 0682,2026-07-24,Prospect,0.15,2027-02-10,746500
Project 0682,2026-06-24,Prospect,0.15,2027-02-10,746500
Project 0682,2026-05-24,Prospect,0.15,2027-02-10,746500
Project 0682,2026-04-24,Prospect,0.15,2027-02-10,746500
Project 0682,2026-03-24,Prospect,0.15,2027-02-10,746500
Project 0683,2026-08-24,In Delivery,0.75,2027-01-14,1403200
Project 0683,2026-07-24,In Delivery,0.75,2027-01-14,1403200
Project 0683,2026-06-24,In Delivery,0.75,2027-01-14,1403200
Project 0683,2026-05-24,In Delivery,0.75,2027-01-14,1403200
Project 0683,2026-04-24,In Delivery,0.75,2027-01-14,1403200
Project 0683,2026-03-24,In Delivery,0.75,2027-01-14,1403200
Project 0684,2026-08-24,In Delivery,0.75,2026-09-17,1325200
Project 0684,2026-07-24,In Delivery,0.75,2026-09-17,1325200
Project 0684,2026-06-24,In Delivery,0.75,2026-09-17,1325200
Project 0684,2026-05-24,In Delivery,0.75,2026-09-17,1325200
Project 0684,2026-04-24,In Delivery,0.75,2026-09-17,1325200
Project 0684,2026-03-24,In Delivery,0.75,2026-09-17,1325200
Project 0685,2026-08-24,Closed Won,1.0,2025-10-20,532600
Project 0685,2026-07-24,Closed Won,1.0,2025-10-20,532600
Project 0685,2026-06-24,Closed Won,1.0,2025-10-20,532600
Project 0685,2026-05-24,Closed Won,1.0,2025-10-20,532600
Project 0685,2026-04-24,Closed Won,1.0,2025-10-20,532600
Project 0685,2026-03-24,Closed Won,1.0,2025-10-20,532600
Project 0686,2026-08-24,Prospect,0.15,2025-07-01,173000
Project 0686,2026-07-24,Prospect,0.15,2025-07-01,173000
Project 0686,2026-06-24,Prospect,0.15,2025-07-01,173000
Project 0686,2026-05-24,Prospect,0.15,2025-07-01,173000
Project 0686,2026-04-24,Prospect,0.15,2025-07-01,173000
Project 0686,2026-03-24,Prospect,0.15,2025-07-01,173000
Project 0687,2026-08-24,Qualified,0.35,2026-09-01,355600
Project 0687,2026-07-24,Qualified,0.35,2026-09-01,355600
Project 0687,2026-06-24,Qualified,0.35,2026-09-01,355600
Project 0687,2026-05-24,Qualified,0.35,2026-09-01,355600
Project 0687,2026-04-24,Qualified,0.35,2026-09-01,355600
Project 0687,2026-03-24,Qualified,0.35,2026-09-01,355600
Project 0688,2026-08-24,Qualified,0.35,2026-11-29,188800
Project 0688,2026-07-24,Qualified,0.35,2026-11-29,188800
Project 0688,2026-06-24,Qualified,0.35,2026-11-29,188800
Project 0688,2026-05-24,Qualified,0.35,2026-11-29,188800
Project 0688,2026-04-24,Qualified,0.35,2026-11-29,188800
Project 0688,2026-03-24,Qualified,0.35,2026-11-29,188800
Project 0689,2026-08-24,In Delivery,0.75,2026-04-30,1147000
Project 0689,2026-07-24,In Delivery,0.75,2026-04-30,1147000
Project 0689,2026-06-24,In Delivery,0.75,2026-04-30,1147000
Project 0689,2026-05-24,In Delivery,0.75,2026-04-30,1147000
Project 0689,2026-04-24,In Delivery,0.75,2026-04-30,1147000
Project 0689,2026-03-24,In Delivery,0.75,2026-04-30,1147000
Project 0690,2026-08-24,Closed Won,1.0,2026-03-26,789400
Project 0690,2026-07-24,Closed Won,1.0,2026-03-26,789400
Project 0690,2026-06-24,Closed Won,1.0,2026-03-26,789400
Project 0690,2026-05-24,Closed Won,1.0,2026-03-26,789400
Project 0690,2026-04-24,Closed Won,1.0,2026-03-26,789400
Project 0690,2026-03-24,Closed Won,1.0,2026-03-26,789400
Project 0691,2026-08-24,Closed Won,1.0,2027-02-03,1178800
Project 0691,2026-07-24,Closed Won,1.0,2027-02-03,1178800
Project 0691,2026-06-24,Closed Won,1.0,2027-02-03,1178800
Project 0691,2026-05-24,Closed Won,1.0,2027-02-03,1178800
Project 0691,2026-04-24,Closed Won,1.0,2027-02-03,1178800
Project 0691,2026-03-24,Closed Won,1.0,2027-02-03,1178800
Project 0692,2026-08-24,Prospect,0.15,2025-09-17,432200
Project 0692,2026-07-24,Prospect,0.15,2025-09-17,432200
Project 0692,2026-06-24,Prospect,0.15,2025-09-17,432200
Project 0692,2026-05-24,Prospect,0.15,2025-09-17,432200
Project 0692,2026-04-24,Prospect,0.15,2025-09-17,432200
Project 0692,2026-03-24,Prospect,0.15,2025-09-17,432200
Project 0693,2026-08-24,Prospect,0.15,2026-05-31,1329600
Project 0693,2026-07-24,Prospect,0.15,2026-05-31,1329600
Project 0693,2026-06-24,Prospect,0.15,2026-05-31,1329600
Project 0693,2026-05-24,Prospect,0.15,2026-05-31,1329600
Project 0693,2026-04-24,Prospect,0.15,2026-05-31,1329600
Project 0693,2026-03-24,Prospect,0.15,2026-05-31,1329600
Project 0694,2026-08-24,In Delivery,0.75,2025-04-14,589200
Project 0694,2026-07-24,In Delivery,0.75,2025-04-14,589200
Project 0694,2026-06-24,In Delivery,0.75,2025-04-14,589200
Project 0694,2026-05-24,In Delivery,0.75,2025-04-14,589200
Project 0694,2026-04-24,In Delivery,0.75,2025-04-14,589200
Project 0694,2026-03-24,In Delivery,0.75,2025-04-14,589200
Project 0695,2026-08-24,Prospect,0.15,2027-01-19,1556450
Project 0695,2026-07-24,Prospect,0.15,2027-01-19,1556450
Project 0695,2026-06-24,Prospect,0.15,2027-01-19,1556450
Project 0695,2026-05-24,Prospect,0.15,2027-01-19,1556450
Project 0695,2026-04-24,Prospect,0.15,2027-01-19,1556450
Project 0695,2026-03-24,Prospect,0.15,2027-01-19,1556450
Project 0696,2026-08-24,Prospect,0.15,2025-01-12,713250
Project 0696,2026-07-24,Prospect,0.15,2025-01-12,713250
Project 0696,2026-06-24,Prospect,0.15,2025-01-12,713250
Project 0696,2026-05-24,Prospect,0.15,2025-01-12,713250
Project 0696,2026-04-24,Prospect,0.15,2025-01-12,713250
Project 0696,2026-03-24,Prospect,0.15,2025-01-12,713250
Project 0697,2026-08-24,Qualified,0.35,2026-10-15,519600
Project 0697,2026-07-24,Qualified,0.35,2026-10-15,519600
Project 0697,2026-06-24,Qualified,0.35,2026-10-15,519600
Project 0697,2026-05-24,Qualified,0.35,2026-10-15,519600
Project 0697,2026-04-24,Qualified,0.35,2026-10-15,519600
Project 0697,2026-03-24,Qualified,0.35,2026-10-15,519600
Project 0698,2026-08-24,Prospect,0.15,2025-08-29,220350
Project 0698,2026-07-24,Prospect,0.15,2025-08-29,220350
Project 0698,2026-06-24,Prospect,0.15,2025-08-29,220350
Project 0698,2026-05-24,Prospect,0.15,2025-08-29,220350
Project 0698,2026-04-24,Prospect,0.15,2025-08-29,220350
Project 0698,2026-03-24,Prospect,0.15,2025-08-29,220350
Project 0699,2026-08-24,In Delivery,0.75,2026-05-01,330800
Project 0699,2026-07-24,In Delivery,0.75,2026-05-01,330800
Project 0699,2026-06-24,In Delivery,0.75,2026-05-01,330800
Project 0699,2026-05-24,In Delivery,0.75,2026-05-01,330800
Project 0699,2026-04-24,In Delivery,0.75,2026-05-01,330800
Project 0699,2026-03-24,In Delivery,0.75,2026-05-01,330800
Project 0700,2026-08-24,Qualified,0.35,2027-07-02,469600
Project 0700,2026-07-24,Qualified,0.35,2027-07-02,469600
Project 0700,2026-06-24,Qualified,0.35,2027-07-02,469600
Project 0700,2026-05-24,Qualified,0.35,2027-07-02,469600
Project 0700,2026-04-24,Qualified,0.35,2027-07-02,469600
Project 0700,2026-03-24,Qualified,0.35,2027-07-02,469600
Project 0701,2026-08-24,Qualified,0.35,2026-10-02,347550
Project 0701,2026-07-24,Qualified,0.35,2026-10-02,347550
Project 0701,2026-06-24,Qualified,0.35,2026-10-02,347550
Project 0701,2026-05-24,Qualified,0.35,2026-10-02,347550
Project 0701,2026-04-24,Qualified,0.35,2026-10-02,347550
Project 0701,2026-03-24,Qualified,0.35,2026-10-02,347550
Project 0702,2026-08-24,Closed Won,1.0,2025-12-17,743250
Project 0702,2026-07-24,Closed Won,1.0,2025-12-17,743250
Project 0702,2026-06-24,Closed Won,1.0,2025-12-17,743250
Project 0702,2026-05-24,Closed Won,1.0,2025-12-17,743250
Project 0702,2026-04-24,Closed Won,1.0,2025-12-17,743250
Project 0702,2026-03-24,Closed Won,1.0,2025-12-17,743250
Project 0703,2026-08-24,Closed Won,1.0,2025-10-07,995750
Project 0703,2026-07-24,Closed Won,1.0,2025-10-07,995750
Project 0703,2026-06-24,Closed Won,1.0,2025-10-07,995750
Project 0703,2026-05-24,Closed Won,1.0,2025-10-07,995750
Project 0703,2026-04-24,Closed Won,1.0,2025-10-07,995750
Project 0703,2026-03-24,Closed Won,1.0,2025-10-07,995750
Project 0704,2026-08-24,In Delivery,0.75,2027-04-22,178500
Project 0704,2026-07-24,In Delivery,0.75,2027-04-22,178500
Project 0704,2026-06-24,In Delivery,0.75,2027-04-22,178500
Project 0704,2026-05-24,In Delivery,0.75,2027-04-22,178500
Project 0704,2026-04-24,In Delivery,0.75,2027-04-22,178500
Project 0704,2026-03-24,In Delivery,0.75,2027-04-22,178500
Project 0705,2026-08-24,Prospect,0.15,2026-02-04,599800
Project 0705,2026-07-24,Prospect,0.15,2026-02-04,599800
Project 0705,2026-06-24,Prospect,0.15,2026-02-04,599800
Project 0705,2026-05-24,Prospect,0.15,2026-02-04,599800
Project 0705,2026-04-24,Prospect,0.15,2026-02-04,599800
Project 0705,2026-03-24,Prospect,0.15,2026-02-04,599800
Project 0706,2026-08-24,Closed Won,1.0,2025-06-13,841200
Project 0706,2026-07-24,Closed Won,1.0,2025-06-13,841200
Project 0706,2026-06-24,Closed Won,1.0,2025-06-13,841200
Project 0706,2026-05-24,Closed Won,1.0,2025-06-13,841200
Project 0706,2026-04-24,Closed Won,1.0,2025-06-13,841200
Project 0706,2026-03-24,Closed Won,1.0,2025-06-13,841200
Project 0707,2026-08-24,Prospect,0.15,2026-03-21,383800
Project 0707,2026-07-24,Prospect,0.15,2026-03-21,383800
Project 0707,2026-06-24,Prospect,0.15,2026-03-21,383800
Project 0707,2026-05-24,Prospect,0.15,2026-03-21,383800
Project 0707,2026-04-24,Prospect,0.15,2026-03-21,383800
Project 0707,2026-03-24,Prospect,0.15,2026-03-21,383800
Project 0708,2026-08-24,In Delivery,0.75,2027-03-10,166950
Project 0708,2026-07-24,In Delivery,0.75,2027-03-10,166950
Project 0708,2026-06-24,In Delivery,0.75,2027-03-10,166950
Project 0708,2026-05-24,In Delivery,0.75,2027-03-10,166950
Project 0708,2026-04-24,In Delivery,0.75,2027-03-10,166950
Project 0708,2026-03-24,In Delivery,0.75,2027-03-10,166950
Project 0709,2026-08-24,Qualified,0.35,2027-03-16,705000
Project 0709,2026-07-24,Qualified,0.35,2027-03-16,705000
Project 0709,2026-06-24,Qualified,0.35,2027-03-16,705000
Project 0709,2026-05-24,Qualified,0.35,2027-03-16,705000
Project 0709,2026-04-24,Qualified,0.35,2027-03-16,705000
Project 0709,2026-03-24,Qualified,0.35,2027-03-16,705000
Project 0710,2026-08-24,Closed Won,1.0,2025-08-10,593700
Project 0710,2026-07-24,Closed Won,1.0,2025-08-10,593700
Project 0710,2026-06-24,Closed Won,1.0,2025-08-10,593700
Project 0710,2026-05-24,Closed Won,1.0,2025-08-10,593700
Project 0710,2026-04-24,Closed Won,1.0,2025-08-10,593700
Project 0710,2026-03-24,Closed Won,1.0,2025-08-10,593700
Project 0711,2026-08-24,Closed Won,1.0,2026-05-09,1916400
Project 0711,2026-07-24,Closed Won,1.0,2026-05-09,1916400
Project 0711,2026-06-24,Closed Won,1.0,2026-05-09,1916400
Project 0711,2026-05-24,Closed Won,1.0,2026-05-09,1916400
Project 0711,2026-04-24,Closed Won,1.0,2026-05-09,1916400
Project 0711,2026-03-24,Closed Won,1.0,2026-05-09,1916400
Project 0712,2026-08-24,Prospect,0.15,2025-10-16,94850
Project 0712,2026-07-24,Prospect,0.15,2025-10-16,94850
Project 0712,2026-06-24,Prospect,0.15,2025-10-16,94850
Project 0712,2026-05-24,Prospect,0.15,2025-10-16,94850
Project 0712,2026-04-24,Prospect,0.15,2025-10-16,94850
Project 0712,2026-03-24,Prospect,0.15,2025-10-16,94850
Project 0713,2026-08-24,Qualified,0.35,2026-08-30,303750
Project 0713,2026-07-24,Qualified,0.35,2026-08-30,303750
Project 0713,2026-06-24,Qualified,0.35,2026-08-30,303750
Project 0713,2026-05-24,Qualified,0.35,2026-08-30,303750
Project 0713,2026-04-24,Qualified,0.35,2026-08-30,303750
Project 0713,2026-03-24,Qualified,0.35,2026-08-30,303750
Project 0714,2026-08-24,Prospect,0.15,2026-10-02,90900
Project 0714,2026-07-24,Prospect,0.15,2026-10-02,90900
Project 0714,2026-06-24,Prospect,0.15,2026-10-02,90900
Project 0714,2026-05-24,Prospect,0.15,2026-10-02,90900
Project 0714,2026-04-24,Prospect,0.15,2026-10-02,90900
Project 0714,2026-03-24,Prospect,0.15,2026-10-02,90900
Project 0715,2026-08-24,Prospect,0.15,2026-03-02,241650
Project 0715,2026-07-24,Prospect,0.15,2026-03-02,241650
Project 0715,2026-06-24,Prospect,0.15,2026-03-02,241650
Project 0715,2026-05-24,Prospect,0.15,2026-03-02,241650
Project 0715,2026-04-24,Prospect,0.15,2026-03-02,241650
Project 0715,2026-03-24,Prospect,0.15,2026-03-02,241650
Project 0716,2026-08-24,Qualified,0.35,2025-11-21,1212750
Project 0716,2026-07-24,Qualified,0.35,2025-11-21,1212750
Project 0716,2026-06-24,Qualified,0.35,2025-11-21,1212750
Project 0716,2026-05-24,Qualified,0.35,2025-11-21,1212750
Project 0716,2026-04-24,Qualified,0.35,2025-11-21,1212750
Project 0716,2026-03-24,Qualified,0.35,2025-11-21,1212750
Project 0717,2026-08-24,In Delivery,0.75,2025-04-18,641700
Project 0717,2026-07-24,In Delivery,0.75,2025-04-18,641700
Project 0717,2026-06-24,In Delivery,0.75,2025-04-18,641700
Project 0717,2026-05-24,In Delivery,0.75,2025-04-18,641700
Project 0717,2026-04-24,In Delivery,0.75,2025-04-18,641700
Project 0717,2026-03-24,In Delivery,0.75,2025-04-18,641700
Project 0718,2026-08-24,Qualified,0.35,2026-11-07,899500
Project 0718,2026-07-24,Qualified,0.35,2026-11-07,899500
Project 0718,2026-06-24,Qualified,0.35,2026-11-07,899500
Project 0718,2026-05-24,Qualified,0.35,2026-11-07,899500
Project 0718,2026-04-24,Qualified,0.35,2026-11-07,899500
Project 0718,2026-03-24,Qualified,0.35,2026-11-07,899500
Project 0719,2026-08-24,In Delivery,0.75,2026-03-13,540400
Project 0719,2026-07-24,In Delivery,0.75,2026-03-13,540400
Project 0719,2026-06-24,In Delivery,0.75,2026-03-13,540400
Project 0719,2026-05-24,In Delivery,0.75,2026-03-13,540400
Project 0719,2026-04-24,In Delivery,0.75,2026-03-13,540400
Project 0719,2026-03-24,In Delivery,0.75,2026-03-13,540400
Project 0720,2026-08-24,Prospect,0.15,2026-09-06,944800
Project 0720,2026-07-24,Prospect,0.15,2026-09-06,944800
Project 0720,2026-06-24,Prospect,0.15,2026-09-06,944800
Project 0720,2026-05-24,Prospect,0.15,2026-09-06,944800
Project 0720,2026-04-24,Prospect,0.15,2026-09-06,944800
Project 0720,2026-03-24,Prospect,0.15,2026-09-06,944800
Project 0721,2026-08-24,Prospect,0.15,2026-12-04,1107750
Project 0721,2026-07-24,Prospect,0.15,2026-12-04,1107750
Project 0721,2026-06-24,Prospect,0.15,2026-12-04,1107750
Project 0721,2026-05-24,Prospect,0.15,2026-12-04,1107750
Project 0721,2026-04-24,Prospect,0.15,2026-12-04,1107750
Project 0721,2026-03-24,Prospect,0.15,2026-12-04,1107750
Project 0722,2026-08-24,Closed Won,1.0,2026-01-28,1132500
Project 0722,2026-07-24,Closed Won,1.0,2026-01-28,1132500
Project 0722,2026-06-24,Closed Won,1.0,2026-01-28,1132500
Project 0722,2026-05-24,Closed Won,1.0,2026-01-28,1132500
Project 0722,2026-04-24,Closed Won,1.0,2026-01-28,1132500
Project 0722,2026-03-24,Closed Won,1.0,2026-01-28,1132500
Project 0723,2026-08-24,Prospect,0.15,2026-11-16,700200
Project 0723,2026-07-24,Prospect,0.15,2026-11-16,700200
Project 0723,2026-06-24,Prospect,0.15,2026-11-16,700200
Project 0723,2026-05-24,Prospect,0.15,2026-11-16,700200
Project 0723,2026-04-24,Prospect,0.15,2026-11-16,700200
Project 0723,2026-03-24,Prospect,0.15,2026-11-16,700200
Project 0724,2026-08-24,Closed Won,1.0,2026-03-09,1018500
Project 0724,2026-07-24,Closed Won,1.0,2026-03-09,1018500
Project 0724,2026-06-24,Closed Won,1.0,2026-03-09,1018500
Project 0724,2026-05-24,Closed Won,1.0,2026-03-09,1018500
Project 0724,2026-04-24,Closed Won,1.0,2026-03-09,1018500
Project 0724,2026-03-24,Closed Won,1.0,2026-03-09,1018500
Project 0725,2026-08-24,Closed Won,1.0,2027-02-25,97400
Project 0725,2026-07-24,Closed Won,1.0,2027-02-25,97400
Project 0725,2026-06-24,Closed Won,1.0,2027-02-25,97400
Project 0725,2026-05-24,Closed Won,1.0,2027-02-25,97400
Project 0725,2026-04-24,Closed Won,1.0,2027-02-25,97400
Project 0725,2026-03-24,Closed Won,1.0,2027-02-25,97400
Project 0726,2026-08-24,In Delivery,0.75,2026-03-31,392800
Project 0726,2026-07-24,In Delivery,0.75,2026-03-31,392800
Project 0726,2026-06-24,In Delivery,0.75,2026-03-31,392800
Project 0726,2026-05-24,In Delivery,0.75,2026-03-31,392800
Project 0726,2026-04-24,In Delivery,0.75,2026-03-31,392800
Project 0726,2026-03-24,In Delivery,0.75,2026-03-31,392800
Project 0727,2026-08-24,Closed Won,1.0,2026-04-04,251250
Project 0727,2026-07-24,Closed Won,1.0,2026-04-04,251250
Project 0727,2026-06-24,Closed Won,1.0,2026-04-04,251250
Project 0727,2026-05-24,Closed Won,1.0,2026-04-04,251250
Project 0727,2026-04-24,Closed Won,1.0,2026-04-04,251250
Project 0727,2026-03-24,Closed Won,1.0,2026-04-04,251250
Project 0728,2026-08-24,Closed Won,1.0,2025-08-10,1700400
Project 0728,2026-07-24,Closed Won,1.0,2025-08-10,1700400
Project 0728,2026-06-24,Closed Won,1.0,2025-08-10,1700400
Project 0728,2026-05-24,Closed Won,1.0,2025-08-10,1700400
Project 0728,2026-04-24,Closed Won,1.0,2025-08-10,1700400
Project 0728,2026-03-24,Closed Won,1.0,2025-08-10,1700400
Project 0729,2026-08-24,In Delivery,0.75,2026-12-04,208000
Project 0729,2026-07-24,In Delivery,0.75,2026-12-04,208000
Project 0729,2026-06-24,In Delivery,0.75,2026-12-04,208000
Project 0729,2026-05-24,In Delivery,0.75,2026-12-04,208000
Project 0729,2026-04-24,In Delivery,0.75,2026-12-04,208000
Project 0729,2026-03-24,In Delivery,0.75,2026-12-04,208000
Project 0730,2026-08-24,Qualified,0.35,2026-11-03,648750
Project 0730,2026-07-24,Qualified,0.35,2026-11-03,648750
Project 0730,2026-06-24,Qualified,0.35,2026-11-03,648750
Project 0730,2026-05-24,Qualified,0.35,2026-11-03,648750
Project 0730,2026-04-24,Qualified,0.35,2026-11-03,648750
Project 0730,2026-03-24,Qualified,0.35,2026-11-03,648750
Project 0731,2026-08-24,Closed Won,1.0,2026-03-17,486400
Project 0731,2026-07-24,Closed Won,1.0,2026-03-17,486400
Project 0731,2026-06-24,Closed Won,1.0,2026-03-17,486400
Project 0731,2026-05-24,Closed Won,1.0,2026-03-17,486400
Project 0731,2026-04-24,Closed Won,1.0,2026-03-17,486400
Project 0731,2026-03-24,Closed Won,1.0,2026-03-17,486400
Project 0732,2026-08-24,In Delivery,0.75,2026-07-27,63000
Project 0732,2026-07-24,In Delivery,0.75,2026-07-27,63000
Project 0732,2026-06-24,In Delivery,0.75,2026-07-27,63000
Project 0732,2026-05-24,In Delivery,0.75,2026-07-27,63000
Project 0732,2026-04-24,In Delivery,0.75,2026-07-27,63000
Project 0732,2026-03-24,In Delivery,0.75,2026-07-27,63000
Project 0733,2026-08-24,Closed Won,1.0,2025-10-04,472500
Project 0733,2026-07-24,Closed Won,1.0,2025-10-04,472500
Project 0733,2026-06-24,Closed Won,1.0,2025-10-04,472500
Project 0733,2026-05-24,Closed Won,1.0,2025-10-04,472500
Project 0733,2026-04-24,Closed Won,1.0,2025-10-04,472500
Project 0733,2026-03-24,Closed Won,1.0,2025-10-04,472500
Project 0734,2026-08-24,Qualified,0.35,2026-10-25,816500
Project 0734,2026-07-24,Qualified,0.35,2026-10-25,816500
Project 0734,2026-06-24,Qualified,0.35,2026-10-25,816500
Project 0734,2026-05-24,Qualified,0.35,2026-10-25,816500
Project 0734,2026-04-24,Qualified,0.35,2026-10-25,816500
Project 0734,2026-03-24,Qualified,0.35,2026-10-25,816500
Project 0735,2026-08-24,Prospect,0.15,2026-06-20,832400
Project 0735,2026-07-24,Prospect,0.15,2026-06-20,832400
Project 0735,2026-06-24,Prospect,0.15,2026-06-20,832400
Project 0735,2026-05-24,Prospect,0.15,2026-06-20,832400
Project 0735,2026-04-24,Prospect,0.15,2026-06-20,832400
Project 0735,2026-03-24,Prospect,0.15,2026-06-20,832400
Project 0736,2026-08-24,In Delivery,0.75,2025-10-29,466800
Project 0736,2026-07-24,In Delivery,0.75,2025-10-29,466800
Project 0736,2026-06-24,In Delivery,0.75,2025-10-29,466800
Project 0736,2026-05-24,In Delivery,0.75,2025-10-29,466800
Project 0736,2026-04-24,In Delivery,0.75,2025-10-29,466800
Project 0736,2026-03-24,In Delivery,0.75,2025-10-29,466800
Project 0737,2026-08-24,Closed Won,1.0,2025-04-08,840800
Project 0737,2026-07-24,Closed Won,1.0,2025-04-08,840800
Project 0737,2026-06-24,Closed Won,1.0,2025-04-08,840800
Project 0737,2026-05-24,Closed Won,1.0,2025-04-08,840800
Project 0737,2026-04-24,Closed Won,1.0,2025-04-08,840800
Project 0737,2026-03-24,Closed Won,1.0,2025-04-08,840800
Project 0738,2026-08-24,Prospect,0.15,2026-07-31,682200
Project 0738,2026-07-24,Prospect,0.15,2026-07-31,682200
Project 0738,2026-06-24,Prospect,0.15,2026-07-31,682200
Project 0738,2026-05-24,Prospect,0.15,2026-07-31,682200
Project 0738,2026-04-24,Prospect,0.15,2026-07-31,682200
Project 0738,2026-03-24,Prospect,0.15,2026-07-31,682200
Project 0739,2026-08-24,Prospect,0.15,2025-07-25,915300
Project 0739,2026-07-24,Prospect,0.15,2025-07-25,915300
Project 0739,2026-06-24,Prospect,0.15,2025-07-25,915300
Project 0739,2026-05-24,Prospect,0.15,2025-07-25,915300
Project 0739,2026-04-24,Prospect,0.15,2025-07-25,915300
Project 0739,2026-03-24,Prospect,0.15,2025-07-25,915300
Project 0740,2026-08-24,Prospect,0.15,2026-08-28,409150
Project 0740,2026-07-24,Prospect,0.15,2026-08-28,409150
Project 0740,2026-06-24,Prospect,0.15,2026-08-28,409150
Project 0740,2026-05-24,Prospect,0.15,2026-08-28,409150
Project 0740,2026-04-24,Prospect,0.15,2026-08-28,409150
Project 0740,2026-03-24,Prospect,0.15,2026-08-28,409150
Project 0741,2026-08-24,Qualified,0.35,2026-05-15,1809200
Project 0741,2026-07-24,Qualified,0.35,2026-05-15,1809200
Project 0741,2026-06-24,Qualified,0.35,2026-05-15,1809200
Project 0741,2026-05-24,Qualified,0.35,2026-05-15,1809200
Project 0741,2026-04-24,Qualified,0.35,2026-05-15,1809200
Project 0741,2026-03-24,Qualified,0.35,2026-05-15,1809200
Project 0742,2026-08-24,Qualified,0.35,2026-06-08,682200
Project 0742,2026-07-24,Qualified,0.35,2026-06-08,682200
Project 0742,2026-06-24,Qualified,0.35,2026-06-08,682200
Project 0742,2026-05-24,Qualified,0.35,2026-06-08,682200
Project 0742,2026-04-24,Qualified,0.35,2026-06-08,682200
Project 0742,2026-03-24,Qualified,0.35,2026-06-08,682200
Project 0743,2026-08-24,Qualified,0.35,2026-12-10,1667600
Project 0743,2026-07-24,Qualified,0.35,2026-12-10,1667600
Project 0743,2026-06-24,Qualified,0.35,2026-12-10,1667600
Project 0743,2026-05-24,Qualified,0.35,2026-12-10,1667600
Project 0743,2026-04-24,Qualified,0.35,2026-12-10,1667600
Project 0743,2026-03-24,Qualified,0.35,2026-12-10,1667600
Project 0744,2026-08-24,Closed Won,1.0,2025-08-12,61000
Project 0744,2026-07-24,Closed Won,1.0,2025-08-12,61000
Project 0744,2026-06-24,Closed Won,1.0,2025-08-12,61000
Project 0744,2026-05-24,Closed Won,1.0,2025-08-12,61000
Project 0744,2026-04-24,Closed Won,1.0,2025-08-12,61000
Project 0744,2026-03-24,Closed Won,1.0,2025-08-12,61000
Project 0745,2026-08-24,In Delivery,0.75,2026-06-09,834300
Project 0745,2026-07-24,In Delivery,0.75,2026-06-09,834300
Project 0745,2026-06-24,In Delivery,0.75,2026-06-09,834300
Project 0745,2026-05-24,In Delivery,0.75,2026-06-09,834300
Project 0745,2026-04-24,In Delivery,0.75,2026-06-09,834300
Project 0745,2026-03-24,In Delivery,0.75,2026-06-09,834300
Project 0746,2026-08-24,Qualified,0.35,2026-06-06,540900
Project 0746,2026-07-24,Qualified,0.35,2026-06-06,540900
Project 0746,2026-06-24,Qualified,0.35,2026-06-06,540900
Project 0746,2026-05-24,Qualified,0.35,2026-06-06,540900
Project 0746,2026-04-24,Qualified,0.35,2026-06-06,540900
Project 0746,2026-03-24,Qualified,0.35,2026-06-06,540900
Project 0747,2026-08-24,Qualified,0.35,2025-08-27,446000
Project 0747,2026-07-24,Qualified,0.35,2025-08-27,446000
Project 0747,2026-06-24,Qualified,0.35,2025-08-27,446000
Project 0747,2026-05-24,Qualified,0.35,2025-08-27,446000
Project 0747,2026-04-24,Qualified,0.35,2025-08-27,446000
Project 0747,2026-03-24,Qualified,0.35,2025-08-27,446000
Project 0748,2026-08-24,Prospect,0.15,2026-01-05,714200
Project 0748,2026-07-24,Prospect,0.15,2026-01-05,714200
Project 0748,2026-06-24,Prospect,0.15,2026-01-05,714200
Project 0748,2026-05-24,Prospect,0.15,2026-01-05,714200
Project 0748,2026-04-24,Prospect,0.15,2026-01-05,714200
Project 0748,2026-03-24,Prospect,0.15,2026-01-05,714200
Project 0749,2026-08-24,In Delivery,0.75,2025-11-26,1218750
Project 0749,2026-07-24,In Delivery,0.75,2025-11-26,1218750
Project 0749,2026-06-24,In Delivery,0.75,2025-11-26,1218750
Project 0749,2026-05-24,In Delivery,0.75,2025-11-26,1218750
Project 0749,2026-04-24,In Delivery,0.75,2025-11-26,1218750
Project 0749,2026-03-24,In Delivery,0.75,2025-11-26,1218750
Project 0750,2026-08-24,In Delivery,0.75,2025-08-23,665500
Project 0750,2026-07-24,In Delivery,0.75,2025-08-23,665500
Project 0750,2026-06-24,In Delivery,0.75,2025-08-23,665500
Project 0750,2026-05-24,In Delivery,0.75,2025-08-23,665500
Project 0750,2026-04-24,In Delivery,0.75,2025-08-23,665500
Project 0750,2026-03-24,In Delivery,0.75,2025-08-23,665500
